inverse_volatility,minimum_variance,minimum_variance_oas
5.9359233247048803e-05,-0.0001854520299145661,-0.0004432667644414808
0.00012887148544662536,-3.2496309956823414e-05,-0.00018758232026142485
3.789001807906817e-05,0.00018793354504810343,4.139712009434087e-05
7.332246021094952e-05,-0.00023952608753838864,-0.00045305851561219064
-2.725055895701217e-05,-0.0008659035417064508,-0.0011504933937964848
3.39044028214733e-05,-0.0001464957487604498,-0.00025516457877011625
0.00011596093153146475,0.0002656941918686346,3.5319758678446474e-05
0.00012074552187529371,0.0001781261885372813,-5.642062713484307e-05
0.00018134080360283341,0.0010063910881056473,0.0007378584411160258
-4.478297598247116e-05,-0.00027250134638197494,-0.0005768821964312935
5.1602657559773516e-05,-0.0005757525587422824,-0.0006591421762806775
0.0001297451366251527,0.00029761970273531997,7.451026207778015e-05
1.4383106684159175e-05,-0.0004171668175786916,-0.0006077240362363989
-1.0322849072202223e-05,0.00023304147033418782,7.240235084511194e-05
1.300771754441201e-05,-0.0004346647828791665,-0.0006660434017057438
-7.241610910474459e-05,-0.0005126533899487431,-0.0005349273478353191
-4.4108804446201986e-05,-0.0003289946983502759,-0.0006161682478973141
7.37426111702436e-05,-0.0005796243041852515,-0.0008092887690085025
0.00015911770427421798,-0.00021907255607436018,-0.0005390676417761681
4.6759404292696845e-05,-0.0005736364604990601,-0.0006744956641869768
-5.1631272638412884e-06,-0.0007838064495619671,-0.0008507242161138134
-0.0001178041290608084,-0.00033832508606358047,-0.0004487478895970041
-0.0002005021670159563,-0.0007636946134945144,-0.0008639127395088132
-7.901075592967152e-06,-0.0003029653841751488,-0.0005257629603069294
0.00010459027016986933,-0.0007460472104339625,-0.0009951942470281722
-9.709986626746814e-05,-0.0005238083751238128,-0.0005814233619928483
0.0002255824210132103,0.000259191310953855,-0.00011975617244655137
6.808548852940113e-05,0.00017417293564759315,-5.011610247851301e-05
9.567705893002935e-05,-0.00017110967640524143,-0.0003798189143917283
-3.5665329646426304e-05,-0.0004776598502984894,-0.0006720518007285157
7.239540141296111e-05,6.670271204748995e-05,-0.00014071335288825718
0.00019324616250139897,1.7377728050026604e-05,-0.00019816591093698007
-7.57383755955668e-06,-0.00023111602775534556,-0.0002579060660887558
6.0858473807229784e-05,-0.00010108767610600333,-0.00019777871234905907
-0.00011010151311224576,9.66303979128832e-05,-8.332320840587681e-05
0.0001682950460340579,0.0003000381550673809,0.00020186872930953956
-1.4586354283767388e-05,-0.0002959446374356448,-0.00044811562692039956
3.2491363793149953e-06,-0.00027117359067422436,-0.000375103744027356
4.2208292769068035e-05,-9.891726937845418e-05,-0.00036498773192492496
-9.177216249766553e-05,-4.960183077703571e-05,-0.0002576037796776311
7.021718096567677e-05,-0.0007287220443881547,-0.0009702108658226857
4.51187901504583e-05,0.0001039096459416664,-2.030735074823576e-05
2.8822495490851287e-05,-0.00013498214204677017,-0.0003274945665817294
-0.00017462316143739335,-0.0006773787183091236,-0.0007161510129929165
5.543208502790852e-05,-0.00016183071774050894,-0.00022847826928553268
8.871182612181586e-05,0.00024441048109081316,-2.4568249891155985e-05
8.527857294802363e-05,0.00036305859628151687,0.0001717821645098953
0.00012181520236887347,1.0842640872209416e-05,-0.00014152625217409478
0.00012287396067858582,0.00019815725340244632,3.678272200689127e-05
-4.071663437833745e-06,-0.0002793652020964409,-0.00036769052374940875
-1.9940713692255334e-05,-0.0007346922969094671,-0.001049167079643428
8.638183624580655e-05,-0.0005683712397009072,-0.0007866637790040662
0.00012257176228347053,0.00018109122052865846,-3.999748599003281e-05
8.013871895619247e-05,0.00026858479613240115,0.00022216313734038713
2.8282853800615872e-05,-0.00016899800335987034,-0.0005717544908543644
-0.00011384509539659113,-0.000772642684160634,-0.0007973352114039188
3.207638523636608e-05,-0.00036159839520724207,-0.0004986015847739229
-6.509736754589792e-06,0.00034580878572970295,0.000150295673399923
1.5865840727903194e-05,-7.837870125893136e-05,-9.730374081326596e-05
0.0002088441615196813,-5.470005939939003e-05,-0.00033039222907779633
-9.02889764319435e-06,-0.00026661728729193186,-0.00029417079507191126
7.306122485905778e-06,-0.00011455509677669998,-0.00018105717839163305
7.312724238458241e-05,4.8034045329978155e-05,-7.562804357818097e-05
-2.8081942822717255e-06,-0.0002542269858478399,-0.0005160326243423914
8.130347862158336e-05,0.0002824911784030602,0.00013424311231621724
6.025881714763048e-07,0.00024973731156645415,0.00019284083593527944
-1.792941784567757e-06,-0.0001664795970753991,-0.0003101645341626033
-3.368030417196327e-05,-0.000940087779030483,-0.0010258650413661353
4.969136154161939e-05,-0.00011915388680706097,-0.0002369318007403936
7.838373624849025e-07,-0.0007026869787917821,-0.0009327146229680882
-2.2790747873085526e-05,-0.00013939401532855016,-0.00021337375466187096
8.78172286455211e-05,-0.00022072306534804464,-0.000511690719341598
3.746300922327585e-05,-0.00022692905299378862,-0.00029392734092149045
5.301727097401903e-05,0.00043809946676307725,0.00022531028074322795
-4.596637758997617e-05,-0.0007924559203558923,-0.0009423093474797207
-3.2558894947374504e-05,-5.983536816800715e-05,-0.0004820491422246223
-4.122814005919518e-05,-0.00028410107225420575,-0.0004239263522254619
6.37560139232305e-05,-0.0005321079961023037,-0.000574140870716746
0.00014194072339563722,0.0002875701606531956,0.00012063886269871586
4.9338667238605426e-05,-0.0004927120677043894,-0.0005737538273018749
-1.5893774930857688e-05,-0.0005482892217446148,-0.0005860490017245274
2.5746574244840502e-05,-0.0004780939657418943,-0.0006934475298486399
4.5570018123768015e-05,0.0002965098327258771,0.0001151793009481216
0.00010130232217878224,0.0002601016386541084,0.0001608648555397432
7.311392516716887e-05,-0.00040554437754972437,-0.0005221751206722014
-8.738535056153284e-05,-0.000671721601787209,-0.0007616444129441442
-1.698937884434974e-06,5.808456929229879e-05,-0.00014922011547392443
0.00016211816735364605,0.00029272789874146456,-0.00010313978446401545
-3.667557957300486e-05,-0.00041297023835960264,-0.0006537946867014604
8.911200841341913e-05,3.1852094764438476e-05,-0.00027387424186176164
3.758073418280833e-05,-0.0009256056685772812,-0.000964345224548588
0.0002267888921251695,-1.4629463778697492e-05,-0.00020989111840106323
0.0001599405022606272,0.0003408044042662896,0.0001728945267577199
0.00016758620731280972,0.0007827797863512354,0.0005158349122739052
-4.5584719636045595e-05,-0.0004466056356466953,-0.00046250095577012284
4.7437024931533536e-05,-0.00038631857115038157,-0.00045295822232381306
8.31132819863823e-05,0.00020940464125876408,2.4371522336000842e-05
-5.036768131137627e-05,-0.00011376392664115445,-0.00020717795610265255
0.00013673044433033408,0.0002844869558058206,-0.0001362341753898887
-3.312540173577199e-05,-0.00014018800412502863,-0.000426331737206842
8.2425607698732e-05,-0.0010394629791547687,-0.0010262842860131267
1.0772937594108592e-05,-0.00014049374931688816,-0.0003771820146710546
-3.121166581109897e-05,-0.000226819081284712,-0.0002457056850576481
3.152702142308935e-05,-0.0009599369199863614,-0.0011210772108535395
0.00012852991671261787,0.0004929607327127847,0.0001562374514783932
6.484796622881173e-05,0.00015483324736142315,4.3522639932445624e-05
0.00017286344486672044,0.0005559469403712244,0.0003525452332299677
0.00011058601774195817,-3.3111049167267454e-05,-0.00021598669427701895
-1.0824456530438768e-05,-0.0003095474516414385,-0.00048779542248830895
4.487759101780132e-05,-0.00016456523342036524,-0.00035209579454395414
0.00013271901749458727,-1.5204263452393851e-06,-0.0002511436235306647
0.00014899371174223092,-0.0005638736338566325,-0.0008652364091024988
1.8575677784150776e-05,-0.0003327265901858892,-0.0004508661091266647
3.113011709041016e-05,-0.0002432601420975122,-0.0003620465548709208
-9.917312557264853e-05,-0.000736049875175918,-0.0009096899316675235
0.00010068649575319241,-0.00016980637563799003,-0.00039522084655415745
0.00010132902077993123,-0.00017469398447139057,-0.00034820872112821023
8.208337612107308e-05,9.40430033376971e-05,-6.551619351143667e-05
-9.375043858779857e-05,0.00011487613529608404,-0.0001724314162532517
9.891928355565226e-05,-0.00024866212079606453,-0.00046074216436003653
7.387331974036923e-05,-0.0007749033183900723,-0.0008409978173333845
7.340117170527384e-05,0.00014235471536606258,-1.814294350956509e-05
-6.350660760747048e-05,-0.0006500770222679543,-0.0006884577567437807
4.2935701526643845e-05,1.8617252025978986e-06,-0.00021588083044449672
8.216987694063886e-05,-0.00014916848425039226,-0.0004082223513808882
0.00013869403635400485,-0.0003074886416757735,-0.00043473559129367126
0.0002505116708760831,0.000865619088611017,0.0005292899834708732
0.0001451224606149818,0.0004342725495561077,0.00021149804020629965
0.00011656738997480089,-0.0002539195934959187,-0.0005243886743043363
0.0001736170270436463,0.0005211581394003963,0.0003853780158318623
0.00010914488326777135,0.0004728446446218838,0.00014057449369442947
7.744754803636909e-05,0.000623289172499759,0.0003173904480238494
0.00010232807455117906,0.0004447490171616733,0.0002676554753824758
2.3667537811987506e-05,-4.427624876850538e-05,-0.00012568030320579893
-4.243687845580434e-05,-3.174908267499085e-05,-0.00013570829496260253
8.353038662261868e-05,-0.00045207587919533,-0.0005200068865488919
6.283323974569496e-06,0.0005134580532136343,0.00033086355988904353
5.909206157703078e-05,0.00011532979923938686,1.968168976404814e-05
0.0001023347439098484,-1.5011313784184124e-05,-0.00013646316585798614
4.3982056208132184e-05,-0.0006704588099817918,-0.0007584709504227106
9.866946390452654e-05,-1.889256053619253e-05,-0.00021199193657888728
0.00012091239255295299,7.775743715763515e-05,-0.0001386801023852948
-1.912690029548845e-06,-0.000937236220918949,-0.0009201668811456737
-5.276809248488205e-05,-0.0003231366443180956,-0.0005135511703480945
-1.4791763958007967e-05,0.0003240868727738135,0.00022315087173274543
-1.3124495056170325e-05,0.0006338605930235925,0.00046895254881908205
0.0001015302865374674,0.000769885285372565,0.0005702761664373895
-8.240888058004501e-05,-3.904158337875247e-05,-0.0003375634835104001
1.697626467002904e-05,6.000736824539354e-06,-0.00013535623909525433
2.4708700542228496e-05,0.000292755037604323,9.265362390097702e-05
6.285326266043575e-05,-0.0001294227929969839,-0.0002458262278178777
2.9025278766525584e-05,0.00013662917477582213,-0.00018662272934521584
-3.859477082648351e-05,-0.00022238928996014227,-0.00041596764743382546
-2.6400834807366617e-06,0.00046823567109448316,0.0002805135152377547
0.0001295926354116092,0.00022053744386537182,-8.016443594617789e-05
7.119322940495936e-05,0.00037383500891586917,0.0001492757620544193
4.401899535417237e-05,0.0002931406270192743,9.753608946935666e-05
1.3635203339802042e-05,-0.00019146845916619221,-0.0003472589478151101
1.9718307375888553e-05,-4.554579054001339e-05,-0.0001197405001197659
6.422224441827662e-05,0.00045276657006741066,0.0003072177597569576
-1.2440099762675818e-05,-6.703433519887424e-05,-0.00012734056502350784
-2.1487499634294217e-05,-0.00044812087769430996,-0.0005825770515785153
-5.317964839357252e-05,6.098666114812953e-05,-0.00013023546001069395
-0.00015753559734077422,-0.001192756266665068,-0.0013323976851616524
-0.00011108532886083911,-0.00012368761123857447,-0.00023822102108778088
4.459979253226663e-06,-0.00022206126639726684,-0.0003235524416713366
0.00012622830193441512,0.00031191607429392006,0.00014743484765398864
3.3798404033915405e-05,-0.0006502173746896645,-0.000715006345347136
0.00010535018543330794,0.0001762399515248685,8.152006158927236e-05
0.0001248222684031685,-0.0001456913772099533,-0.0003699163412371161
8.782503907912907e-05,-0.00017205791229914192,-0.00038801852102261894
5.357957440924049e-05,-0.00016215776506666547,-0.0004925367371139208
-9.017793519277797e-05,-0.000661498796209724,-0.0007787301384128778
-1.9510644993714696e-06,-2.7045416823875e-05,-0.00012378996808640015
7.884102927369134e-05,-0.00012887715185726478,-0.0003891877538619086
4.610821560073773e-05,9.53351766032262e-05,-0.00010299908073025581
8.838309781717451e-05,-0.0002025000904937329,-0.0003835536584001606
0.00014299704738556646,0.0001290682444486444,4.404049856342525e-05
7.362596473913285e-05,-2.0027624579045916e-06,-8.139859478567066e-05
0.0001696066404463464,0.0008149428017307796,0.0005076052191818776
9.925698212942267e-05,0.00044599331985451126,0.0001960063213523128
0.00011931886780650801,0.0005759632771067592,0.0003202980917343629
0.00017668300659798078,-0.00028273054512847044,-0.0004083898674617319
5.949884449311585e-05,-0.00011927997046788378,-0.0003451637662021963
6.208088506446768e-05,0.0006869915986810907,0.0003758137934658854
-7.025802759193586e-06,-0.00032989065964182185,-0.0004891408208452053
-8.801039953187229e-06,9.119107505740857e-05,-6.0244598092395476e-05
3.7948678623991904e-05,0.00025883068885730295,9.072033493457993e-05
7.372593197739594e-05,0.0002773989559783253,0.00015256707974010836
-7.58409363404209e-05,-0.0003821511384370789,-0.0004645744651764937
5.868863005503777e-05,0.0001200772014460558,-5.0398084619451624e-05
-2.631366184643179e-05,7.11627665759681e-05,-8.654943416024506e-05
-4.107861868645645e-05,-0.0006578484683656059,-0.0008141391278787737
1.5144848704082384e-05,-0.0004224780601905909,-0.0005939987909643901
4.428280350481136e-05,0.00016671489261148477,-0.00013418730400321656
8.553922751469833e-05,0.000546219155984349,0.00025057496371387665
8.414757922585157e-05,0.0002297167040581284,-4.872874748823594e-05
5.3393945382224106e-05,0.00031663260821692774,3.1968004364083886e-05
0.0001667273564349154,0.0006372909389598235,0.000494964012611912
5.986878744392772e-05,-0.0002352405736559204,-0.0004374344022333354
9.441721344092188e-05,6.964421076546693e-05,-0.00010636824667870337
5.485674420662668e-05,0.00035013848051513246,0.00018263759052032066
7.702625467582999e-05,-0.00028208089671315684,-0.00032338507511591255
-0.00011937714153626298,-0.0004572075627571021,-0.0005456565084205208
-9.084127051862476e-06,-0.00027832085578552223,-0.00032560898635650994
0.00012767276234576446,0.0006464998131610107,0.0002034022953030234
1.905212604200022e-05,8.392705828859178e-05,-0.00017920940925733725
-3.928364206864319e-05,-0.0006277885248830263,-0.000673424637950979
5.06599794638739e-05,-0.00011608098435021488,-0.00029363995873625374
0.00013180743298275453,0.0002839112339562002,7.550527167413542e-05
-2.653969748350472e-05,-0.00019915594250574718,-0.0003860243488190584
-6.424362744502992e-06,-1.54935927633573e-05,-9.013298849492731e-05
1.642915927329837e-05,-0.0007925409772779865,-0.0009713742395957636
5.437364013968696e-05,0.0003668698181922839,0.00020288153712052264
-6.427758425415838e-05,-0.0006213906643958773,-0.0007111685410277427
0.00010850335883434459,0.0003502264511746231,0.00020464352638944073
0.00011379739981808422,0.0002641561044802649,0.00016234199774187058
0.00010547244528082118,-1.7206540224849553e-05,-0.00023971500677776687
9.76870203186072e-05,0.00042742015428284374,0.00012400003875402544
9.447507748626168e-05,0.00023354820758934096,9.844103764225252e-05
0.00010810879893918891,-0.00034249363246700984,-0.0007231997482453802
-8.074114781827949e-05,-0.0007931365059080389,-0.0008520034970725961
-5.03071726757979e-05,-0.0002441422761875984,-0.0002781009884599225
3.717514113327657e-05,-3.104730275669668e-05,-0.00011949105113010155
7.368690734165331e-05,-1.9365837084345093e-05,-0.0002093513480116326
-7.960693045606088e-05,-0.0004477177921138637,-0.0006497696278369915
1.0803640998083129e-05,-0.00031543999268821276,-0.0004360228985566965
5.48588869346527e-05,-0.0008226632699705989,-0.0009751017692504889
-3.312028350171178e-05,-0.0007448888575643626,-0.0009569527290565095
7.989460503158143e-05,9.46789257307754e-05,-0.00011974393229792233
0.00011726719950992044,0.00032055607900617985,0.00011438346456149742
4.033872950709501e-05,0.00028785532913863925,5.15398247952597e-05
2.6643435415817167e-05,-0.000370874613101509,-0.0005055224984728732
8.404856724911376e-05,0.0005971074528396844,0.0003613181943842854
4.8509351469004744e-05,-0.00010193933117395682,-0.00020769407839000263
3.6526442604887307e-05,0.00023038162098669923,9.194361126079473e-06
8.744908141685126e-06,-0.00024765058925376197,-0.0003811096093705298
3.074198466748788e-05,-8.166946929935318e-05,-0.0001560911942202176
4.071335403355112e-05,-0.00016381601062824563,-0.000238535732326186
0.0001873689438815928,-0.0002716824667688592,-0.000529440540154106
-8.601741053719807e-07,-0.0003354678107526643,-0.00039688791899456996
0.00014258592698021446,5.247973599399871e-05,-0.00034620584193867154
7.472201695311452e-05,0.00010865607523894935,-8.464996485406091e-06
-5.602969492697626e-05,-0.0001415234577513103,-0.00019934294151357425
0.00016139763734452243,-0.00032912478505926524,-0.00045558271731421275
0.00011503135881979877,5.8200337606531386e-05,-0.0002358492432828602
7.2353207238614985e-06,-0.00048722095937260915,-0.0006619069004748458
-7.641949347525685e-06,-0.0002893215061637027,-0.0004451717931244017
9.22899555109432e-05,0.0005787784266287006,0.00039747613954880005
0.00013791591038124097,-5.566828820344582e-05,-0.000218955558296339
4.8799431899607094e-05,-0.00046138201442945463,-0.0005442757735904925
0.00012986317153066787,-7.964854280663694e-05,-0.0001626252332573736
3.2714640785801955e-05,-1.6139262173487485e-06,-0.0002545253693660235
-2.0461931583375646e-06,7.28810532592027e-05,-0.00014782622658388066
-3.6466561181786695e-05,-0.00042703721788761427,-0.00048406271225727866
-2.3011404725076207e-05,-9.424518559090461e-05,-0.0002716269121765205
-6.787046773544064e-05,-0.00046380512531283766,-0.0004943530825670342
7.88985405182578e-05,-0.0016083205001488326,-0.001741214859952693
4.645570417812671e-05,0.000532263849680016,0.0003848510083656607
-3.51168431629958e-05,-0.0005491571443408448,-0.0006270658249041443
0.00011171154830303643,0.00018789295920092225,4.4070747360754734e-05
-1.5542336153431027e-05,8.671612421240821e-05,-9.745996725346535e-05
0.00014116327311295096,-0.00038585406556906465,-0.0006952367589875641
0.00011631381248139515,-0.0002592283806658828,-0.0004895723916728277
9.974674661459312e-05,-4.144871524414188e-05,-0.00021071892340229146
1.2231424946947123e-05,-0.0008921676096385308,-0.001087705488598264
2.5857894675629825e-05,-0.0003160243255865374,-0.00043812455658370314
-8.769123011949948e-05,-0.00021714990365571626,-0.0003048085536833809
-0.00011094376669386506,-0.0005858354398618872,-0.0007232468267285733
0.00011595087802717543,0.00015007934189317372,1.588637250757385e-05
0.00013133554819832943,0.0006648279084139844,0.0003855174075906778
3.5040453865218103e-06,-0.0006174157481738829,-0.0007471749065203269
0.00011784344454324005,0.0008204831554941076,0.0005354334461454674
4.853227560953273e-05,-0.0006258670702382258,-0.0006949043863344719
7.90853931387556e-05,-0.0006768378509760094,-0.0007857760097403168
-1.330915584553223e-05,-0.0005296814418139484,-0.0006143803909374757
0.00013463786515708067,-0.00012367340959787632,-0.000424019987740229
1.7631567397506415e-05,0.0001745745118597928,-2.8805864197413276e-05
0.00010983593310692939,-0.00014637702217046612,-0.00040327737874939996
-3.0673002061684044e-05,-0.00020945663366993416,-0.00047363725862928493
-6.832959656668944e-05,-9.018366996679472e-05,-0.00021141609764526573
0.00010475403971585526,0.00016685448579810384,-9.286181934940144e-05
6.883388651321193e-05,-0.00035906306151491335,-0.0005742008965033765
3.768633263797862e-05,-0.00018417140442058237,-0.00020346206401499292
8.57662062553505e-05,0.00022254173516390315,4.939277771380375e-05
2.6200481167229636e-05,-0.00028617561728770755,-0.00042967360989931377
8.21813836902112e-05,0.0003276721253544744,0.0001184114489750533
0.00013270144045865494,0.0005467201377946525,0.00038227860706305206
2.620122468288127e-05,7.193973571614412e-05,-0.00016240585201457273
7.615678894689102e-05,-8.216908820064977e-05,-0.00013746895519750678
0.00014083126825651605,0.0005698205742306634,0.00025976958856072525
5.015144430593464e-05,4.250983721723839e-05,-4.791129350511494e-05
7.638492859724335e-05,0.00012563511476070544,-6.312651383381398e-05
0.00014607457957220435,0.0003799078829929821,3.5118130805414025e-05
4.036970959737208e-05,-0.0005051542479416187,-0.0006243588612749397
7.380841535793061e-05,0.000621950869026549,0.00049057713649004
6.746254188344926e-06,-3.4285065424046634e-05,-0.00011945254953053445
0.0001653045719738361,5.623794660186216e-06,-0.0002628823177425853
2.797398176035041e-05,-0.0006138068541234068,-0.000685868895478623
-1.9056825561112705e-05,-0.0005447661662971443,-0.0006022525304103775
-8.363391555005485e-05,-0.00032734070160831454,-0.0004908407901941559
9.41074988920596e-05,-0.00017807823113609277,-0.0004673456568684826
-4.816206182842761e-05,-0.00028562061106174113,-0.0004914138951626016
-7.282793485883718e-05,-0.000266635112856981,-0.00041515335511686433
0.00012106822373584729,0.00027701765241839997,2.2478391976300387e-05
3.242590428939742e-06,-0.00021929458237450924,-0.00033394764920855813
4.818533416365108e-06,0.00036521996956278885,0.00026861850444575056
7.1082942198046615e-06,-0.0009447427095234407,-0.0010774179507394132
-0.00010259422185023598,-0.00032157168177417925,-0.0004906353888772901
4.156587194228281e-05,-0.00028749274667790514,-0.0005176936011735557
-9.655289027109534e-05,-0.0004475982982590864,-0.0004882656942374935
0.00012989215123093592,-0.00046289281693964344,-0.0005189691534940688
-6.070823632044409e-05,-0.0006401004456686721,-0.0008732826928153077
2.2113451497172477e-05,-0.0002527204532446463,-0.00040044497353273686
8.413082974437132e-05,0.0005751316690585075,0.00038325574098382084
0.00011895247612600618,0.0005141740971250557,0.00016132720664739083
-1.1637707329603604e-05,-0.0005857590719134534,-0.0007404388929354094
-2.2812287143483562e-05,-0.00043138906176714724,-0.0005877896641194409
0.00011411279983350055,-0.00021246520803038286,-0.00047107881577148974
-3.5469406461668843e-06,-0.000711699256447838,-0.0008703755796511379
8.60637169886014e-05,-0.00022991701846196002,-0.00036398005599303786
0.00016712956843944983,-0.00037387479704557164,-0.0007168939506055943
-2.5424973774148684e-05,-0.0004840619039199784,-0.0005507197608840256
0.0001418872093012385,-0.0002687750895155964,-0.00031040931471027015
-8.203948740704187e-05,-6.8444245729263e-05,-0.0002359244217430029
-5.4821640465872376e-05,-0.00027958428222955595,-0.0003516021863899198
-7.488525130775633e-05,-0.000872282765206266,-0.0010279222353733457
-5.5121347696257355e-05,-0.0006936722193402832,-0.0008102841752596902
7.492996722502436e-05,-0.00017916918666259236,-0.0002627990210974831
7.242749700833273e-05,-0.0005924921667366709,-0.0007249990620283424
5.860124804443328e-05,-0.00038848181681092964,-0.0006462498085580342
2.510757067213898e-05,0.00014631199327738717,-5.5994311497844276e-05
-0.000146935766481704,-0.001734207617803467,-0.0017272694281113869
1.7067652531640515e-05,0.0004881631278013829,0.00012413206467343663
-2.966108640712428e-05,-0.0001878819041398057,-0.0002185468832273875
-7.827435837865201e-05,-0.00034651232813809427,-0.0005517659520922645
0.0001428815588622455,0.00019910391151254232,-5.397421482414085e-05
6.873186337630818e-05,-0.00020021110273743564,-0.0004118891522757368
-3.7592477171757485e-05,-0.00033726364875885716,-0.0004230212475520238
8.273694414121638e-05,0.0004007077530221618,0.00019958562350399895
0.00022198352742055217,0.00023056965997143776,8.656555515696595e-05
4.8871152566698885e-05,1.6154326259908868e-05,-0.00023727289786408924
3.082448855968999e-05,7.50827636842117e-05,4.1218788647773955e-05
3.061469081852019e-05,-0.0005326958756002358,-0.0005825199079066829
-3.490296055305792e-05,-0.00020011699810444221,-0.0003275196972698555
7.624270013623568e-05,6.489850750286729e-05,-0.00010424208923707663
0.00010965214052929741,-0.0006445659696404288,-0.0006951916855071381
0.00012263446243364443,-5.9121102583377806e-05,-0.0002407753729811046
3.867479547029298e-05,-0.00020558988306678663,-0.00026616029449387664
5.342665854090066e-05,0.00036767856228773143,0.00016783624000046805
0.00013532543934456086,0.0001066983528952865,-0.0002878042552389653
0.0002452826934122539,0.0014645410903576326,0.001182769375562373
4.0922577566225476e-05,-0.0001519178068085039,-0.00018956602888140015
4.722166939541352e-05,-0.00020994249797424836,-0.0004093595489421657
7.657568677376525e-05,0.00015655019136637656,-9.948595982613265e-05
-5.8085412520241826e-05,0.00048284083436700724,0.00030599733328217065
5.1744534882810676e-05,-0.0005823754886385749,-0.0009291608284450084
0.00017196825988732164,-0.0007329506256639809,-0.0009299624078592043
4.4623418697469825e-05,-0.0006003167377142112,-0.0008249611073585597
9.347673780253868e-05,0.0006355342478742543,0.00033187477120121087
9.693025495772955e-05,0.00013122852692304973,-3.735466967978048e-05
7.448926659099937e-05,0.0002745897446089192,0.00010942571370925382
0.00013781126102416327,-3.8739831762118825e-05,-0.00032781147040846946
6.0103359485253675e-05,0.000186636116492797,0.00010277974095046228
6.483117404529158e-06,0.00027130677821761374,5.8099500098195616e-05
7.002472575210858e-05,0.0009316221853970588,0.0006800111135278302
9.656555421456027e-05,0.0007760262750281765,0.00052341257506091
-2.6242731473071455e-05,-0.0002538645998042874,-0.0003950586709169698
5.711742683514338e-05,-0.000449431701642819,-0.0006456027167973872
8.483531591405925e-05,-0.0001716181070478829,-0.0004565126712522959
-4.621889103947229e-05,-0.0007976640731624319,-0.0008276395597278698
-2.6137264202610985e-06,7.600284343524819e-05,-1.6692916255368217e-05
2.430448084359483e-05,0.0003674927034604095,0.00025272513457298896
0.00010075781980950751,0.0008756072223371355,0.0007160347338904211
-1.1740639103599191e-05,-0.00044374166055275246,-0.0005492218001299216
9.905957289110497e-05,-2.1791334043902086e-05,-0.00018452613377265578
6.491629640093732e-05,7.296018998241061e-05,2.9322965174920958e-05
0.00016349389734606205,0.0006867332020937759,0.00039383502880340013
-5.990844102835035e-07,-7.700598004174413e-05,-0.0003580380276765184
-0.00010672027422983194,-0.00019877794990960415,-0.0003334675403709861
7.830584643265777e-06,7.680161681214103e-05,-0.00012569853855771783
0.0001080005052378576,-0.00011778113448589065,-0.00019557787597166242
5.0913749668481865e-05,0.0005187922075862311,0.00021945339927144746
-3.664152484053216e-05,-0.001014541049104838,-0.0012220346985936826
0.00012785091406224033,0.00017102326036210153,-6.024320479066904e-06
6.76697501367475e-05,0.00012576964592317041,-6.0361736295287124e-05
1.959608426773101e-06,-4.0304005791574643e-05,-0.00022115009655610446
3.3202566278554835e-06,-0.00011727736884407792,-0.0003032024076951079
4.9845178528266275e-05,8.380733203911274e-05,1.5440505543803198e-05
0.00011199783422079958,0.00010942858086023262,-0.00012719945327093377
0.00010250800077715985,0.0005228583098471122,0.0003264024976713773
-0.00010370866659417557,-0.0007214603416368722,-0.0007916705742803347
9.368879812884055e-05,0.00024434557856358244,-0.00011100896719449274
5.739820419864646e-05,-0.00013683988669163075,-0.00022680558726142027
6.627925536381804e-05,-0.0004099789488298647,-0.0005927960739614353
0.00014484436244148005,0.00025918353649987986,5.55798869782364e-05
0.00016456922737569332,-0.00024180010681258354,-0.0004031791389896039
0.00011453648768033504,0.0002778459858256096,-2.5105063078389637e-05
0.0001292044891220979,-0.0002915122465181171,-0.0003757531921042856
0.00015299591311142128,0.00020902397668704715,-0.0001920937110365534
0.0001413395620797509,0.00023251246861462585,-0.00011914753553727146
1.0401413225868925e-05,5.463216928539927e-05,-4.442797691957047e-05
0.00013772449896946767,0.00017468328913313223,2.8244700877903982e-05
7.47438471457193e-05,-0.0001947338347646379,-0.0003510920956422609
-2.3481505189462177e-05,-0.0007156185828930183,-0.000889405563283968
4.288333603664544e-05,0.00030876219371845964,7.077171239580331e-05
3.686373107748546e-05,-0.00054350875028415,-0.0006605463474064614
3.952354968240199e-05,-0.00024299365533810507,-0.00041520394760163816
5.399644832283971e-05,-8.630244483232025e-05,-0.00025542916335625734
6.153254845393666e-05,3.473427891683572e-05,-0.0002934978688923668
3.816592087285524e-06,-0.00019347256456625882,-0.0003382357456084106
-4.209130939492606e-05,-0.0001676467340613861,-0.0003358945423720295
9.214083322853448e-05,-0.0006250033783775829,-0.000963439264330997
2.4870042115396264e-05,0.00014188047800883538,-0.0001021769396863504
4.610257965342098e-05,-2.221508856818652e-05,-0.000219736219559617
-1.9123207751664274e-05,-8.603360719783892e-05,-0.00012135477778461832
0.00013200526053466901,0.0006889844326410918,0.0005007260532340711
-5.375071495476323e-05,-0.0006366125082299342,-0.0008041723156793261
4.731744599191051e-05,-0.0005884459981507836,-0.000670245335115729
2.7603717025122287e-06,-0.00043994993788013914,-0.00044096122481989514
8.704544868719821e-05,0.0004140633702398928,0.0002759182781923191
0.00013096068699367699,-8.076186154815389e-05,-0.00031623180804709033
-2.8762765008433358e-05,-3.308662889712913e-05,-0.00016256912692515547
4.3084697982223515e-05,0.0007346278037149069,0.0005927737971935965
8.157080633644176e-05,-0.0005150432233940354,-0.0007000694768785542
0.00012134937910607773,0.0003440275135090793,0.0001739292515759726
4.486522785119025e-05,-0.0009102835030167039,-0.001009035275980022
0.00010970382630966032,0.00020829192974647912,-3.1022826398539486e-05
9.232431879852888e-05,-3.8359094416197506e-05,-0.00015442553129907909
0.00016385670428742627,-0.0003403121295844112,-0.0007294284371194217
-7.70377826196612e-06,1.951880594333671e-05,-6.024771403003071e-05
-2.0888423040907257e-05,-0.0007330006044704782,-0.0008351838295761139
5.4153502082299627e-05,-0.0006831104016695547,-0.0007924666081389193
2.9427267283208507e-05,0.0005400392695399732,0.00037624353150778284
1.065219267178748e-05,-0.0003649032687589892,-0.0006845268927909295
0.00017597106440928655,0.0006531505483809869,0.0003276108567302491
9.730887707443058e-05,-0.00012942552527167556,-0.00037923425148179204
7.302398304286997e-05,0.00025344863257856264,0.00016496236954095117
-1.1632505605845575e-06,-0.0001357494586785601,-0.00021792854318720351
8.892943615193387e-05,0.0006713166874532986,0.00044219135149167066
7.84921082825792e-05,0.0004937068969877033,0.0003510649452841515
-3.1955322488590046e-05,-0.0006930358465202258,-0.000795268455072306
-7.67864259324315e-05,-1.3372621722331787e-05,-0.0001402588092316963
9.158242775067591e-05,-0.0004315560044170014,-0.0005463357713081054
7.509371343396778e-05,-0.0005545448908929513,-0.0008191751153774536
-1.49981100680039e-05,0.00021660901470296943,-2.6328783438181675e-05
8.160340539192645e-05,0.000959080791284884,0.000789176552880738
3.865267502717147e-05,-0.00035566005010319757,-0.0004525475517722764
0.00010704506909074875,-0.0001060111749446914,-0.00021078586051852447
9.133921226101008e-05,0.00010622434381119894,-8.406380342622633e-05
6.387344804504921e-05,-4.6291931730885134e-05,-0.00015758770952813912
4.23927473679274e-05,7.705409012832666e-05,-8.845240662763319e-05
9.820689938901697e-05,-0.00019356122774507085,-0.0004573051053659913
5.892492554740076e-05,0.00040767772822702215,0.00021458317730268183
0.00011954792581914646,0.000275500334318003,0.0001445619895237671
0.00011547446678562837,0.0001756782544691271,-6.603180901169081e-05
-4.189928063987359e-05,-0.0005669064938791121,-0.0008122043195261184
-7.88134959088318e-06,-0.0004377881437237855,-0.0004609216477128453
2.3757382189277672e-05,0.0006687748499120976,0.0004509303844361335
6.939589521499481e-05,-0.00034034877770781197,-0.0005417318353698211
7.135901427501661e-05,-0.0002255476346469101,-0.0004431411019578745
-4.0975950316302816e-05,-0.0008301107067126401,-0.0007897372730681397
4.5675280164690776e-05,-3.234647892692686e-05,-0.0001418846075033327
1.5068790236674138e-05,-6.914889010761877e-05,-0.00021807784634224515
9.294655377544309e-05,0.00013737726441447932,8.22804702142735e-06
0.0001325839930537737,0.0003130546246788598,0.00020093865231153701
8.74114780125378e-05,-0.0006353850724584727,-0.0007973952395539137
0.00021624110584790316,0.00029016864229903096,9.429582740075738e-06
7.781382250093827e-05,0.0001362624305481582,-0.0001191268339146866
9.059216995474704e-05,-6.757953341300776e-05,-0.00021904745740375934
9.962551273807091e-06,6.851322278656036e-05,-0.00016313935755358298
0.0001359499494380819,8.60213895286386e-05,-0.000129273869100558
-2.7570169355290244e-05,-0.000631998979918966,-0.0007836113616093132
-5.9231474652697574e-05,-0.0002720180032075937,-0.0006362554812694024
-2.3602536805250596e-05,-8.53650289809709e-05,-0.0003705460975180774
5.824518803799973e-06,-0.0003231985775964722,-0.0005203616042205086
0.00015077980040487156,0.0002433830303982519,5.984299888475215e-05
7.430614471112351e-05,3.1780601963648806e-05,-0.00011720422215731549
-2.34066838085265e-05,-0.0006172965929863422,-0.0008050551601086235
6.193617195545924e-05,0.0005900532017616969,0.00026817061066187006
2.8004477391555132e-05,0.00018835673511359357,8.668120217806993e-05
7.750668455992567e-05,-0.00014935200312028295,-0.00022276127292770269
6.229232814947193e-05,0.0005665233086563689,0.00038574967881378275
2.418102061098814e-05,0.0005284771360225147,0.0003533939226377441
3.7959271771504397e-05,-0.00014723315136575178,-0.0004426646304277047
8.775154570611211e-05,-0.00021814071171058388,-0.0004474241025931538
-1.8164514951777655e-05,0.0007952862021812383,0.0005149353241151593
-3.302162997103391e-05,-0.0010408795474235568,-0.0010903107137009392
1.3674454686131497e-05,-0.0003455597080992218,-0.00045595051683608613
-4.675458428342574e-05,-0.0006054567869856453,-0.0007196134653576581
0.0001298739636864492,1.3903326473823106e-05,-0.00020435496789883136
7.887237051521355e-05,-0.00016953853429434296,-0.0002866861511446329
0.00010178833722312884,0.0004980221640825792,0.00033850282528323804
5.3356421433091856e-05,9.578882560121012e-05,-9.999328523996673e-06
-5.884657759212711e-05,-0.000727857054500108,-0.0009226686820415969
7.174391092199507e-05,-0.0002356541380272801,-0.00041510257345578734
0.00010406671924224236,2.2315296728691605e-05,-0.00019869679939833537
1.828145801791977e-05,-0.0004222753806200647,-0.0005233674337179384
0.0001090347064592596,-5.2308421015218336e-05,-0.00022448576347833108
0.00012138161099073608,-0.0003525622441616753,-0.0006372193345737134
0.0001759559324349221,0.000423226481912183,5.0376429291533426e-05
8.468437218542974e-06,9.102842418568964e-05,-0.0002526848065148501
4.548085116594773e-05,0.0007938679257402837,0.0004403004904409061
6.807841389614642e-06,-0.00014362005563602328,-0.0003132122425069411
-2.2235038369530135e-05,6.981573189005036e-05,-0.0001484648600292374
0.00013476850749328634,-0.00011766334703634378,-0.00043126118954328466
-2.7191371852352435e-05,-0.0006508280578192231,-0.0008417235771159153
8.95108291562334e-05,0.0001164478674910647,-6.560493362296158e-05
0.00010096336538772781,0.00025553973476934177,2.5640225184867164e-05
0.0001391009791648397,0.0003142613481259313,0.0001364983700178817
0.00015643702833822493,0.0006835991368658197,0.0005388759152252319
6.630405498678737e-05,-0.0005397647202471864,-0.0008444487880451613
0.00012020666013935146,0.0006228761506533941,0.0003698120673346959
4.999314022677222e-05,-0.00018910270605632858,-0.00031396201922361585
1.885364314676915e-05,-0.00027215045953454017,-0.00044529729099923414
6.625988357060187e-06,-0.0004399596414232085,-0.000629864136712591
5.792870326502967e-05,0.0002234260147072531,6.914439867684996e-05
0.0001524379362462254,0.00034977037512463546,1.3053319375648932e-05
-1.9600416291116286e-05,0.00013359847416961938,9.998161557845276e-06
-7.017620689533992e-05,0.000237940109476343,0.00016686523371399573
0.00012773240352498814,0.00010478841191565346,-0.00010851114006787905
0.00010422389636174077,4.438223407473858e-05,-8.360050765855308e-05
2.017699866565811e-05,0.0003303881541150183,0.0002695119664109578
2.7209885383472934e-05,-5.855498607979065e-05,-0.00026517586322401336
-8.491523817555368e-06,-0.00026067082400856305,-0.0005803181078646774
1.4810584522808928e-05,0.00014754083692099153,1.365303263083022e-05
7.802421103624617e-05,0.00027244143776791806,5.694811069657086e-05
2.287054584609226e-05,-0.0001844075162307969,-0.0003422865224154651
0.0001571763591902257,0.0004986033051322324,0.0003225156349659791
-4.434011595852124e-05,-0.00015293944631642706,-0.00026748564365000784
0.00014055584652061904,-0.00013987609134945387,-0.0003249302537596428
9.951590652948462e-05,0.00026235252077777565,9.40646172218161e-05
0.00011705002913353224,0.00025605199265752045,3.1953293193857183e-05
6.473511243573651e-05,-0.00027515549231529386,-0.0004711484159474068
-6.897496118123266e-05,-0.00010579086092776257,-0.00021653849031926054
-2.7117805399062687e-05,-0.0007676446671871879,-0.0008232013914197295
4.24448643330635e-05,0.0004525416073259641,0.00032218471090054236
2.4526785145219133e-05,0.0003548862967094884,0.00023750974286700758
1.5833690864185476e-05,-0.0001197144973396049,-0.00015103335641155548
0.00010922232671915647,-0.0003901359395552291,-0.0006154658703346236
5.146240018074232e-05,0.0001805767398725584,3.393597036169453e-05
-7.960936178461221e-06,-0.00034559008495614775,-0.00045793011471782454
-5.0699489558500316e-05,-0.0006613728353096417,-0.000636769056122515
4.9756831550866714e-05,-0.00019269531377703387,-0.0004041107111785611
-3.435134706237882e-05,-0.0004279385645466359,-0.0005336045356586682
3.366556727836306e-05,7.860258906209374e-06,-8.231357534759225e-05
0.00026791380562733274,0.001396227702941233,0.0010097665628780966
0.0001319219446555446,0.0006049391995556905,0.0003956554845798145
-2.4401407893182893e-05,-0.0006262894912658517,-0.000742866454982166
1.938458750255488e-05,0.0002860129716874007,0.000178631806016494
-0.00017032669861099416,-0.0005222728573097427,-0.0006321266053952948
4.209303838850913e-05,0.0001604289000842386,-1.83182190494672e-05
-1.0516433278092894e-05,-0.0005530047084305101,-0.000812223573120805
-4.4232175919790595e-05,-0.0002596845403749247,-0.00036057002484096256
-3.1762851405563766e-05,-0.0006403231645638687,-0.0007401351244317393
9.391236350081127e-05,-7.925636373875633e-05,-0.0005938607373030901
-3.067841884509014e-05,-9.605274361416122e-05,-0.00020645366796852877
-1.4606949387531388e-05,-0.0004044822879644117,-0.0007016921906147454
2.8760110847553632e-05,5.1861007817812475e-05,-6.67209804170418e-05
0.0001598855190722597,0.0006580016842039277,0.00029465434254293774
1.2300969673946255e-05,-0.0004519847137286951,-0.00044483253093402844
-7.056902806387857e-06,-0.0005731248761833012,-0.0007351891881638597
0.00010701801273732383,0.0004886441919686245,0.0002398489766707855
8.91080853138015e-05,-0.0005643482989400746,-0.0005707877338056426
-9.577929792949481e-06,-0.00020548458961467552,-0.0002875517530594656
-4.853068940616022e-05,-0.00025116242978349566,-0.0003230480087844219
5.6274991454107734e-05,9.563190541155556e-05,-0.00014320215905672573
-7.982701784704099e-06,-0.0008671345213140458,-0.0009685550464685415
-5.263638921228564e-05,0.0002226511903226592,0.00012201962970838389
3.326902499885208e-05,-0.0008907538186428692,-0.0008658269950568933
0.0001063348488177061,0.0002887909302790887,-1.1712661512944342e-05
0.00011111526205252541,-5.1715177485201587e-05,-0.00029682921645857093
4.0096569006943997e-05,-0.00012893282018576246,-0.00026891908140243254
4.779156008478391e-05,0.00019957158498539476,6.126353498176864e-05
0.00011008334231439257,6.501338407400133e-05,-0.000256874723639277
4.5069510328578615e-05,-0.0002262553632358725,-0.0004970535420669414
2.3261582389640155e-05,-0.0005525629618107324,-0.0007198016337842719
9.553594759270882e-05,-0.000491617364411682,-0.0005669573395069767
1.917705435822484e-05,-0.00041170288390511816,-0.0005300675307507973
-4.898217709297601e-05,-0.0003420096338523543,-0.00042614613307955245
4.417404915964142e-05,-0.00015639231203818827,-0.000331692244946172
0.00012498289294515222,-2.899411378026681e-05,-0.00022012622917775692
1.141169857128051e-05,-0.0001141687217923886,-0.00030569810359336666
-8.083851359422053e-05,-0.0001059719418913626,-0.00031376503273977435
0.00010493067074996326,-0.0001221079188593245,-0.00038399469537192326
0.0001914991298397151,0.0005078833612478684,0.00031374378828994787
0.00013327778918018562,0.0005422665858770899,0.00038707475457048997
-3.814498264194296e-06,-0.0003269837794618957,-0.0005142787270539114
-4.997753927760005e-06,-0.0006039093043994592,-0.0007332173854485105
9.657727704720933e-05,0.0005121616852648435,0.00037123518948341857
0.0001411356215906591,0.00043619077580146944,0.0002605660461791515
5.5171983914317226e-05,0.00010604018824305712,5.982451219909659e-05
6.877131597060173e-05,-0.00017030058744727078,-0.0004868508995424644
0.00011300225741872071,-1.2556671405680205e-05,-0.00024005738444263087
-1.1085110907320227e-05,-0.00031945231675447797,-0.00048527330365778245
7.211398332632979e-05,-0.0002632207227094954,-0.0004638474179241899
3.6778579142149825e-05,-0.0004938029042436513,-0.0007315588825304108
0.00016577708166750835,7.721022487245424e-05,-0.00024112820065372274
6.556899638261761e-05,-0.0005119622147477156,-0.0006252665938581838
5.944165524262362e-05,0.0003055715809592112,0.0002035173078455437
-0.00010845049041208443,-0.0006086037591297355,-0.0006756390742709614
0.0001127624859532284,-0.00021303525171623348,-0.0003052268654220701
4.7855715768544283e-05,0.00027298106302599154,8.011059367108366e-05
-4.674262322822476e-05,9.786902025122213e-05,-6.505682117190719e-05
-9.271176796166671e-05,-0.00038743931672802364,-0.0006089265920549644
0.00016590108149943365,0.0007196719031768131,0.0005304580343149083
-8.883362677258354e-05,2.0501272512094947e-05,-9.39682307563464e-05
2.9721651662612214e-05,-0.00020668526258417908,-0.0003362527132731023
8.565739466957561e-05,0.00029897400317631937,0.00012661531247012828
-1.5909377179349886e-05,-0.0005774106430294749,-0.0006143478627930754
0.0002144554278339092,0.0005189141387799309,0.0003620580989651201
7.747161166760553e-06,-0.000328881716269498,-0.0005529887629000295
-2.3628775078906667e-05,5.2787878480312496e-05,-0.00012528263736802394
-1.6224225514613777e-05,-0.00012887875705995503,-0.00024395740614226857
9.684602420271149e-05,0.00046653276155893866,0.00010578205532525979
-1.8491320222087138e-05,-0.00020708302098406634,-0.00024000550686091728
4.720074737697889e-05,-0.00024672710391438217,-0.0004849045967688243
0.00016136705461489877,0.0008231967602159139,0.0006058954411305185
2.4155481157090965e-05,-3.708154750623651e-05,-0.00027857118934028035
9.481915765163478e-05,-0.0002985137826541493,-0.00043050759743874686
9.209452133028516e-05,0.0005951950564906498,0.0004007439940859618
0.00010338285036014816,-0.0001847337357634766,-0.000383409874321185
3.451792894898441e-05,-4.521655864306282e-05,-0.0002395588872429287
-3.169592975203327e-05,0.000262331686114374,2.964392586967486e-05
0.00012144448158861652,0.000290340762958226,0.00017170398119937207
1.60154509649573e-05,-0.0005629038531235734,-0.0006037124479314866
0.00012366615729938362,-0.0001675246389714896,-0.00024394947188434115
8.81500669983917e-05,0.0004089105929410132,0.00023361820397886315
-0.00020196576457577115,-0.0007456082827272964,-0.0007609761041715434
0.0001202607194504529,-0.0002939091575687041,-0.00037475772020959046
-4.112341415691103e-05,-2.9631295013709223e-05,-0.00033448330289024576
9.689207857987029e-05,0.0006859550626026183,0.0005298370971821294
-0.0001296016906540013,-0.0008161174455714436,-0.001087516604514019
9.425722213001524e-05,-0.00016849024487262173,-0.00042092102319693996
7.880325397201216e-05,0.00040352913879464127,0.00011005760632741261
4.027738686225411e-05,-0.0006517242364930547,-0.0007090608310083176
0.00015851736154822503,0.0003273060840902831,-1.311118511482923e-06
2.450014582216527e-05,-2.9633018860907755e-05,-0.0001514982416155114
6.951959558015194e-06,-0.00034616854650364014,-0.00043426168949440886
0.0001893376347165269,0.0006712723865225285,0.0005594315372684068
-3.845386990231131e-05,0.0002371208127837503,0.00012244010335539193
8.481388948430746e-05,-0.00019394608706562805,-0.0003476300577083366
-3.111880452305597e-05,-0.00018034958285526314,-0.00029613676340378925
-5.8438550467875125e-05,-0.0004211680749167765,-0.0005160328900436094
4.193511842742097e-05,-0.00013123570218118383,-0.0002756013643836931
0.00011728126803015081,0.000708827631086258,0.00042019987540522585
1.1423206426808144e-05,-0.00037382848545425393,-0.00046102904061777526
-0.0001643107938589939,-0.0005048836209845105,-0.0006823855006492229
0.00012132761024344238,-0.00040235367113269417,-0.0005215998580156654
4.414998169243145e-05,0.0004561150851602713,0.00031805150074738287
0.00010618018635585532,7.171949514587384e-05,-0.0001791551363615884
5.8090086606109445e-05,0.0005046276161030272,0.0001839480807479592
0.00014872581273597772,0.00046656990427102894,0.00015656137254350648
0.0001191078003932909,0.0002739429530072652,5.253171841217212e-05
9.754950586693525e-05,-0.0003841441014707056,-0.0005362014595427572
7.336520371901345e-05,0.0003699035939165375,0.0002609317773187339
5.0809409606384666e-05,-9.28163946320646e-05,-0.00014961824239458296
5.851962598088009e-05,-0.0003550464872156797,-0.0004030980393695853
0.00015162847450085116,-0.00022296648871596275,-0.0003689199993542778
6.055153509883465e-05,-0.00013936430975308866,-0.00020973388271886364
6.391896807373239e-05,-0.00014072833717487264,-0.0003482563077810709
7.241376255356258e-05,0.000425215671614549,0.00028208550983668985
8.103003101276739e-05,-5.693637425451461e-05,-0.00028444886446981086
0.0001589652128349184,-8.656896970149638e-05,-0.00020024525249071024
3.010777737918067e-05,-0.0003674905842351615,-0.00039985495395461533
3.158867023837203e-05,-0.00024487422014719796,-0.0004923408609872405
0.00025775781605484854,0.0006560712900295904,0.0002528959970662485
6.299860504099556e-05,3.583776418192988e-05,-6.614413971610088e-05
2.506608654394754e-05,0.00013638568212674955,6.192341294691643e-07
0.00020499161487817224,0.0006524165589789255,0.0002804481030945225
4.793081514047469e-05,-0.00028789613337072836,-0.0003874747606888954
0.00012256846247576342,-0.0002722682819564214,-0.0004528760869518981
-3.1533398307955206e-05,-0.00043522557243284784,-0.0007011857589651162
9.259041929032363e-06,-0.00012923078634255916,-0.00026642493787607777
6.230088301685649e-05,-0.00012819258070095939,-0.00031936263736585726
-5.347403700487816e-05,-1.2914184894830016e-06,-6.85373132721644e-05
9.53410182795915e-05,-0.0010747569424686867,-0.001204994208348082
4.970367150127636e-05,-0.00034333307367458794,-0.0005818984042526627
-6.0433458410569116e-05,4.5292468979967355e-05,-0.0001875390951761107
6.171739443448566e-05,8.455405796994887e-05,1.7298705533432454e-05
5.584084277749759e-05,-0.0004787084677319749,-0.0006665315262651217
0.00011823627885678965,0.0004554862698974995,0.00017300642877545567
-2.8895131683754613e-05,-0.0004575062934148199,-0.0005773327202108324
3.4633784031212625e-05,-0.00015994387733361758,-0.00024609877939087295
8.977279343791325e-05,0.000613408630903835,0.0004323873377306261
-9.695975058949348e-06,-0.0003942938820582352,-0.0005177665350558012
7.124796493250497e-05,-0.000662540488963529,-0.0006577570390740619
-9.038803821665082e-05,-0.00014749771097599258,-0.00018661322937879831
-5.074020389387999e-05,-0.0003769908655175154,-0.0004325145851347762
1.5064357556042408e-05,-0.0004728869733406534,-0.0006122110084064443
0.00013718460202277418,0.0002948174397918173,0.00010901870341286252
8.439152351055564e-05,-6.083015008285108e-05,-0.00018597997687712597
8.827773067724047e-05,0.0003442532187087348,0.0001606354629792961
-5.8679949391072904e-05,9.69201791111162e-05,-6.390387002535569e-05
5.166025455708643e-05,-0.00060305148467746,-0.0007727198576601556
8.127329403887748e-05,0.00017841313711481184,-3.7075011652084306e-05
0.00015645449929056055,0.00037140500840029223,0.00010970849168826549
-2.875396087864389e-05,-0.00011998616671077682,-0.00027459379578462635
6.550486879474711e-05,0.0001325828651982273,-0.00016312580466175392
4.784248371223694e-05,-0.00014592670137196506,-0.000393740188311179
5.210948852078125e-06,-0.0003202743551198529,-0.00032683728674860377
0.00011423011876899442,6.262013423590694e-05,-0.0002247163565974758
-8.904504752257919e-05,-0.0004334023907233056,-0.0005802781768002392
2.666495995886354e-05,-3.032789508486599e-05,-0.00016695104369215616
-5.4486001698952685e-05,-0.00015700935720256524,-0.00031724435800318363
-7.232922311564363e-06,-0.0007193968848108751,-0.0008910385931768803
2.4356135225092417e-05,-0.000182450474584205,-0.0004041397423202236
-1.187870791599046e-05,5.704211363502247e-05,-9.148551731401568e-05
2.8232492845001894e-05,-0.0001542640270492633,-0.000290733156903343
7.853255665407331e-05,-6.410114473729946e-05,-0.00038452081389350723
3.4572682723936406e-05,0.00033128873877382104,0.00012940742033912728
0.000118813519334127,-0.0004235075759914972,-0.000570472220952397
0.00011745099924543461,0.0003143345258889421,0.00013274307354186254
2.373882620318319e-05,0.0002551430464405041,0.00011199353766525513
6.681345169076464e-05,-0.0002675832546406492,-0.0005449413596352737
9.742965186237973e-05,-0.00017895212392416996,-0.0002704984472535552
0.00011910487536801592,-0.0001780716649242751,-0.0004158617523361812
-7.740729580046345e-05,-0.0006684361634558453,-0.000758139452760683
0.00012960735587947412,-0.0007549746255547594,-0.0009127676054434433
0.00013880973069594236,0.0005009728861715601,0.0002249242268567507
8.777768460391689e-06,-0.0007676493724486371,-0.000858157554309177
9.784590841882283e-06,-0.0002584333962969361,-0.0003281718041901987
6.92764742845915e-05,-0.0002583741183205663,-0.0003410226305950162
3.469765016397703e-05,-0.0003872289377054225,-0.0006357443212182162
4.2122731730077396e-05,0.00037122472463822255,0.00014670866714509089
5.033588727616358e-06,-0.00026798717318622276,-0.00033225522297373366
-1.587723581786984e-05,-0.00032000627382841205,-0.0005012738466182739
0.00017323091341669525,0.0005742895918875389,0.00034225291524311505
0.00012835522067035265,0.00044924934798633407,0.000272443827569177
-7.264419972195243e-05,-0.0006501176252593034,-0.0007276965493533469
-4.276976116953038e-05,-0.0007112458894117907,-0.0009317998275252923
5.3212841813576113e-05,0.0004622495919215778,0.00015552475500331758
8.412044046991057e-06,-0.0006050462850289727,-0.0007953828276335242
1.9837018650647304e-05,5.074175490429726e-05,-0.00010487246191890042
-7.302632434250803e-05,-0.00029976840030990215,-0.00038526869109502043
9.70879530537305e-05,0.0005131393503035094,0.0003012230994046166
8.86681765725876e-05,0.0003187837274130309,-1.477226420725197e-05
0.00017902128608169812,0.00028364810531560347,2.8569374546657676e-05
-1.2993520920756552e-05,-0.00023585549182954954,-0.00038183611639998837
6.849618667326295e-05,2.681635322143388e-05,-0.00013466008301787192
-6.359469879660154e-05,-0.0009192405488762392,-0.0010772355465148858
1.2804053381212802e-05,-0.00047655750052843284,-0.00051197240078768
6.787529564679625e-05,0.0005478018394553209,0.00033030123949296357
9.89780961429048e-05,0.0002708608761222225,0.00015169452184956266
0.00011555838652357886,0.00010609886398939557,-8.061794264205518e-05
-5.702231102939638e-05,-0.0008970771229339465,-0.0010379235270609856
0.0001327778007207874,0.0004915360395230852,0.000274823854353957
-8.541643367670826e-05,-0.0007612550302988075,-0.0009417738172466252
1.2000615820064099e-05,-0.00041864071617590066,-0.000563007501076707
1.679777693019998e-05,0.0003391474813577554,0.0001112232317469751
0.000133478092717035,0.00011403813545618688,-8.613086729211732e-05
8.598015352792105e-05,0.0007394223977991814,0.000469577290434433
0.0002201851377610476,0.0006776101188814074,0.0004008066572207101
9.173049022973202e-05,8.780436918226477e-05,-8.731024613934827e-06
0.00013027467582129963,4.012997087300232e-06,-0.00015336226521918105
8.708407797109302e-05,0.00047223919799384734,0.0003338053536751822
6.520784547509422e-05,-0.0004908957614095431,-0.0006798085619681719
0.00015541079721939342,0.0005087729357267077,0.0003747887018006985
4.069917085750941e-05,0.00047393786918109674,0.00027187383242212304
-3.403031216083028e-05,8.627989331646239e-05,-0.0001371776708649307
3.621582716357698e-05,-0.00013859933684153372,-0.0002698171692066418
-1.6663584666850808e-05,-0.00017725912374927144,-0.0002388318960999113
8.222086774135737e-05,-0.000594883465820498,-0.0008403395172482637
8.004813555487027e-05,3.5985036007366266e-05,-0.00010582850818670371
-5.50880233710213e-05,9.679512269455728e-05,1.7711714374594155e-05
1.1246365357975421e-05,-0.00020607864842880203,-0.00041483916866083255
-6.335889573680459e-05,-0.000274742187371637,-0.00040991594717934636
-4.4738901405719955e-05,-0.0002609892792680647,-0.0004241848090052827
0.00016647258533666626,0.0002280782585288702,-0.00019447546745999833
0.00013609401891157363,0.0004191101603634329,0.00015553852895285565
1.2948195190430075e-05,-0.0006790956350266146,-0.0007344880181799938
5.98837693992325e-05,-0.00026937535358562397,-0.0005052892733953215
-3.8084939497577794e-06,-0.0009030268251330794,-0.0009863261363934233
-9.935833319581926e-05,-0.0011714390606365032,-0.0012042915617892411
0.00015385306869090064,0.00035836070020507893,0.00015121324883595705
3.236442745026486e-05,7.060483312106736e-05,2.005768008212736e-06
5.961726977503716e-05,3.634225854371821e-05,-0.00011902551778706966
-4.555288810175777e-05,-0.0008074718125821714,-0.0008979698100190087
9.216667978619107e-05,-0.0004072832045474247,-0.0005049386712713805
-6.416402312628073e-05,-0.0001774790479225873,-0.00025990088144024656
5.42633520519112e-05,-0.00022110463854128846,-0.0004424867385382625
0.0001533994698019701,0.0011014563329062948,0.0006622269682292567
0.0001980366786809669,0.00039986646086327714,0.00012660894486837137
-6.22504988968334e-05,-0.00019503013101788234,-0.00039105342677217607
-4.092388622456574e-05,-0.00012575513620861483,-0.00031039516707330255
9.184290788011594e-05,0.0003313004180537647,0.0001959598801186771
0.00022887236330430304,0.0011363286366687726,0.0008068573918431026
0.00011640931029314685,0.0002476311846450992,-0.00010191876045769301
0.00012724313043155786,0.0009638383539102176,0.0006776718087822044
0.00011964187768145719,0.0003988413285070169,-0.0001572727155832176
8.716916748046448e-05,-0.0002931252964046584,-0.0004615875351062516
0.00011441062415253818,-0.0005043062239409046,-0.0006440284578969508
4.001312313602298e-05,-0.00036941050794067046,-0.0004089902052327464
1.573091490196426e-05,-0.00035182846592336894,-0.0004040827935461868
5.318023668917201e-05,-0.00023082349100413157,-0.0004041391739992063
8.442849198554245e-05,0.00015194460493415582,3.886672377049959e-05
4.2509172332924036e-05,-0.0002513699025018319,-0.00035716432633845787
-9.224245614502429e-06,-0.0005427703199911045,-0.0006549553714680441
6.692547102938755e-05,-0.00042581389661997514,-0.0006427329445941406
0.00011159697285178093,0.00012333577810306475,-0.00014939494571313667
-2.6333585979371844e-05,-0.0010681217616893188,-0.0011860708380432151
2.4994581272308686e-05,-0.00021281894378422377,-0.00037293405261783387
1.1379585932538275e-05,-0.0003863722152446531,-0.0004615280939665984
7.105291836695637e-05,0.0004303824406132617,0.00025722960498639094
1.6439934800947245e-06,-0.0005197300367626389,-0.0006052117919179488
5.421051227716997e-05,-1.1567076608583443e-05,-0.00011023452338677464
4.3584029158241436e-05,0.00028999112474704285,6.438244125244328e-05
-1.2232242856989795e-05,-0.0005834111005196105,-0.0006124116562894399
-6.756790819552135e-05,0.0005192140768076639,0.0002018144892722574
5.363296156711688e-05,-0.0003612127523296199,-0.0006178217129503583
0.00014129107551694267,0.00023920503067721897,-1.3079383699718335e-05
-8.49291358754867e-06,0.00012857188806981036,-3.246502790166478e-07
0.00010995879359451815,0.0008331223549731782,0.0005422524913092896
-1.3377766889513255e-05,-0.00022750824280002714,-0.00031949544798278513
-5.901209494855994e-05,-5.6961339869760874e-05,-0.00024807927435811544
0.00012221933099175973,0.0002420266974179857,-7.935996941959948e-05
0.00014634967797692947,2.019241018855398e-05,-0.00016746484675689407
-7.783460851292583e-05,4.080094808979655e-05,-0.00020037592832436487
0.00020319601818880506,0.0005999087454977968,0.00038181052574320066
0.00014049541605575642,-0.00019215487402122255,-0.0004669016145414577
0.00012192786074131102,0.0002562255299761965,2.889650921754258e-05
-6.147609679912794e-05,-0.00014499988908344964,-0.0003928651356905742
9.281589099782738e-05,-0.0006084905220009348,-0.0008596999011580065
0.0001109271341915092,0.0006560115191243464,0.0005014173723087477
8.444995071355705e-05,0.00019908149864873408,6.299059559769756e-05
-1.1772577971038659e-05,-0.0002351590983874194,-0.00044715781429640407
0.00016113833073440478,0.0002938611426650977,0.00020445986422561253
1.3984799352637637e-05,-0.00039791144378170185,-0.0005675065191872502
0.00013628430038778642,0.00041386845038327686,0.00027543864489760166
-6.904667580155712e-05,-0.0001338911643189019,-0.00021431768110573477
3.5406514704857165e-05,-9.80927169735724e-05,-0.00023534780445390484
6.94703521102735e-05,0.0005146868433506897,0.00030753667959979584
0.00012094310939877294,8.92141087421438e-05,-4.2776906168890614e-05
4.135333769007704e-05,6.281511823811858e-05,-8.798489231499163e-06
2.702876182055137e-05,0.00022030117105938639,-5.119091056326073e-05
-5.397708513524513e-05,-0.0007049328028543557,-0.0008731317015212949
0.00023857227532447962,0.0005923541379027168,0.00011731751484652536
-1.607125117606419e-05,-0.00047076072327070236,-0.0005577500001804312
0.00015086930807707092,0.0006093387451856649,0.0005109117570733814
0.00010197619523028936,-0.0002426324538049763,-0.0003935544311998697
6.432231671054756e-05,-0.0001373368427982452,-0.0003321902759489799
0.0001167115802845761,0.0002745742840319255,6.059175158002383e-05
7.913442864448033e-05,2.311173812368243e-05,-0.0002490620690251501
-6.952515459810615e-05,-0.0004946406647502173,-0.0006939048908914846
2.4576757546853714e-05,0.00010819569913299503,-4.96141882910934e-05
8.517452391286481e-05,0.0004570529980333745,0.00027361457568456673
-2.1230632308242913e-05,0.00034475144584621256,0.0001407781325511591
0.00011097235967761772,-0.00022857832899623502,-0.0003838120507476211
-5.8504686958371665e-06,-0.0007171897146195511,-0.0007994006871321726
8.670956450393234e-05,-5.4382422761748334e-05,-0.00030308723983487674
9.343044306431594e-05,0.00028801923367431697,0.000154945191947973
5.742248217246101e-05,-0.00028379731782408624,-0.0004973691209032363
1.4143229910595272e-05,-0.0006129258042091583,-0.0006758959086793129
0.00011067306360921257,-0.00044052096593120624,-0.000499440447103284
-2.8003950819683942e-05,-8.64980558726285e-05,-0.00031951183692058066
5.669081917085856e-05,-6.052821383628951e-05,-0.00024262859304668814
0.00016493781119844802,0.00016630742008053742,4.673876330099096e-05
-6.546342409974944e-05,-0.0005915300755124194,-0.0007590848705774809
1.4565629172093677e-06,0.0002284929603269861,4.3042718278050454e-05
0.0001222153921609123,-0.0004106616189332537,-0.0005770802496764529
4.0337790177440424e-05,-8.050543544564344e-06,-0.00024353802690939774
1.0047845758767783e-05,0.00021251252751691024,0.00016806976197989733
0.00010498018385034347,0.0004100172871469558,0.00018931715459320018
0.00013168606901927865,0.0005577377144020769,0.00023320909541955565
5.361245723735472e-05,-0.0007114538830495943,-0.0006997314249222018
8.3530311423667e-05,0.00019088208558902498,1.2641790417232754e-05
-2.8922167303142604e-05,-0.0004510244917527432,-0.0005256369390863294
5.5615074728626745e-05,-0.00019933859291890142,-0.00026529642350677044
0.00011038421845486638,-3.347532689645889e-05,-0.0002635686945941715
0.00010491475783559059,0.0001575420526577205,-0.00013398011677905134
0.00011508833896805146,-0.00036093477962439264,-0.0004746760928459344
0.0001059806773806701,0.0009454586064863581,0.0006704317871994057
7.437322592233699e-05,0.0001367354400378751,-9.981922258860739e-05
4.394097791375151e-05,0.0003441815491368332,0.00017218416410733978
1.9601472138020335e-05,-0.0010706693030142506,-0.0011594052193344363
-0.00013129739520424848,-0.00016763490046572195,-0.00024958030261483164
-0.0001538587852864689,-0.0003083044214488951,-0.00040224888122269514
8.035889349543348e-05,-6.816033349533746e-05,-0.00017751619537809325
4.907806671794533e-05,0.00045697278070601507,0.00017979621957603023
-1.1477686082228382e-06,8.197708992865917e-05,-0.00014693579176173623
5.040895637391132e-05,3.9518328738194757e-07,-0.0001581576105532252
0.00015506765892978947,0.00047821253841576834,0.00018982210444375936
-3.457721605105318e-05,-0.0002514954300708338,-0.00039785069221962157
5.579773322179847e-05,-0.00013889394175074898,-0.00027180853965211755
2.3343067273254672e-05,-0.0008360733360089564,-0.0010081441034094406
0.00011162980970983903,-0.000558170517240026,-0.0006420912885856979
3.946820603084174e-06,3.1235193481848363e-06,-5.241535142598474e-05
0.00017284160621945438,8.258242672967405e-05,-7.76127720171138e-05
1.77141279610046e-05,-0.0003197358527031997,-0.00038605757476439963
-2.600992246274184e-05,0.0004275681279690718,0.00024952613979708246
8.899891072468828e-05,0.0006131647899126013,0.00048083326123334
7.617778676185583e-05,-1.9191979823242805e-05,-0.0002549588715546121
-0.00010575026902030592,-7.860970030915151e-05,-0.0005606034713148743
2.085460323087812e-06,-8.78180522971797e-05,-0.00022482145959583746
8.412440654530787e-05,-0.0004052810862897924,-0.0007189528223306332
0.00010440607961799566,0.00023145117447311847,0.00011017997906828629
-1.2171183128190078e-05,0.0002182341273070316,6.762120371562957e-05
0.00011325898462856639,0.00035145121810078783,0.00020568344506703955
8.040921251430151e-05,-0.00032224901501503905,-0.00043354064890555684
-3.1937207318128216e-05,-0.00024464257427627415,-0.00036196582073898926
6.174130022034666e-05,9.483664671562452e-05,-0.0001420969000219344
3.96836323582933e-05,-0.00029887360189015773,-0.0005206606941179242
8.691971292090231e-05,-0.00010778133120304455,-0.00028203157934850317
-1.594710099744702e-05,-0.0008283318240106902,-0.0008585809593888072
0.0001172019946213589,-0.000141081665058152,-0.00037476710458245714
5.835450049594503e-06,6.157820373942243e-06,-0.0001756680947971067
6.451148260020301e-05,0.00024133641887873905,9.84830700118435e-05
5.4763851860647794e-05,0.0005154336649140338,0.0003881801178136577
0.00010902841167237998,0.0010332686352085136,0.0008469542202563341
-4.465642613159999e-05,-0.00047279802102003345,-0.0006635457278809223
5.586501373193624e-05,-0.0004725725865462085,-0.0006073301687935747
3.0680247816389992e-06,0.00013726528138664429,-6.236010318758235e-05
-0.00013325427737084547,-0.0004162278232748856,-0.000537298983383134
5.846841536336607e-05,0.00045801821437304084,0.00018630213832185297
9.493987348569211e-05,0.000172350358787732,-2.4904747356877682e-05
7.623844986129485e-05,-0.00011969899145698086,-0.00034657804122434187
0.00011077337767043615,0.00016530011543706806,4.863579884682658e-05
-3.2331590496889205e-06,-0.00037079922885998267,-0.0006338489833490735
0.00010132340722753829,0.00046333602588582653,0.0002933863176996446
0.00013249133843318815,0.0009849532706582371,0.0007719173279446193
1.3770533391460583e-05,0.0006450813151895314,0.00034888752698102564
5.874718876582614e-05,0.00043158058264570554,0.0001866152058911525
-0.0001240342380942636,-0.00017457521870804777,-0.00024457736647233837
6.407847104514896e-05,5.0671432797158616e-05,-3.978475276254511e-05
-2.423162397336731e-05,6.270840978510245e-05,-5.712640088859563e-06
3.9283276061654435e-05,6.939561780119133e-05,-0.00011231783567340147
2.04145086461353e-05,-0.00013103317685843113,-0.00028895214111221055
0.00013906614436648266,0.0008579177484811776,0.0007199750595997409
0.0001446001877565773,6.458343134144653e-05,-5.410877196901651e-05
0.00011219384986161767,-0.00027560677060230307,-0.00042182628101090274
2.7834169711521005e-05,0.00018787870006950426,-6.623886829111992e-05
0.00011634920786357774,-0.00022504940935257845,-0.0006043640907863594
6.869456931589508e-05,0.0004341032836649492,0.00028606816638747785
8.003316806431789e-05,-8.864684702712498e-06,-0.00015993549599979432
0.00011640197843025026,-6.718073226778901e-05,-0.0002905830693891886
9.03390999540559e-05,-5.643595808878582e-05,-0.0003040682366503522
5.6541295690201504e-05,-0.000518268397904245,-0.0006404524497835439
2.4505165306995004e-05,-0.00019683989742749116,-0.00039195516399946585
5.101711808750569e-05,0.0007087143498656858,0.0004700244128792516
-1.3168620321618298e-05,-0.0005417943719271636,-0.00067356823146903
-4.530297342196743e-05,0.0003346295072666072,0.00018360346590522403
-4.576349630839685e-05,-0.0007158883465059791,-0.0008507966863512885
8.652392210298167e-05,-0.0003230962099431718,-0.0004260096577097609
-3.7768425654472886e-06,-8.950297149541805e-05,-0.00017776477811964458
9.79443134149707e-05,-0.00029849510858917554,-0.0002756699588613105
-5.5474895015143126e-05,-0.0003616817217378934,-0.0005661508708921858
9.64440179887306e-05,0.0007212385973047748,0.00043243314304611735
9.834035554801326e-05,0.0004985613261987511,0.0003112068118443016
1.0402624079995242e-05,0.0001682132345237899,-0.00017691583140247959
4.972144475742077e-05,-4.1488612826467205e-05,-0.0001782297367113735
-5.549446036220717e-05,-5.245675300828675e-05,-0.00015937701648961533
-1.9429130064233018e-05,6.274646950826348e-05,-7.518877978214685e-05
2.5032196699799515e-05,-0.00044923892155088446,-0.000570747582966138
-4.18908144257654e-05,-0.0003326015299960144,-0.0004442379067489278
0.00015956386543191072,0.00042970678307885303,0.0002049882977924652
0.00012227873968061114,-0.00028369652867968613,-0.000437559064007585
0.00020068851573517524,0.00039116129354284715,2.731256384971216e-05
2.8732047065010928e-05,1.9951001736433018e-05,-0.00014521755645600644
-5.309725934115201e-05,-0.0009583425897357592,-0.0011200979655071348
0.00010112120934480588,0.00013327844005371967,-6.428566276004326e-05
0.00015405440068828988,0.0004313136920771442,0.0003067835783982795
6.314340854471305e-05,-0.00033283787465341745,-0.0005091126515852446
4.4698380805797646e-05,-1.6708205943993755e-05,-0.00025605736596240607
-7.541394530288228e-08,-0.00037707681587901534,-0.0005913676115083624
-1.1083095011025118e-05,-0.00046442661684322124,-0.0005152396331988282
-8.064731288260778e-06,-1.2018355789300371e-05,-0.00021231894862074036
5.037982706486199e-05,0.0001684572261380244,-6.969589710534126e-05
6.638422826368425e-05,0.0002673679319624853,6.274583666145606e-05
7.036524683224482e-05,9.973958545794889e-05,-7.830579390735677e-05
-2.72791942939639e-08,-8.619894992270498e-05,-0.00020441531649739567
4.1417279252844996e-05,-0.0002099792079732043,-0.0004348130510804612
-8.476778718456747e-05,-0.00040613536153669117,-0.0005401271635246065
9.748348154628976e-05,0.0003261693068060212,0.00013869460214774776
8.156957560716191e-05,0.00010693987455892623,-6.178826030316461e-05
6.546855263792414e-05,-0.000533267159414676,-0.0008421271120088688
3.1054776322434266e-05,-0.0005055251110648614,-0.00048235189812710074
6.918512102984477e-05,-0.00019498197684137254,-0.0003250527570463209
-2.4588539533869e-05,-0.0002071619804291363,-0.0004508451470201834
3.2865487232701794e-05,0.00017751507291096155,0.00014926674318682686
-5.8304446447557243e-05,-0.0007533802579062397,-0.0009846668449974179
-0.00010138162867338462,6.643780531640146e-05,3.7729912832844785e-05
3.6700357709844056e-05,0.0005704267526498546,0.00019500989850368706
-8.547948540293192e-05,-0.0011880909923074206,-0.0011621173759116456
4.549333104812424e-06,0.00020746242038672234,0.00010048843703172886
6.961811902078536e-05,0.00018181358216563416,0.00013298886086572051
-4.6497131313455334e-05,-4.0487131360283674e-05,-0.00010400210936074495
0.00010220767278299172,-3.7439494476983128e-06,-0.00019747967810559687
9.750396139618237e-05,0.00014793843865176727,-0.00015612382414012573
0.00015882554962395228,0.0004330053474841446,0.00026822029182451676
8.62785676492548e-05,-0.0004445971562690704,-0.0007344885459502793
-0.00016420184022263774,-0.0013265323811655584,-0.001347754115562508
-4.715051678479395e-05,-0.0004929726202735471,-0.0006426948835305835
0.00019014530894023544,0.0002322736226967501,-0.0001521099102261366
-6.925515691953352e-06,-0.00031142713072319233,-0.00042161380695714465
0.00014819800870058706,0.000749469094306166,0.0006479098332062437
3.4131699355793074e-05,-0.0008599123750426532,-0.0008907476441679607
-1.6226530782239494e-05,-0.0007458283182933756,-0.0008211233553146565
-5.3823293951685085e-05,-0.00020891073764693307,-0.0003636334554371689
-3.717493210681429e-05,-0.0009712643714008738,-0.0009930461415565742
2.725223119309176e-05,-0.00021180254934408197,-0.00033238476396308227
1.7451906888164262e-05,-0.0010656995440665392,-0.0011847428651215073
0.0002385366015005952,0.0007538539735407376,0.000569259203650938
9.398158898757825e-05,-3.3901313020274224e-05,-0.00021953297997323023
3.301726474874944e-05,-0.0003102404355011613,-0.0004636263580267475
0.00018310556232062082,0.0004963514804717709,0.00028417406544002075
2.5736750395118275e-05,-0.000576291009342864,-0.0007200024380891619
6.99990809574338e-05,-0.00019353001685804683,-0.0004885183349292098
-1.9082007693198093e-05,-0.00045256774082308665,-0.0006544358953404395
0.0001591071725476944,0.0009144266513863493,0.0005857965460889785
-4.73388541222427e-05,-0.00042596739513822907,-0.000499017327304083
1.9930500800221802e-05,5.4765974585291804e-05,-4.693326371582677e-06
0.00016704683762297208,0.000597768442330766,0.00044933772562921867
3.4150426339177005e-05,-0.0002807451608975741,-0.0006539371981521998
9.534423573925128e-07,0.0006112716543471629,0.00041396872871905593
4.749458199423188e-05,0.00020292088938901593,4.738890635839226e-05
2.888543477991417e-05,-0.00018228078827905005,-0.0004339662928463866
3.393397277725389e-05,0.00024140741487251814,0.00015636835902156293
0.00011440073166121037,0.00042553033106573063,0.0002882993765602601
-1.2256589045651326e-05,0.00026309395115004707,6.86072658804993e-05
0.00013192199209198903,-0.001000982151221396,-0.0011790867903492478
6.0194430159264626e-05,0.00010114854026008525,-4.610067138832523e-06
3.4890909070699725e-05,-0.00010332197207315021,-0.0002720970357857454
0.00013770150758728492,0.00048300420914243144,0.00032214452025971477
0.00014781597180870077,0.00100856244698868,0.0006479044203267913
-1.2146895562577833e-05,4.961423315792557e-05,-9.290028800573312e-05
-5.78592986981083e-05,0.0002691173412244295,2.5073187509229872e-05
6.027259466074108e-05,-0.0002954406357024563,-0.0004648104033128968
5.079095936523631e-05,-0.0007253329779311855,-0.0009442662392202596
1.5380817373339807e-06,-0.00035448343801515,-0.0004650520114779157
-4.61669276697431e-05,-0.00012453129181158552,-0.00027994288425344617
5.142656872859675e-05,0.00034211281149482565,0.00022202049896482258
0.00011443792701082551,0.00020672314815582584,6.098744398090897e-05
0.00015445702933397109,0.000349038047242332,0.00014045785823827366
9.4642714329034e-05,0.0006811799181807804,0.0003234572287539191
6.506026796773324e-05,0.0004447473969996583,0.0003047591967968099
0.00013091421808040816,-5.428516865779536e-06,-0.00016439565474480277
-0.00012111680371621118,-0.00023115636690204555,-0.00028380443263384565
0.00015254480588717246,-0.0005143064544995924,-0.0007208257540069554
6.868585651725382e-05,0.0005126409218185178,0.0002541166465609978
-4.537956551246353e-05,-0.0010805160047292373,-0.0012543728423568027
5.988080028779898e-05,-0.0002124456367628922,-0.0003993107251012549
3.383276432972714e-05,0.00029611906631638545,0.00015929011949539774
-9.835841368576072e-05,-0.00048226125054495213,-0.0006527374692441581
0.0001423048187777697,0.0006541917636268253,0.0005486501423874374
8.736061803198673e-06,-0.00017406474571371496,-0.00032992055035438244
1.5068559607529937e-05,-5.96877735134421e-05,-0.00025392422235842734
0.00013445834441877554,-0.0007803850148211898,-0.0009055916851449927
5.087416128368667e-05,-0.0001591134882826404,-0.00037470271171795516
7.631463973637324e-05,-0.0003517025727468688,-0.0005700945239938613
2.6975167836307425e-05,-0.0008423020757306799,-0.0008556182293965042
5.716954224194276e-05,-5.9794565399094274e-05,-0.0003051516147433564
0.00010561488261746743,0.00043634867827210605,0.0002502404248981374
0.00012064164435729255,0.00017540697487496674,2.8429062876436285e-05
0.00010183883357373698,0.0003008251162289553,6.195224467347342e-07
7.447228936180683e-05,-0.0002086821095046789,-0.00026043780094021457
0.00018293850577435794,-5.887197603283658e-05,-0.0001485519582786807
5.9269445339429374e-05,-0.00020888136962070393,-0.000361307885759642
-3.756510979876078e-05,-0.0004450890893937952,-0.0005833423365834899
2.2394421698515614e-05,-0.0006228062830173327,-0.0007717330813512089
9.728878781016406e-05,0.00013066687180355566,-8.38462368457376e-05
1.2377049627753587e-05,0.0004898782454410636,0.00040517331019307554
3.192090298032233e-05,6.714664365009283e-05,-0.0002063472000712152
0.0001236089243158171,0.0003429993659723985,0.00012806737976513234
3.809788194750939e-05,0.00016614413438936342,-6.836937356024972e-05
6.788572379701411e-05,-8.592612026027936e-05,-0.00034199355553938984
3.7187170023053276e-05,-0.0008048529130491179,-0.0010059042013711597
3.200663731451123e-05,3.970298382254952e-05,-0.00015293950721587514
6.537494784268307e-06,-0.0007940455085266373,-0.00102465015646089
-8.712423614167501e-06,-0.00031145293588596273,-0.0004086263902215241
3.0208943422967968e-05,-0.00024399978029081577,-0.0003033221097350082
-5.454918030804018e-05,-0.0008873155682922207,-0.000996967100237325
4.5020407426407796e-05,-0.00038729215906525285,-0.0006871100421653151
-4.7702514110219265e-05,-0.00030349301538176525,-0.000555022227732529
-2.1203284190856984e-05,-0.0004954703657130591,-0.0007439936884745736
6.903933833063501e-05,-0.0004610465676831976,-0.0006052071065341208
0.00020071885550570026,0.00045331172103276363,0.00029564476394201714
-7.916071687164624e-06,-0.00043548124975144596,-0.0005422066419498854
8.547486499316863e-05,-0.0001244422636383333,-0.0004513650231066837
-3.3806040086342985e-06,8.142943543326865e-05,-7.494833115917601e-05
-5.855742829245078e-05,-0.0007036886916066687,-0.0006998862744534773
9.572407879470438e-05,6.67534289209349e-05,-1.4608171225902102e-05
0.0002200741756783547,0.00018487987661692625,-0.00017134346155959872
0.00012333110549427853,-0.0003480078963244727,-0.00048193381699213023
4.315068216463716e-05,-0.00010206797724572882,-0.00021424871550152554
2.5110996237602838e-05,0.00037317837926248925,0.0002330647262629943
0.00020594579389968606,6.870148921537614e-05,-0.00016859659636312265
-3.57795925119396e-05,-4.886753190342944e-05,-0.00017274683405683989
7.272932705885857e-05,-0.00012362613395876536,-0.00042537397504656204
1.630488703714915e-05,0.00017436371791251223,-3.739422798814556e-05
-9.995833594787356e-06,-0.00024552274120636074,-0.0005155181396477491
8.798698335712039e-05,0.00029765925327644943,6.278847381655241e-05
3.236521588144994e-05,-0.00031122880227737803,-0.0005139374357509577
0.00016185802394409591,0.00022044919825247585,-1.725102484061485e-05
-3.631698769790932e-05,-0.00018062126165327338,-0.00032352370256748757
0.00013625014930842403,0.0003138344228491572,4.3287459159391803e-05
7.922459288455251e-05,0.0004689652862489589,0.0002855372449051777
0.000106996764997586,0.0009501971593939025,0.0007114294289519901
5.5001937927531103e-05,0.00035898016397709694,0.00018025969582320165
3.24128990181137e-05,-0.00040566685831018665,-0.00046340802943234134
-2.375545574097857e-05,-0.0009016676202297888,-0.001109844556249766
2.4393772857570363e-05,-0.0008264522797686471,-0.0008701003468196698
6.217052449208514e-05,8.293135473185333e-05,-8.37657795563591e-05
4.278585303097335e-05,-6.451564466016787e-05,-0.00022253646761357838
7.409735117240183e-05,0.0003563215042792984,-2.010492180569949e-05
9.9521881942493e-05,0.0005800095387520248,0.00027801855726181953
7.701198584447597e-05,0.00010577479936549061,-8.715337530734291e-05
-4.256518849521718e-05,-1.5530008958073523e-05,-7.903692196915241e-05
0.00011483963682882114,-0.00016615281627173708,-0.0003202442662354559
-4.4469115713225674e-05,-0.0006387027258853765,-0.0007570019096232891
0.0001325620596598989,0.00041109373329848873,0.00023096127532081168
-1.1430974402413673e-06,-0.00041560582946567246,-0.0005604287997301055
9.173217835599848e-05,-0.0006798945961399989,-0.0008848317542336597
1.401712466392595e-05,0.00029270392000703513,0.0001238277051904158
4.265510698949748e-05,9.466490733533412e-05,-7.094695435232227e-05
-8.426701021895311e-05,-0.00046125544780620416,-0.0005097309525491467
-0.00011092664171432395,-0.00046572798500010013,-0.000611794979737137
0.0001705539587552516,0.00030454559580220665,-0.00022875879299260848
-3.1116695131574296e-05,-0.0004822480420109622,-0.0005989455644890263
-2.4312883058684166e-05,-0.0005092826989515661,-0.0005745457379143224
-6.020733376009248e-05,-0.0004116437971773566,-0.0004230965634379603
-4.4435798920521594e-05,-5.8177911865407424e-05,-0.00030798641135390927
2.3239197421650817e-05,0.0005956294270803304,0.0003897739425019329
-2.673480808188387e-05,-0.00023537688002994858,-0.0004564196195362893
-5.804008212261511e-05,-0.0005419275346872806,-0.0006156544854169805
4.588325879053724e-05,-0.00047451915332187957,-0.0006010551978084084
6.0350911320129904e-05,0.0003052072976307765,9.309995794090612e-05
0.00012760838494726498,-0.00016575909788821766,-0.00027521985622705377
0.00012903233016603395,2.570034596049093e-05,-0.00013777568169226804
-4.2075003779642296e-05,-0.0004198449602617648,-0.0005958669509892637
8.232882323483902e-05,7.620965685958077e-06,-0.0002731621974318444
2.9916704720143545e-05,-0.0004204525476811157,-0.0006285121531905599
-1.3680471054450076e-05,-0.00042943042097942896,-0.0004766187648706103
0.000128991901455161,0.00040524903608255296,5.480530936132703e-05
9.932575519943545e-05,0.00042866076754464864,0.000221834210035542
0.00014612135085166215,-0.00018399963177394697,-0.0003274081397075117
-2.366895831273615e-05,-9.804039213284139e-05,-0.0002950888599814605
3.9174760728674174e-06,-0.0009263000977707399,-0.0010707507036683689
-2.3046574542741788e-05,-0.0006749201989953561,-0.0009423737262100993
5.607637273933184e-05,-0.000567143005483333,-0.0006737780792289722
4.385951820189596e-05,-0.00024547349276079984,-0.00047410039859605707
5.333558497302975e-05,0.00030170034764710795,7.741657451961268e-05
9.362227234133288e-05,-1.3386976023532825e-05,-0.00020869348706868958
5.026410203333811e-05,-0.0001470825019079397,-0.00035873417742635744
4.093623370620469e-05,-0.00045321570601361517,-0.0006471365813594311
2.1055848534330305e-05,0.0003661232565849124,0.0002015980139117945
1.0262415672920297e-05,-0.0004314788124329033,-0.0005763034998679534
5.104422580681249e-05,0.00025238622259460703,-1.5025250707798081e-05
6.0664859896717295e-05,-0.0003123609010985648,-0.000417637254315907
-5.894979950349946e-06,-0.0007408220298055846,-0.0009223764397903704
7.244699482927841e-05,0.00021186240073877753,1.5140046730455057e-05
5.7444726189506194e-05,-0.00023149846428593022,-0.00029326005341917685
4.758559088703353e-05,0.00015263356703113805,-2.421606856399034e-05
-0.00011343304501839943,-0.0014099588997541085,-0.0014551881838448185
6.736770813429055e-05,-0.0003577962951044091,-0.0005163934587250606
5.707344882832074e-05,-0.0001066846884079553,-0.0002737788298634247
0.00014828440303214937,0.000212843412931753,2.9391179489460326e-05
-2.3799401019057175e-06,-0.00039697063950556544,-0.0006179312796141648
3.506726678686621e-05,-0.0004035071832556297,-0.0006382707945237789
9.761087215715819e-05,-0.00031920829244328847,-0.0005101821263786106
1.446681021877733e-05,0.000341840468060209,0.00010227635828691242
1.737578869424712e-05,0.0005530443587136546,0.00032170233328525393
0.00011788402216969087,0.00032602853616569964,9.280631768577316e-05
7.838888811039144e-05,0.0004873490723979108,0.00040091556833780646
0.00013499967855481006,-0.0002031843910973116,-0.0004399331978239134
-5.249474251540947e-05,-0.00042715996006996096,-0.00042747164152070604
-0.0001236247690062113,2.3427663362674136e-05,-0.00010170287955789734
1.681079098119101e-05,-0.00044860578674370564,-0.00044305793167713747
-6.681536348327751e-05,-0.001471598578488089,-0.0016840115251330616
2.4402086643912098e-05,-0.0006662185797322753,-0.0008175573147330236
-4.7093208785654324e-05,-0.00046082136103969265,-0.0005788403416874247
0.00010925076105430925,0.00013565385836561666,-2.8258897960960878e-05
-4.5598433751930254e-05,-0.00023821814774700292,-0.00042040253691811246
5.888359010831258e-05,0.00022992975154784514,1.886580209495838e-05
9.903172279348359e-05,0.00046219399085826155,0.00023340498126271796
-4.7889484694507175e-05,-0.00012272718464892033,-0.0002442292963962245
9.843588737949157e-05,0.00035036688543105943,0.00017165194111908047
0.0001413951021341402,-5.838062891776863e-05,-0.00018588263684196762
0.00013625726536944938,0.0004882961465401579,0.00022341660220573161
3.43325984274025e-05,0.0006580546176410527,0.0004953838101796096
7.330005734489624e-05,0.0005804237308686064,0.000487523778546109
0.00010351872896958867,-0.00022418775920531741,-0.0004480141885557816
-1.1162438179511392e-05,-0.0003908960341483111,-0.00044399544296503746
0.0001577391822267329,0.00032695526550827246,0.00012895214302327123
-2.7591507130081947e-05,-0.0007290638692676243,-0.0010120674884592964
7.856545683166584e-05,-0.00019966467057708776,-0.0003748145952721675
-2.8895376483966453e-05,-0.0005117547792609416,-0.0005879244003870452
5.3971307196943e-05,-0.0005924697180209857,-0.0006570674191119898
-0.0002020153721214645,-0.0004960520642658004,-0.0006273651236629954
-2.4687297686461516e-06,-0.00010722953817804262,-0.0001621736029995824
0.00010003802278050458,-1.4079450330921003e-06,-0.00022683630100247317
-8.788937452335646e-06,-0.000567796685808101,-0.0008784258028473161
8.248313898208282e-05,-0.00013205530240823692,-0.0002677671094120938
-5.0500635106089445e-05,8.014486214565387e-05,-7.517033134181873e-05
0.00012320737609787158,0.0006703612535623482,0.00040463624796054526
2.749812637201958e-05,0.00033897580217359457,7.474761447902277e-05
-3.671606348058562e-05,-0.0006491742939494276,-0.0006783778147429909
3.122431379743241e-05,0.00046250555785963104,0.0003788703781405239
4.533822225586407e-05,0.0004921679157095646,0.00027309006461029897
2.447528290844256e-05,-0.0013798775366429651,-0.0016472948913194786
-3.5099379580501387e-05,-0.0009479328350536745,-0.000998158514429162
5.271689615034188e-05,-0.00020262436570151813,-0.00046587569430700065
0.00011086010660292684,0.00035272638789512583,0.00019685028289603672
4.721719495772597e-06,-0.0002584954429077249,-0.0005100894565650597
3.388778234496894e-06,-1.0676807675551024e-05,-0.00018156841197466907
6.691606180576513e-06,-0.0006256861537610181,-0.0007404719289913793
0.00015438524719713363,0.0005723335729480398,0.000441723884957594
6.921458493279307e-05,-0.00024539854840337384,-0.0004581432577353223
1.4605282094423125e-05,-0.0010065760934091501,-0.001105922806514061
7.117385004291665e-06,5.087742970327365e-05,-0.00010152235846878758
7.292201200607024e-05,-0.00015483558816289255,-0.0002867628261098639
2.4918959189074597e-05,-0.0007910460345399316,-0.0008448241215257535
6.857827004209393e-05,0.0003668087633165315,0.00011917017031225766
-1.6783024761162364e-05,0.0001465058117497782,6.291367737399296e-05
5.521497620027921e-05,0.00014662723899753046,-0.00011769636971407623
8.379303771482362e-05,5.6834077561453155e-06,-0.00017193596068763815
3.452510651546344e-05,-0.00018915745771816596,-0.00035166291797104676
-4.4035814980141716e-05,-0.0004942110996084708,-0.0006209075256211927
7.660871101448767e-05,-0.00022189226270054918,-0.00029693962386351746
5.490693211572287e-05,-0.000803846752646358,-0.0010462130933023466
4.413901357304363e-05,0.00023867835575057793,9.01887223100399e-06
-0.00013326019620301887,-0.0010824109147206235,-0.0012042761165098855
-7.687813135556925e-05,-0.00020905243849957163,-0.0003258203321890668
-0.00013557187684970997,-0.00027095198237536147,-0.0003491934085065154
1.1161405695331574e-05,-0.0002704773576880528,-0.0003340686144425929
4.653614846588809e-05,-0.0005734062036017809,-0.0006442542382831965
-3.430959875263623e-06,-5.003377655710416e-05,-0.0002306320607274523
0.00011089800501474394,0.00024626530357452653,8.865001559796136e-05
8.040977180476494e-05,-0.00021557152195511125,-0.00040367183701145817
0.00016937335547525243,0.0014493415229002247,0.001095534886749047
0.00011411180942382196,-4.154736194738904e-05,-0.00038009627384693093
-5.201205995931392e-07,-0.0002767168225236926,-0.0004165871044391784
0.00010479416003328316,0.0003421677909886206,0.00015865316394855083
-5.339249463918864e-05,-0.00036110950648703924,-0.0005432987933782057
9.396013431636042e-05,0.00010879352932423875,-0.0001264617216775999
0.00013138576517482826,0.0006148209968952519,0.0004327087290345833
-6.697142358482025e-06,7.54488841679961e-05,-0.0001661492151497032
-3.829607144485074e-05,-6.896959848188094e-05,-0.00020620075907128242
9.871459783585885e-05,-3.705982706703366e-05,-0.00026262893690148824
9.556991216576948e-05,-2.470992248805793e-05,-0.00017801571350757072
6.209556063017834e-05,0.00045132684200817905,0.0003156520906324289
9.939736123818209e-05,0.00010007871124447987,-0.0002148464168385641
-0.00010857071436498706,-0.00048308162257286355,-0.0006545414984499168
0.00014640298508058016,8.510409028663997e-05,-0.00019465177195961304
0.00010218565592621888,3.988822775573713e-05,-9.006444053463726e-06
5.935000943346698e-05,6.427691310540828e-05,-8.552099819643738e-05
3.115326682441466e-05,-4.6244076727285414e-05,-0.00023353253611406455
0.00017314235986592375,0.0003363710207957729,5.3801112926322694e-05
-2.085354529278869e-05,0.00011472828607936578,1.6356755559609755e-05
2.8348250417214912e-05,-4.8917193920526493e-05,-0.0002743581727293527
-6.730179248686563e-05,-0.0002637123674060456,-0.000508885898829496
-3.686754729723448e-05,-0.00017938868169501852,-0.00030659860289992177
-1.7749810310912535e-05,-0.0008391351874680228,-0.0010303098170840082
4.431325368912557e-05,-0.00017188721672912216,-0.0004412393533641897
5.467209562149666e-05,2.080648457757013e-05,-0.00021871732833449113
-4.373856310989875e-05,-0.0007548212009196133,-0.0011008252647048008
0.00022521071654385338,0.0006907338190316115,0.0003482420567038888
-4.0474828808339456e-05,-0.0005561219485805409,-0.0007465978110948519
3.885746259713819e-05,-0.00022808745507157664,-0.0003162423239484088
0.00019963808470534563,-9.139845459227801e-05,-0.0002235555146924792
0.00011106951523527701,0.0011014438430434676,0.0008439512908414479
5.274225783898415e-05,3.101047209704824e-05,-3.6431808281680916e-05
0.00012191504756628795,0.000581269462279079,0.0003871588855304825
7.382007594557353e-05,0.0007224060403941334,0.0005265321092118095
0.00015009553274365655,3.3984372661585054e-05,-8.830330558259728e-05
2.0243840478899317e-05,-9.02024372857685e-05,-0.000400557756544091
-2.2612221774533775e-05,-0.0003200640741256777,-0.0005115958836806392
-7.681094819946086e-05,-0.0005901997352864373,-0.00062220961854798
-5.7520541145059716e-05,0.00015371427230211047,3.0503776115338015e-05
0.0001552040745355131,-0.0002496456349754281,-0.0006108096172820045
0.0001579370074062864,-0.0004199644859672288,-0.0006057442795565159
0.00010820283488990727,0.00018247258552004742,3.2396811575951346e-05
0.00010012967183931457,0.00015000697432062705,4.550797349923143e-05
3.425341652588427e-05,0.0003661076033653328,0.00020893262762586203
1.5348005135436377e-05,0.0002187098585908766,9.595325098255606e-05
-7.160848130812771e-05,-0.0008533293954933557,-0.0010626555901201724
0.00022602778670737303,-0.0001455589021558954,-0.0003470725151107168
1.150634861216589e-05,-0.00035266879206862785,-0.0005147595554764561
-2.247025436257421e-05,1.3785243862184451e-05,-0.00014301165009849496
-8.089120171995981e-05,-1.7669184704202287e-05,-0.00022565696886844876
2.363368244298451e-05,-1.7300956126127694e-06,-0.0003711033305242589
-9.90264128364097e-05,1.2933067704496245e-05,-4.802780312682144e-05
4.8156720163610106e-05,0.0003387430748892832,0.00020677051757376564
-0.00010197130392081643,-0.00021631893478959275,-0.00046057842831094797
5.6785408401483915e-05,-0.00032292072476576095,-0.0005265262962248767
8.784519946118364e-05,-4.5808454052648364e-05,-0.00019024857317701622
-0.00014673974238196241,-0.0015247648664878453,-0.0016421753813246668
7.327100812705236e-05,0.00044907695328318174,0.00021225851870578468
7.221635103263292e-06,-0.0001171286199288417,-0.00028988248243526566
-4.371483455099242e-05,-8.761364167402926e-05,-0.0003098159912268703
3.135900640184082e-05,-0.00034934946356630876,-0.0005084876146464207
0.00011749442519962757,0.0009371071243617768,0.0006881917814620761
2.703853105859587e-06,-0.00013635785723280935,-0.00016773512254823682
0.00013408520454882155,0.000649072191877893,0.0004468299387631608
3.0641453948067674e-05,-0.0001604367885891738,-0.0005642190795958485
-8.491629776830658e-06,-0.000606291394683837,-0.0005727929126096106
-7.137923057529984e-06,-0.0008172614607463666,-0.0009499669373640032
0.00014443444736617623,-0.000345546987663239,-0.0005559942932098381
-8.450849552978987e-05,-0.0008181632010934701,-0.0007732694499969054
9.643198555551503e-05,0.0003979802834145646,0.0002036700057253625
0.00014179296073080778,0.00014683824038759724,-2.5368557994668054e-05
4.13280579092188e-05,-4.795533520432195e-05,-0.00024362277438880588
1.871111774102364e-05,-0.00025047110944487324,-0.000261572734863562
-1.1201963078318636e-06,-0.00024704678378999483,-0.00036714530626492773
-2.8750506499117083e-05,-0.0002523768142672905,-0.00038516351703906683
-5.9802006708028306e-06,-0.0005324887086198417,-0.0005860437552737092
1.6179552130250315e-05,-0.00044679947326884014,-0.0006620307062241627
-0.00012685315074314658,-0.0005965324716094053,-0.0006432131181711437
2.4987909283674746e-05,0.00011885533267280349,-5.082304141168373e-05
-7.759028882675745e-05,-0.0007540394018391346,-0.000780282576555723
0.0001994577393304703,-2.8867285522210767e-05,-0.00017690473755994503
-0.00019398440789029095,-0.00033871736552439037,-0.0003715817258113171
8.288446766980108e-05,1.9021378239468588e-06,-0.00023678004529071372
9.029184917775901e-05,2.6171265656921893e-05,-9.14212793351783e-05
6.315441677982289e-05,-1.1916595400568596e-05,-9.703004331240989e-05
1.1798309206519124e-05,-0.00013859274383502712,-0.00029687951434880725
1.8845122094747483e-05,2.6667861016097915e-05,-3.692278553370499e-05
7.978397485981672e-05,-0.0005084423743903384,-0.000663679398515743
6.1286409218166e-05,-0.00019772528723088322,-0.0003668347246673611
5.8032247049627245e-06,3.066028584251216e-05,-9.510395682598205e-05
0.00011935613155008052,0.0002294032251314813,-0.00012390484444470346
3.995591775876359e-05,-0.0005003196620246337,-0.0006305227899915079
0.00013207418406991397,-0.0006521762655622869,-0.000690869864008024
-2.8420977403128433e-05,-0.0003274251780116732,-0.0003808292164046475
1.6227698998205352e-05,7.51904520809225e-05,-0.00011976439199811992
5.8618121696013754e-05,0.00038240520206604895,0.00013309246514095634
6.588389722920053e-05,0.00034125878316151116,0.0001686263137573741
6.64958429977793e-05,-0.00020433260875259398,-0.0005872149190983282
-7.316861171573991e-05,-0.00039438741831396404,-0.0005356548071402836
8.215061038069205e-05,0.00012682254039615554,-5.3418241415158774e-05
1.784147871899788e-05,0.00017706850880150725,-1.6117613489322584e-06
0.00010982907065760624,-0.00028281324521989455,-0.000335073826677382
-5.112235988478795e-05,-0.0009880843317443169,-0.0011057552013592862
0.00013861684574034217,0.00032631358431709336,0.00011447681610635127
0.00016070573319515793,0.00034860552551123055,0.00024466764169868394
0.00010815460053715048,0.0007679783247621311,0.0004721547373382174
5.391263932862103e-05,0.0002762926745467676,1.9368560144049818e-05
0.0001292640061631803,0.0008191050889674513,0.0006368571698631261
0.00013799142503557213,1.0720748199874377e-05,-0.00012501498120663483
8.9057448841759e-05,0.00014146549801595125,-0.00018592861024562484
5.122818088644583e-05,0.00016809459176086457,-7.398211543927004e-05
4.439429503796843e-05,-0.00015591398250209968,-0.00034346140987242255
5.021921246218828e-05,-1.3703255046390014e-05,-0.00011163810048114216
-5.522847911113482e-05,-0.00021694896110781737,-0.00034913695481813287
0.0001903744576638629,-0.0003862772795432507,-0.0006090572057735583
-5.8310441357355315e-05,0.0003808466747310224,0.00022277869117025046
8.509925315006197e-05,-0.0002950125259968331,-0.0006101139226791812
8.869842653532397e-05,0.0006957666238640025,0.00042379094782895715
2.5403860056754738e-05,0.00046566700929093457,0.0003374052804712716
-0.00012204373386680582,-0.0010574622263462435,-0.0011684908021014008
-5.073238367969113e-05,-0.00044331549890312303,-0.0005411964734771871
6.713285703352156e-05,-0.0003337180741331522,-0.0003751578558672676
-6.704017668476665e-05,-0.00023768001869575142,-0.0004334054657250027
0.00010396047241162157,0.0004864664397611026,0.00013417851816086433
-2.6196870873560147e-06,8.753358107757415e-05,-0.0001825041651290249
4.453330631744808e-05,0.0005007365380768167,0.00023632162817912322
4.466711252860606e-05,7.6043905355596e-05,2.7512192550877983e-05
-0.00010989411354010663,-0.0005739528004764787,-0.0005689367140106379
-2.6207002540818604e-05,0.00015889566394642585,-9.600775137360131e-05
4.1952829044130974e-05,7.489037695260898e-05,-0.0001609876962584845
4.986441586614459e-05,0.0008522125922867436,0.000694078225858258
-7.0286273198926885e-06,-0.0007102125235733791,-0.0007995044726333177
3.474603729414795e-05,0.00022279846085258184,0.00010244854746696691
6.780666723276866e-05,-0.0004070875027413744,-0.000597307674953243
0.00013298151528929727,-6.296100010001336e-05,-0.00017800139967467563
-6.221848125257439e-05,0.0005652738530808991,0.00039199384547186384
4.50330900463635e-05,0.00021184323125809405,5.2598115816823444e-05
9.608556002061907e-05,0.0004851109587049108,0.0003004436518726952
6.963733090613126e-05,0.0004459910710381106,0.00033857728191315624
1.927826821653694e-05,0.00017933194279026978,5.468982513621824e-05
1.5521969613863405e-05,-0.0011451936889033132,-0.0012961842674454468
-3.4741882786730054e-05,-0.0005236595528134326,-0.0005428209707696766
-4.677724298110097e-05,-0.0002608337063088939,-0.0004072389901392876
5.528489851361908e-05,-9.697470418645768e-05,-0.0002455732116960023
-2.316046677086346e-05,-0.00023243193954486323,-0.0004843736476088761
0.00011138050796850051,0.0009677692395016286,0.0006057932122544955
0.00011846324134963014,0.00031421326186137366,0.00012875804868067668
0.0001410697206409766,0.0005660456240026223,0.0003796467529835389
-4.754710246887271e-05,-0.0006210370379922457,-0.0006858178504602272
-5.25219662784329e-05,-0.0006583559830702535,-0.0008002298122367821
4.153010485911845e-05,3.935099469331015e-06,-0.0002725629957671103
-1.5578116083682426e-05,0.0003898266022609224,0.000253242159440522
-0.0001231366924172262,-0.0014679528687618097,-0.001553742254316286
7.211717836764407e-05,-0.00014660594088740874,-0.00039759673017548914
7.350232051587849e-05,0.0002711958905391341,0.00012904959771906153
3.625117335756675e-05,-0.0001249023143895102,-0.00024602887159798543
4.2146915668770095e-05,-0.0006751462655703092,-0.0007964882547639873
7.506910707371019e-05,-6.875661812537238e-05,-0.0001491085307381018
0.0001304627346111486,0.0006430925745793978,0.00031868795344798415
2.784839616477375e-05,0.000602062821270376,0.00033837403522063404
0.0001517960407901922,5.61456245341771e-05,-0.0002814696325495778
-3.261686369525159e-05,-0.00039147822828092054,-0.0004917037173016232
0.00015545658055672736,7.277080916797736e-05,-0.00012317522729252936
3.9016895798116925e-05,-0.0004211959712895371,-0.0006341310814833164
5.627003864874122e-05,-0.0005128641928466806,-0.0006784366591746572
5.4884192541214334e-05,-0.0010658931414972122,-0.001313454636339622
6.957830356174379e-05,0.00039039886956627264,0.00013501342973304303
-4.5919419237861934e-05,-0.00028138188301853257,-0.0003848819713619773
6.451830204870854e-05,-0.00024684183008055017,-0.0005236579158345864
9.335611917991605e-05,0.00014851437685172372,-9.77534534125655e-05
8.822477792518716e-05,-0.00019036249718690592,-0.0005706320627364924
6.060246835332123e-05,-9.222163607677136e-05,-0.00017517992591343945
-3.0541570132035256e-05,-0.0005568936712021174,-0.0006488125435685222
-7.293641201936603e-05,-0.00024046612048504628,-0.0004278609200947206
-4.64117635441623e-06,9.198356601908226e-05,-8.961272294509303e-05
9.197449173188317e-05,-0.00048657052246016386,-0.0006191334659220919
-6.916901728444485e-05,-0.00013016304973696206,-0.00023584288553545158
1.1590014265390223e-05,-1.2697919477308207e-05,-0.00016096085829439967
3.8964038096148606e-05,0.0004265143024772094,0.00010799735171996278
3.918100781109097e-05,0.0003913122219121815,8.289384863098789e-05
8.40748592738574e-05,0.00013057504978192935,3.388258309955352e-05
0.00014740956649971084,-8.73320568373457e-06,-0.00014866113215187746
0.00010020713315630822,-0.00046298881647290253,-0.0005953319745856705
-4.9329296691630954e-05,-0.0004910422543038836,-0.0005524266862378187
4.0880089838122484e-05,-0.00012570371957175457,-0.0002549232885619262
9.854120278723226e-05,0.0004083087048789815,0.00029742241561177453
9.237018910241348e-05,0.0004620434172036923,0.00034575763426765573
8.555994288857042e-05,-2.728286838787265e-06,-0.00012120627623844032
1.7319321875933663e-05,0.0003680942786809952,0.00018392806495024414
3.2077209398486463e-05,-9.287612037482026e-05,-0.00023268536569883262
7.507921131955049e-05,6.258303581414231e-05,-0.0001110803610907688
8.687641730996032e-05,-2.818796622755846e-05,-0.00024097457864631893
-2.0414162114654178e-05,-0.0003746245491568105,-0.0005422396767651851
0.00010041392023772027,-0.0001844693348869297,-0.0003438532229300691
-7.607800081209392e-05,-0.0012242331371475825,-0.0012422133675674056
0.00012466589174419876,0.0005457744745715005,0.00031962551305028604
4.124476808885527e-05,0.00035834705858254665,3.1246515435831595e-05
1.1480627834899675e-05,-0.0005179527086355052,-0.0008205528806077404
0.00014592988180651457,0.00015302568788356252,-0.00021318603002057495
1.3001940299220248e-05,-0.00047318896509252443,-0.0006291876971075668
6.887738223853175e-05,0.00017162853854068528,8.42006261569303e-05
0.00010648741953842646,0.00029711587845000407,7.864713617125707e-05
8.137224459468616e-05,-0.00019747603179713297,-0.0004133774659360309
1.064151368028877e-05,-0.0009293841955194944,-0.001044201449807301
2.7769109556108514e-05,0.0006015073565908879,0.0004829683228508631
6.041028919795936e-05,-0.0006083994438239123,-0.0007153585488023998
8.258438749416195e-05,0.00018375651443839036,8.831827117989861e-05
7.878441170082134e-05,-0.00031162408067170866,-0.0004031534316026591
0.00016531391133513287,0.0005473659845791493,0.00011997893612868062
-2.2076664891098664e-05,0.00021895927287095355,4.465699406173577e-05
1.5031628111651868e-06,-0.0002824495071159596,-0.00048522981599388075
6.391939639603506e-05,0.00013122925647639263,-8.050393252097371e-05
3.7265658111630936e-05,-0.00046859129402230794,-0.0004581559001161771
-0.00016429989914500088,-0.0004173335841964826,-0.0005531723826232031
0.00019116977902520124,0.0006021329950851492,0.0003085864488877772
5.552958830728203e-05,0.00011253374991838801,-9.121743140215637e-05
0.0001076070731291111,0.00046736973641281444,0.00028899033128386474
1.9215941810906415e-05,-4.050603181874639e-05,-0.00019852668629215058
9.729302228331631e-05,-0.0005073676317984351,-0.0006629252086128082
5.211704335378458e-05,0.00035219093633851795,3.702450736313892e-05
7.77033356623641e-05,-0.0004195349164674301,-0.0005436140365328094
-6.393557256735864e-06,0.00048737638112901634,0.0002602557017084699
5.7847169984978394e-05,0.00017208413190444402,9.084440392611087e-06
5.7261885915555074e-05,-0.00010836738393291945,-0.0003119693322657242
9.479575015292494e-05,9.302941393810109e-05,-0.00012939321129770822
1.4647467515988526e-05,0.0005158482557994337,0.00023554375055983824
6.851088411816592e-05,0.0006552517311763602,0.0004765689834439723
-2.1732246068428167e-05,-0.0007006434030297906,-0.0009025728139887168
6.749993450913537e-05,1.80469010951361e-05,-0.00010747677680655724
-2.3269188477107535e-05,-0.00016235503720394244,-0.0003497937757401164
0.00014799348251057245,-0.0004226957802708368,-0.0006458717653503216
7.95445161860626e-05,0.0005456241061500089,0.0003530397431252483
5.8418200306347296e-05,-0.00034187259283979885,-0.00039702772044225744
7.202764431721321e-05,0.00013182239367385466,-9.513641368453832e-06
-5.4153817661437156e-05,-0.0005313535587985721,-0.0005268852121246745
4.817260840711611e-06,0.00035753490955833117,0.0002452232133936674
3.8211640154007796e-05,-7.550375597740201e-05,-0.000210648713614213
6.600720645814245e-05,-2.89703992172666e-06,-0.00011629373358307599
0.00010963534263121514,-0.00031412995852043583,-0.00036719497773307885
-7.50790895595607e-06,-0.0003814505502972901,-0.0005241193205012436
-2.1673973097636155e-05,-0.0010707098532083356,-0.0012325315433772991
2.0592369389719762e-05,-0.00045025225065993936,-0.0006605941141242898
7.049208580784088e-05,-0.00022753828545981673,-0.0005213834514499081
7.40487098803537e-05,0.000527016941746064,0.00022686679055962026
0.0001004114779661695,-0.0004721545119279188,-0.0005518929827179163
0.00012609840616380674,0.00024646570772127695,1.224548056661126e-05
0.00016916765281669452,0.0008445120976353763,0.0004495953056903482
-6.027504228255066e-05,-0.0005872030067444832,-0.0006481982233718813
7.097408504472003e-05,6.237338951848952e-05,-0.00019964252873174592
1.5889423126297668e-06,-0.0001223917161629621,-0.0002708554082596966
3.071320526894903e-05,0.0002484791423168574,1.6346816103739582e-05
4.470631815178052e-05,-0.0004366900504092358,-0.0006573601240633545
0.0001604663090783634,0.00048460920112079276,0.0002581464422367235
-4.461115879753741e-05,-0.00026123233917928006,-0.0003756960671206206
6.37962859774328e-05,-0.00020448385061650007,-0.0003577006590929717
0.00010358224181217373,0.00034304856034000127,3.832962745115809e-05
5.447072074657471e-05,-0.0006655150805239371,-0.0007594929338120208
5.900776812199201e-05,0.00010771764986917436,-0.00010914800141188438
5.101117685194382e-05,0.00044061754866948525,0.00019607345049278596
0.00011174059010024472,0.00013886029258203147,-0.0002051215427159224
1.973977777550666e-05,-0.00022697213766577497,-0.00023292294881508533
2.4436824424707167e-05,1.1958212194012601e-05,-9.061613439988872e-05
3.3333928332826654e-05,-0.0007531037009833218,-0.0009257074608038883
5.501157289173453e-05,4.372608882262984e-05,-0.0002761735642587462
5.279359707089989e-05,0.00022430168422642714,0.00011409222064217369
5.8941813952915394e-05,0.0001096757207865813,-3.8638450480430294e-05
-2.7340026606583736e-05,0.0002124263593265738,-2.336470394818661e-05
6.266800047814949e-05,-0.00024620808911244175,-0.000460416349862488
0.00014011197368252198,0.00029094090350454706,0.0001153275538295082
4.0258257587316596e-06,0.00011344430066178722,2.8142031346884875e-05
-5.44796871760913e-05,-0.0004300356951418581,-0.0005927233421669281
0.00010691271512288685,-1.089694730346832e-05,-0.00021100754730896975
-4.566929588275543e-05,-0.0003546029842609224,-0.0005534734035040935
5.299661229160146e-05,0.00043486793797152827,0.0002506277522993371
1.260192769007867e-06,-0.00011017963222685961,-0.00015379128422227735
4.260257482527875e-05,-0.00040825358191575356,-0.0005180474581407555
-9.041062080318595e-05,-0.00034953172235558186,-0.0005172297125001
1.0566274415475932e-05,-0.0006701841330634202,-0.0008249929349731034
6.40431618745294e-05,0.00013613587114079775,4.0906240566409286e-05
-4.542749215062018e-05,-0.00039860164751176843,-0.0004805397657920197
5.6188458537758475e-05,0.0002580716317740114,2.5793308914125645e-05
-1.5395753770233782e-05,-0.0005117788973564405,-0.0005351679752496843
0.0001282855077383267,0.0009553415467321277,0.0006567331833585126
6.401854001891877e-05,-0.00011761603101989341,-0.00025490075458140893
0.00012558146808967956,-0.0005094603707730128,-0.0006281324715297432
6.345120838831454e-05,0.0002090742792079724,-8.543053966135936e-05
-7.44500069437199e-06,-0.00010648484723827477,-0.0003070831755772541
7.016806933622294e-05,0.000587110490568391,0.00048093218360764563
0.00010544643969016444,-0.000253040829911391,-0.00034899077807954657
0.00010620461420634918,0.0005739104556383787,0.00035984765890014977
0.00011520350280457947,-0.0003877364669408988,-0.0004761506804884125
0.00016828907942848938,-4.7481578153731746e-05,-0.0002349255663248466
-1.4067827632192258e-06,-0.0004307473488267704,-0.000574919193147927
9.975290724371813e-05,4.0952795034141044e-05,-3.7785886867597215e-05
-9.305123969758158e-05,-0.00015923738097302505,-0.0002631578267977228
0.00010843116789433063,0.0005722517954893498,0.0003864472539434683
1.7082284583613643e-05,1.931412434929029e-06,-0.00012330170853066736
0.0001265542494252685,-0.00022511302368838994,-0.00044141960767737215
5.5106923269701086e-05,0.0003484598505634766,9.23886787296262e-05
6.689803917040788e-05,2.824850109616015e-06,-0.00015189158052453285
-1.8602144804790116e-05,-3.205898475200483e-05,-0.00017872964526168165
0.0001210209937614088,3.947691997535985e-05,-0.00023573398342425627
0.0001408962803476543,-1.0337570199931887e-07,-6.305687064731001e-05
0.00015922841290114668,0.00017473487675224037,-0.00020536874076623984
0.00012352498736335334,0.0004680071371047377,0.0002100956900579125
6.628370338516431e-05,-0.00020510060514270618,-0.0004605739123777964
1.7211573088386366e-06,-1.1473357223895067e-05,-0.00011628477329077245
6.1016589488316504e-05,-0.0006711706801970224,-0.000770939649602314
-3.354395401658814e-05,-0.0008243881517745595,-0.000998878349659884
-5.175918488749368e-05,3.7545170059935244e-05,-0.0001398793154374241
4.489794427777887e-05,0.000419193550956232,0.00021230136293153877
0.00011116199407905077,0.00028843639281673865,4.274179126001812e-06
7.564784644609724e-05,-0.00021949762053396498,-0.00038845129161582876
6.559320727120551e-05,-0.0002491258601614889,-0.0005018299151813238
5.027018479587762e-05,-9.044041388859558e-05,-0.0004443642244681879
0.000184486584411167,0.001304989673749644,0.0010135711414459786
0.00014727784515584203,-0.0005067279852388506,-0.0007127379247014697
1.7486947313767593e-05,-0.0002067466355203573,-0.0004408797959131685
7.188893546501173e-05,7.580917793803912e-05,-0.00023710148523073353
0.00015011389698113076,0.0012430283642099979,0.0009345100799646529
0.00018128461691417868,0.0004115976375040762,0.0002454519516132664
8.914876308484953e-06,-0.0006331208496358875,-0.0008542298884813572
-2.69411236621675e-05,-3.757564141503028e-05,-0.00018133149508753487
7.816486803686966e-05,-0.0004770384621842694,-0.0006967438612765541
-3.822302715657876e-05,-0.0002577676208299402,-0.0003122390418876036
9.842921569946526e-05,0.0003545013203838169,0.00014155733837411052
-7.001110297204246e-05,-0.0006066720950229417,-0.0007376676259763903
-3.6777181947995994e-05,7.236545409574935e-05,-0.00016492041975063783
-3.3055173631574275e-05,-0.0006890788801188592,-0.0009118232979513002
0.00016715093294485545,0.00020245045373491727,-2.0586462439174975e-05
0.00011763175860653184,0.000682904325523368,0.0005309139363928216
0.0001063669007225863,-0.00015344617991058974,-0.0003864429120836485
9.243143975776377e-05,0.0007386741451267405,0.0005757150600023495
3.48945900782086e-05,6.243781634515258e-05,-5.3618303223413366e-05
0.00012644949746249196,-0.0006271159071436747,-0.0009345036170991692
5.557939956066818e-05,-0.0005647368877396046,-0.0009355620715774416
5.352632775040497e-05,-4.036571317745882e-05,-0.00044017780346781315
-3.429920637530986e-05,-0.0006221285632694482,-0.0005980873475818332
0.0001563508494870141,8.386682519555995e-05,-0.00017084110228129064
7.195903109424192e-05,-2.8564406977165936e-05,-0.0001410083757357296
6.046130886283723e-05,0.0010121336238272593,0.0007050900859216115
-7.680069253818752e-06,0.0003747080180048977,0.00029940741304284755
0.0001738400166177506,0.00015138958442623843,-4.668391649721323e-05
2.755473164816027e-05,0.0003318837647277511,0.0001829349597938963
6.423500340254392e-05,-0.00020696929904265396,-0.0003890687351096355
0.00011002164978791873,0.00012141544010162828,-0.00026523157587787446
-2.6065032857163878e-06,-1.006940279742729e-05,-0.0001985288433287058
0.00010802809274762591,0.000415085664948987,6.36989003497659e-05
-1.6688275258970484e-05,9.869898922611406e-05,-7.527492254875669e-05
-1.2624625635961366e-05,-0.0003981991324378785,-0.0005793301313095204
1.7927801173074897e-05,-0.00109156754586098,-0.0011818038931290865
-1.5182241061531527e-05,-0.0003265195527482102,-0.00040939918647520395
7.350972086071664e-05,0.00011607388483538363,-0.0003218958577402586
9.369774500396608e-05,-0.00038176750309052365,-0.000596015448361002
3.921295483579973e-05,0.00030006495396710985,-9.072168072202016e-05
5.3106690079106735e-05,-0.00015902587991831999,-0.0004688128256761549
-2.5723333329961625e-07,-0.00024971337692308415,-0.0004233911545516483
7.740559383081108e-05,-0.00014976145789166582,-0.00027300841460508034
0.00011954893124143607,0.0004675309517360198,5.726432842028455e-05
7.549677127371561e-05,0.00011601977297967913,-0.0002090072345687424
-3.619076275877142e-05,-0.00023807193293896959,-0.00030795232899794397
6.16702592973706e-05,5.988618138300634e-05,-0.00012181169765257212
4.145598432752983e-05,0.000379271129428575,0.00023574827974615114
0.00011802741246488794,0.00022838502080602414,-1.3924317131361655e-05
3.816118355404481e-05,0.0004544147748263379,0.00015725541156487463
-3.5869358694007986e-05,-0.000761778747829039,-0.000816566748433189
2.9376256898213895e-05,0.0002623550764742044,7.079785855373222e-05
2.7581663125587094e-05,0.0003133544076467631,0.00014941739122078742
6.69904236160073e-05,0.0002691187428098283,0.0001348441969806764
-3.235900664342971e-05,-0.000729850725298822,-0.0007764807838166668
8.24807906890472e-05,0.0004450582583739428,0.00027932503271904863
4.374505906778607e-05,-0.000259283194675145,-0.00038392275362808255
-3.39424961346012e-05,-0.0006795282102307914,-0.0007407849202239965
9.281244029258655e-05,-0.00026710863347005176,-0.00037905825717672267
4.679241607099632e-05,0.0001885425143486441,4.55062107885937e-05
4.427781416272198e-05,-0.00022858952555701925,-0.0005277275903583522
-3.98329407753372e-06,-0.0008732971587186279,-0.0010407531757204642
4.571221943320904e-05,-0.00015055100125633904,-0.0004590971206146993
3.238651521572574e-05,-0.0004037853415609299,-0.0005622865085045721
-1.9031742934744704e-05,0.00012425658435766582,-0.0001328123998609171
8.218795469247829e-05,-0.0002476911711515317,-0.0005067044354332715
5.3263362492001485e-05,-0.0003382524358015569,-0.0003627662362465635
0.00012609260836323507,9.611209806732686e-05,-4.3717134353154e-05
6.702303708324247e-05,6.334839933910461e-05,-5.068136600331442e-05
7.764272942228117e-05,8.869129678549145e-05,-1.0535517192310592e-05
1.2045953943849637e-05,-4.572223449693891e-05,-0.0001178406442124382
0.00010002225755699731,6.772669390757164e-05,-8.069362308635915e-05
3.100345155767183e-05,-0.00044433506315843597,-0.0006708981786748097
6.127357454771651e-06,-0.0005760048476826994,-0.0007708090647797281
0.00013891104756604886,0.0004299480481943913,0.0002648048792880318
9.342990435528385e-05,-9.524467922033454e-05,-0.00021735186487572677
5.467769584360034e-05,0.0002533650628439983,-3.18146427382338e-05
-4.5307788786612055e-06,0.0001634181663355445,-2.5077034166344047e-05
3.2911270866328875e-05,-0.0004151624838212212,-0.0005230421130300553
4.545830512044464e-05,0.0006026314414641549,0.0003463549200025924
3.462810136490221e-05,2.711544076479585e-05,-4.502155217988011e-05
-5.930303474830869e-06,-0.00020580348513552632,-0.00031003426768377894
0.0001359946841416918,0.0002301366312346738,9.667840100473332e-06
-4.18205095234527e-06,-1.7472050080497622e-05,-0.00016234131486548916
0.00021401198881374834,0.0006043190724752363,0.0004250761174158387
0.00013915583934027802,0.0004430497239738076,0.00025874789676336846
7.161547731444994e-05,0.00036822777402104257,0.00012078328220144365
-1.3020493281572091e-05,6.0684407055519165e-05,-4.2670254491326744e-06
1.0549121640930723e-06,-0.00042433813903735223,-0.0007704266855217193
1.2600689429010525e-05,0.00045425579289411054,0.0002400265945564426
-7.527684951497048e-05,-0.0009017003003672558,-0.0009289866322411282
8.6791119214728e-05,-0.0003330176483712713,-0.0003774476620429509
-8.348961464891948e-05,-0.0008591525258133056,-0.0009407393359404492
1.9694225614965517e-05,-0.00041099056174229734,-0.000571779262255081
-3.893420253549215e-05,-0.00048639371429766583,-0.000717694447894862
-3.1991919749114366e-05,-0.0003190460425603076,-0.0005172614683788198
7.055683971438922e-05,7.302152455978246e-05,-0.00025901934856526187
-1.624775725110871e-05,0.0002589250746291892,-8.66896235065536e-06
-4.288760089436584e-05,-0.0006281955136078647,-0.0006918545832421591
-2.948703624993507e-05,-0.00021190495814202984,-0.0002997679461979473
6.741533514078373e-05,0.00030313835264554113,0.00010028980545573709
6.233609762335023e-05,-0.0004561070254118883,-0.000656937916661078
8.478468252652035e-06,-0.0003819300344002993,-0.0005571455198823295
9.460541282704863e-05,-0.0002803055351950067,-0.00039562037399447304
8.401466747919289e-05,0.0001348620147502716,-6.0637463971862445e-05
-9.067405755874082e-05,-0.0005677225526172882,-0.0006446886421535201
9.408788673311e-05,0.0004013253371582239,0.000105747598075027
7.990363489189147e-05,0.0004671814607514429,0.00023533342496364154
4.4181779408509564e-05,-0.0009592776765449348,-0.00120011630007128
0.00013974401636905717,0.0003280868116313105,0.00015028869480550533
9.001882875429459e-05,0.0007873073015650817,0.0006370421342023433
-4.975034364741932e-05,-0.0006058421652871983,-0.000665699359694922
-6.291302605425738e-05,-0.00014604266635645684,-0.0002910865713743004
0.00012400667026212688,0.00044455137243115493,0.0002552512187191464
0.00018176524658508402,0.0006567612106936801,0.0004746476848861332
3.54030698530676e-06,-0.0005059628897953248,-0.0006314274363410717
3.970058876129814e-05,0.00047451960065862436,0.00025998516113714287
0.0001246747967986443,3.092101097959527e-05,-0.000254079521368345
2.0380112473937598e-05,0.00019875013277059444,4.881002674677197e-05
0.00018115316292006525,0.0004750010298345673,0.00025661394190287475
2.617781389186092e-05,9.928495643199165e-05,4.969887432693622e-05
2.3782280873870898e-05,-0.0006211836810048354,-0.0007002790728278894
-6.175964453004879e-05,-0.0008237407321005155,-0.0009229605096287888
-8.82642957526082e-06,0.0008690795921709111,0.0007091414737463809
0.00011967163832951933,0.0008905914463345729,0.0006595515799236629
-2.2795278878432935e-05,-5.340957405984039e-05,-0.00012236618704675759
0.00018012768487727482,0.00038099853759982996,8.435444155635867e-05
8.348225454825895e-05,0.00033105824250020087,0.00011938867382061433
0.00016809244025642951,0.000577832746534871,0.0003239382737238454
0.00010018372914255899,0.00019104761619288832,-4.3132201836927386e-05
-5.653205343106381e-05,-3.8571351781435084e-05,-0.00024905984996331906
6.542267548451054e-05,-6.775237255396302e-05,-0.0002853690890924108
6.884138204004176e-05,0.00021963212358639588,-6.561901706083207e-06
6.229174664728398e-05,-0.00023620078284698103,-0.00030072897380179565
6.808274571992647e-05,-0.0007130742411947268,-0.0009339625295175863
2.93898203305593e-05,0.000241352213246514,-1.7298283471476635e-05
0.00011344892030225987,0.00029653092335886727,5.39038468641331e-05
4.622481731050626e-05,-8.580244221296414e-05,-0.00029385365636731787
-2.643187512502951e-05,-0.0011022896392641167,-0.0012538988946139088
7.882714781776032e-05,-0.00047025785478708266,-0.0006385265259423703
0.0001447133229863241,0.0005123005099474339,0.0004178409307457114
3.156775004020741e-05,-0.0002692048623602728,-0.0004524211000735131
0.00010419757301068083,-0.00016466292890334627,-0.00023935314463340062
0.00016606688211198755,0.00048018027399672405,0.00021536072722237317
3.1484540331345665e-05,0.00023278333817086585,0.00012101383106429381
0.0002270921197980533,-1.9341277889511535e-05,-0.0004812837095028368
4.1460835348556847e-05,-8.226381708107295e-05,-0.00025726032736567074
0.00011655923566784698,0.0002660952261395759,0.00011181995179254787
1.6472705812151252e-05,-0.0003410966140138225,-0.00047786660490410524
5.6386423501789666e-05,-0.00022658829456962318,-0.0004448264963482696
1.784536698474766e-05,0.0006179040941089199,0.0004522139437037186
7.749027264645217e-05,-0.00037809042331755764,-0.000498191576818567
9.891543185289449e-05,0.0004126177300970581,0.00021750709451397654
1.1677816479287287e-05,0.0001971488407690035,-0.00011396471237324203
-4.1909548722991735e-05,0.00023999542211967817,0.00014211932823731207
6.920630412423614e-05,0.0002375742278121127,4.6631309681450644e-05
-3.7751091010941254e-05,-4.793558698244923e-05,-0.00017608363706416995
-4.6926530734283376e-05,-0.00022100954204165422,-0.00039858055103954206
9.025872589890356e-05,-4.603552443653309e-05,-0.00013765413647083089
6.189176825715918e-05,5.893673889940051e-05,-0.00013515918125751153
3.193789939813407e-05,-0.00014072959462836627,-0.0004186244475865963
9.671874569196009e-05,0.0005111360465527506,0.0003277265070502887
4.788958429795498e-06,-0.00031205493261356155,-0.0005196574902195004
5.809008632596781e-05,-0.00015414126125293254,-0.0003092188345955706
0.00013359199519329202,0.0007035844291266037,0.00036209210036484616
0.00010657934642820855,0.000500663977337365,0.0003613459837111311
7.70688439107973e-05,-0.00028427488289350174,-0.0005351091235879216
-1.7939383527773036e-06,4.15398393571774e-05,-0.0002164612117382701
3.2061026377055003e-06,-0.0006420303525466701,-0.000724324020211737
4.810356850180558e-05,-0.00022942292581275682,-0.0003820775746595111
8.807879530234994e-05,-0.0001987876950137665,-0.00022226413429082573
4.4368447850234795e-05,-0.0004694548969541067,-0.0006212265275091681
1.100631843354327e-05,-0.0012162998261405489,-0.0013934807392775722
0.00013930769137236317,0.00045031251435247556,0.00024281400892176849
-1.4599190218190903e-05,-0.0006395343842054962,-0.0008202083450781603
0.0001268947045830927,0.00028855545395195764,-3.7824725423636196e-05
-1.811695183019771e-05,-0.0005048146158996058,-0.0007529304487178218
0.00014825293236675794,0.0002783749062242345,0.00010975929063009854
0.000181099264863672,-5.933971199755618e-05,-0.0004522450664912554
0.00010885771225025226,0.0005450556227525121,0.0003593962197570016
0.00012557388215015945,-0.00037466976788885276,-0.0005592319804590618
6.751831016553849e-05,-0.0003808675517637217,-0.0004929047468669496
0.00011391239694326103,0.00021761262040574281,-1.3098680335179972e-05
-7.046098085774285e-06,-0.0004553934326068188,-0.0004862337968668719
5.04566358116106e-05,0.00018211851942218812,-3.3164847344611817e-06
5.855298943386393e-05,-0.0006690193307436294,-0.0007546574441829325
1.0247460348527593e-06,0.0001600601806185017,2.1745569681374735e-05
0.00011974177487322543,-0.0008114844664352701,-0.0010709215516537458
-6.128121237041503e-05,-0.0007692451246300389,-0.0008376826037057893
-5.3640629167506215e-05,-0.0003962268444950638,-0.0005047455559424852
3.262619217454164e-05,-3.2583658295744667e-06,-9.49771499620582e-05
3.781933480573077e-05,0.00013465054274857142,-3.544071531655897e-05
0.00011344569868296115,0.0004684551043946498,0.0002457151303118741
-7.899540603990114e-05,0.00015261839673476812,3.3067016242247876e-05
3.0789233407887805e-05,0.0001922405205158716,-0.0001549941290527386
6.555515931752867e-05,1.207215159349057e-05,-0.00025020430275052866
0.0001100522262738226,0.0005063131206749924,0.0003218794263593075
0.00012064713440027394,3.677875490696049e-05,-0.0002695231348309487
-0.00011407575081915535,-0.0003007604325247058,-0.0003683371848553974
9.192387414817346e-05,0.00014344335419143387,-7.513436401273443e-05
1.731906322678786e-07,-0.0004077464686582235,-0.0005938328438581351
-1.55676916777518e-05,-0.0012284816053573493,-0.001291408525207111
3.7010992519464564e-05,-0.0008919906808000339,-0.0010869277226076774
8.809769480578095e-05,0.00017380220231954984,-7.331733801177202e-05
-6.021932989578495e-05,-9.554223076825618e-06,-4.4400865302881616e-05
4.5490835453375805e-05,-0.0006538950280062033,-0.0007215226404583519
0.00013105039836444447,1.577118208838679e-05,-0.00017484178553209707
8.903209313505092e-05,-2.1412967761121028e-05,-0.00019441757477872665
0.00012886322600797465,0.00026698387380899417,-1.1970982296099342e-05
2.5269901031262207e-05,-0.001200349140851758,-0.0013256353088753536
1.8905486227686717e-05,0.00029554145193624095,6.967958322684926e-05
6.605731091243173e-05,-0.00011881627585088697,-0.0002127059730357763
0.00013344743794710466,0.0007177546966214811,0.0005562552394041529
-2.8549732786351076e-05,-0.0008087633730462995,-0.0009961621443821144
-0.00011118613348062167,-0.0008057859567996755,-0.0009715881371907345
-1.9657874606043315e-06,-0.0009261186151639382,-0.0010294249534787314
-9.49757780970955e-06,0.00011251343707257893,-8.47508727217759e-05
0.00010948758632717894,0.00023006959392202333,0.00017641386741669923
1.6321010626508674e-05,-0.0003374835252122768,-0.0004882329703254144
2.6358234945620068e-05,2.57687981661053e-05,-0.00018263173881347136
1.3478971882367426e-05,0.00011228181416082305,-3.817335111286151e-05
-3.669550185716024e-05,0.0004010549714006733,0.00015648463192482624
5.756938194851195e-05,3.909586580884533e-05,-0.00014588493875664915
4.1500285809512456e-05,-0.0006206471650725447,-0.0008277930864788314
0.00017771887166418104,-0.0002941360179220068,-0.0005045474003210677
2.7664244092040605e-05,-0.00040983307154654144,-0.000653465959203078
0.0001064825080008865,-0.00026873930715823867,-0.0005454114875689816
5.427099423950952e-06,0.0006184341147336843,0.0005003082252606165
5.789564411277863e-05,-0.00035652511059726,-0.000492441855962149
0.00010994922106765249,0.00012474257067030705,4.661989546039574e-05
-1.167598908687192e-05,-0.0006285508036477465,-0.0007555238635243366
9.036519166610574e-05,0.0006647648423633132,0.0004156612687534082
3.4225315411344942e-06,-0.00016634380560307302,-0.0003494540388360482
0.00013113431107832945,0.00022627067156096736,-5.310069616409885e-05
7.031560880410435e-05,-0.00037049712199989837,-0.0004893796742909289
8.341113095260705e-05,-0.00028963806205852064,-0.00043581475585599034
0.00013558090039979362,0.0006219663320144156,0.00036235158331185483
0.00015242830107311107,-6.260631273882082e-05,-0.00017964325925063116
0.00015290124505293226,0.000502165480646163,0.000326639702951714
5.8778830556732926e-05,-0.0006266669265865919,-0.0007459987739669566
0.0001410521598009153,0.00012695143702021362,-4.6966379701707776e-05
3.737303256803805e-06,-0.0012111405518767174,-0.0012553187941236872
2.3685612980072193e-05,-0.00021873275319402776,-0.0003363391429111645
9.646716173200668e-06,-7.041262582386361e-05,-0.00014919902178291069
6.525376221464956e-05,-0.00023511645584209658,-0.0003573999385267758
5.737802373378343e-05,-0.0007758805393021598,-0.0009796356442738664
7.235680815763352e-06,0.00045126861315575046,0.00034373915363268017
3.561870602428859e-05,0.0008450550081507487,0.0006614419136441047
-3.991636918903858e-05,-0.0006115633897252704,-0.0007738373063340032
7.160911095935437e-05,-3.341324541054959e-05,-0.0002555531883457026
6.356258329786143e-05,-0.000579506530960557,-0.0007044239934179139
4.278178986933539e-05,0.000278866258711067,-9.151307480098248e-05
8.188322801524613e-05,6.42210308539336e-05,-0.00028857520035153767
5.432716506553151e-05,-0.0005438108049230857,-0.0006169570170770392
-3.68622327751373e-05,0.00010217541679897755,-3.3223129943304845e-05
1.9985878669571055e-05,-0.00014528109202736238,-0.00034286171306830056
9.38902570093438e-05,7.619266432839223e-05,-0.00022960308472828395
-9.974545017107028e-05,-0.0009778732514483107,-0.0010637045642684438
8.494471125387558e-05,0.0004301454918661309,0.0002532758462070005
4.3674499327737865e-05,-0.00034398161412231847,-0.0003547823658206846
0.00017082551002781693,0.0006534619388912077,0.0003812317825097782
3.086206785098754e-05,-0.0006025745607095819,-0.0007169111381312399
-2.539472315100114e-06,-0.0003251339492124753,-0.00043402380619146034
-4.393684413725072e-05,-0.00030667548455696683,-0.0004210270335305965
-6.18897117635612e-05,-0.0003046701261693701,-0.000691840234993048
-4.50440863787582e-05,-1.150341825183589e-05,-0.0002227680393843406
4.588371719247267e-05,0.00019593159147265448,7.836423888099239e-05
3.372272993294769e-05,-0.0007926039522287399,-0.0009633992509219045
6.320519595463223e-05,0.00039500850707624045,1.2126699525367806e-06
5.6964437466244875e-05,-0.0006085355188269214,-0.0007118985087998539
8.1940355860603e-05,-5.142614389985596e-05,-0.00026351412988460856
3.988466169610851e-05,0.0003049857708880256,0.00015752409061398407
-0.00014685426911773827,-0.0006141979455469898,-0.0006670786443523483
-4.096252723962066e-05,-0.0005185640410920027,-0.0006694494281923229
7.635463097465057e-05,0.0002717483480362313,0.00015345735215911656
-1.0098715856173354e-05,-0.00058640005986896,-0.0006669793720511698
0.00019370582626119582,0.0005427952560202372,0.00042839681739344714
9.509875123223986e-05,0.0003832600292558851,0.0003221354017224027
4.5509037474391484e-05,-0.0001870172504272106,-0.00025769050695354325
5.9920621232195876e-05,-9.480232449001627e-05,-0.00021497630148524318
1.0801611072729344e-05,-0.00041961452909373693,-0.000603923541575777
-2.553102754036602e-05,7.284707100656231e-05,3.5523944436439283e-05
8.24621466183961e-05,0.0001932519184348093,0.0001229839887256656
0.0001284244584140324,0.00038517361492267007,2.7538441008109472e-05
0.00012071762396683427,0.0006607235058333951,0.0003674991031616889
7.818951639115867e-05,0.0005113411649339033,0.0002939286250454002
-3.72878822102857e-05,-0.00028659890281506207,-0.0005126754232984685
3.7844593924368547e-06,-0.00033536786920517294,-0.0003741963004185117
-0.00014021146272272898,-0.0005036831716446744,-0.0006123606402191175
7.005118667320322e-05,-9.687161337024251e-05,-0.00024698687206689074
0.00011123423181328325,0.00026635449586379605,1.2985406186300508e-05
6.33871581117974e-05,-0.000587957731379592,-0.0007902248618349278
-9.583323581031941e-05,-0.0005807816595269277,-0.000626775422425606
7.579761976243574e-05,0.00042741267356990336,0.00021632931965677828
4.678735739659447e-05,0.00028486488245893987,7.676587069790761e-05
1.6801383485862007e-05,-0.00017902516926666408,-0.0002896471548202804
-0.00010015500805901165,-0.0012538934658747319,-0.0013358093885787736
9.980524879199781e-05,-0.00024199753826087802,-0.0003864126493103399
7.61463626402146e-05,0.0003575340273462639,0.00019102763781474508
-0.00010234763963830345,-0.0005502041238496001,-0.0005137165267416076
9.086036438134371e-05,0.0006609440514000564,0.0005124902508527564
0.00011725799913822206,0.00033518213819632754,0.00013784271154272846
0.00014230274183334673,0.0004766651800591794,0.00018672557749568755
6.734906054838142e-05,-1.6523206667747942e-05,-8.65380352618415e-05
-6.894318861806482e-05,-0.0002282520984835962,-0.0005879542151766983
4.159094959399121e-06,-0.0006835551796297349,-0.0008579852734173914
2.9119240731224726e-05,5.1800874881209944e-05,-7.13756314177324e-05
7.05587218849956e-05,0.00037641986831975764,0.00013633000580859386
8.480787304117641e-05,0.00014170560183498132,-9.885299725729087e-05
8.082827865096921e-05,-1.3408435067308275e-05,-0.00021631536347695417
0.00017279179291182972,0.00018342188093837728,6.229368403260414e-05
0.000145832542423155,0.0004902261301966845,0.0003087011873680478
0.00015624774531922762,0.0002872355389493781,0.00012191478637949054
3.052544474670428e-05,9.710461110256085e-05,-0.0001396398879372253
1.58700612500567e-05,-0.0008169630951677391,-0.0008930173417190103
-2.1140513007775628e-05,9.589392011703105e-05,-0.00010324103396764713
-1.4273656555994905e-05,-0.000203584126252875,-0.0003491926674869032
-4.5587682303255056e-05,0.00010477409148357562,4.2621166092128235e-05
0.00010350347371187316,0.0004893954839234474,0.0003149755392680925
5.740481762759144e-05,0.00019783580510822569,0.00014143749780478126
4.603749122469194e-05,-0.0002279240026494706,-0.0002760811383795011
5.34226120828275e-05,0.0005076503781503522,0.0003460024799921892
8.096374601106044e-05,0.0001793829816680492,5.953961622551747e-05
0.00016608604094796179,-5.5935739078495004e-05,-0.00022388305644455343
-1.4640839780426861e-05,-0.00013324856253185306,-0.00028419297538134964
5.238185620274786e-05,-0.00042657922400512056,-0.0005355140696378062
0.00023703979126597796,0.0005276774633325876,0.00017388551554699554
6.875651499929476e-05,-0.0003019179445979958,-0.0004714618702831234
-1.5972975915211574e-05,0.0011827406059977986,0.0009549952756060892
8.928405495320902e-05,-0.00012434441174775568,-0.0003424178486821223
-0.00019324351723204995,-0.0005566211724858001,-0.000960772761165514
-1.0481023649321525e-05,-0.00018162920733838623,-0.00042951499279562293
0.00010966453156496857,-5.96417914052051e-05,-0.00032224003473700776
-4.462379272756371e-05,-1.820490138480106e-05,-0.00019538113662001113
-1.5190181977239479e-05,-0.000490508246261328,-0.000656684607020772
3.980296555566263e-06,-0.0005833447008691643,-0.0007439192032192193
0.00010503236529069257,0.0001878899197008452,-6.278952611576819e-05
2.5417118949609837e-05,-0.0006308295201053393,-0.0006807789572385814
7.946250963511058e-05,0.0007708974602915503,0.0006343438909202202
0.0001606677360548033,0.0001901239954609127,2.3705223149896487e-05
0.00013278980234770772,0.0002552962371732892,0.00011554446632978263
-1.8469766319164906e-05,-0.00036184861766876586,-0.00039963333298444507
8.557635970554237e-05,0.00018771514115096765,0.00011138087524612642
8.691978115070717e-05,3.953960187444914e-05,-1.6443106119177727e-05
-3.970492560913236e-05,-0.00024317401507105787,-0.00039014614272444876
5.021983761944139e-05,0.0008636373879745815,0.0006986875695162188
-1.4546742011478891e-06,-0.00038045256432586884,-0.0005257227382792419
4.1502445639825345e-05,0.00019687761804882927,-0.0001485102122705038
-0.0001289753423031207,-0.0007823869881259881,-0.0008233497531598122
-4.3419408158062225e-05,0.00019988545361045433,0.00016748471721922064
9.056136923893496e-05,-0.00020258814946565754,-0.0004874004023146365
3.691073960907953e-05,-4.610993333780006e-05,-0.0001450471867014727
-3.589419010307073e-05,-0.0007221055662111023,-0.0007430534203221392
3.72863916517668e-05,-0.0002639362791073248,-0.0003514927101496196
2.5934642828217522e-05,1.3126865259687788e-05,-0.00017490639878858788
0.00010804676958883037,0.0011412593412724497,0.0010190653170228418
3.835465005464465e-06,-6.664265193058362e-05,-0.00021268291704880387
1.4828603224945487e-05,0.0006842762702705188,0.0005119959619657023
0.000161660701880152,0.00021195555465452055,5.3311672967079854e-05
2.296288968162949e-05,-1.9184461900042816e-05,-9.597520847790499e-05
5.656609460565927e-05,0.000121779095159024,-0.0002015271563322113
0.0001727942145502049,0.00026192295717269705,6.049460528837084e-05
3.341277786246133e-05,0.00028027199313043386,0.00013885516942601902
-1.4736090247315591e-05,-0.0002576433138628413,-0.0003514810384577986
-1.4666811953963576e-05,-0.000774099456789053,-0.0009363961187264869
-0.00014962066104178784,-0.0015649961351150675,-0.0016607524570085353
0.00010586508919875037,0.00013550844305721974,-0.0001460440686836331
1.558601605298969e-05,0.00047459438028843307,0.00024992932338770363
0.00017602103756040425,0.0003110504471218314,-3.848523061681473e-05
-7.197956234435235e-05,0.0004685832944140413,0.0002408671111767808
5.096783003357498e-05,-0.0005423963427585122,-0.000778446645742086
6.774684914170737e-05,9.940956952325075e-05,-8.144519939787351e-05
2.110612569011905e-05,-0.0007973460426842914,-0.0010411379150190338
7.773635675021158e-05,-0.00025519458786450906,-0.0005598588707297044
-0.00015307702160020887,-0.0010550728762309435,-0.0011862070170395392
3.691922643909502e-05,3.008552409667221e-05,-7.460222595022538e-05
2.944824354235613e-05,-0.00041273076406397207,-0.0006069514172126424
3.4553072577567104e-05,-0.0007500575818214573,-0.0009952649806084265
4.321815986601995e-05,0.0005839698148408681,0.0001593058673714639
-2.22206527606395e-05,-0.0005480091008859948,-0.0006794934055246284
1.495067015719952e-05,0.0001787339094101086,7.054306604083729e-05
-1.380110732865944e-05,-0.0001368451948017608,-0.0002823000807786212
5.435677807988224e-05,2.3457973445113907e-05,-0.00031010002755511704
3.961697562720433e-05,8.54369114500532e-05,-3.4078672326569046e-05
0.00013795656517535292,0.0005457015632457864,0.00037406861477095005
0.00011216962643690432,0.0004794351817621062,0.00017994609372352588
3.968646090860207e-05,0.0006401733536050416,0.000493333767751873
2.9283008822557116e-06,5.899372882713949e-05,-1.2344862121780773e-05
5.412201813056536e-05,-0.0001782191722685237,-0.0003052081306036931
0.0001684355868476392,0.000516927094609505,0.00019793391166537868
4.213648954991804e-05,0.0002794371266108147,9.012785573538496e-05
9.114552802133127e-05,0.00038351697199175675,0.00012951801702789801
4.595288209974376e-05,-0.0001571478956333451,-0.0002668070093026025
3.912993285376767e-05,0.00027064115950348975,4.533584538187847e-05
0.00012251209716199278,6.439582489779468e-05,-0.000225784928856704
-2.9619915557887007e-05,0.0005527916223235005,0.0004052249888077797
-2.549731733075071e-05,-0.00042705865887113486,-0.0004096492838038432
5.187175089763592e-05,1.9274660396214417e-05,-0.0003116281493806253
-2.8347341078500233e-05,-0.0002226686990116005,-0.0003256881934105406
2.19410160417851e-05,-0.0006393711481845073,-0.0007167271536150347
1.6382377108337497e-05,0.0004239299176316806,0.00034957857193953704
9.854751754296925e-05,-0.0005081773999885432,-0.0005597900380813221
5.351640772691653e-05,-0.0003140046399961404,-0.0004491706532395662
1.9279494865149214e-05,-0.0005855379177869472,-0.000791956456777747
3.4885084676917634e-05,-8.242870405465513e-05,-0.00025371805565286426
-4.159776170716993e-05,-0.0002072486570552623,-0.00025359751893991853
8.631107890408809e-05,-0.0010499369883587208,-0.0013891522170488592
-0.00011045097794102384,-0.001023373521108354,-0.0011140695796286863
-2.829666536496633e-05,-0.000485315113202334,-0.0007052237860351088
-1.8862290197808217e-05,-0.00035186196167166176,-0.0004585313926061625
-2.7760516460393296e-05,-0.000367800428041121,-0.00048079208448684164
0.00011302543600420721,0.00016695807247174175,-9.833747002025548e-05
0.0001643095271272273,4.995652480305185e-05,-0.0002096332582882175
2.5001139732822006e-05,-5.276737376227633e-05,-0.00018059858079254163
9.221186988814231e-05,-5.542929206605308e-05,-0.0004054124179938243
0.0001758524717514956,0.001261732526476767,0.0009023684198451719
2.2471441000795488e-05,-0.0002605535061491915,-0.00032585925691597624
4.8112067902118955e-05,0.0002745854635750926,0.00014679031671920376
0.00014129917419689796,0.0004715687048493473,0.00023562034051572594
7.646402697515217e-05,0.0004851058025689679,0.00027263879836778845
2.4408359829303412e-05,-0.0009112262073035221,-0.0008826120180205226
3.478726588651581e-05,-0.0006093493722104886,-0.0006699755856521107
9.3100327448604e-05,0.0002803654353342362,0.00011289320856034118
6.278527429159652e-05,0.0005269567720539892,0.0004543802011825692
3.086494716045881e-05,8.099603777424073e-05,-3.0915882327017815e-05
1.3022759573025908e-05,-0.00027792976469284757,-0.0004269048331859097
6.159836885841391e-05,5.3188708367172475e-05,-0.00011226676640021053
4.894684861900066e-05,-0.00021490434936694943,-0.0005394020901858956
0.00014727278364468896,0.0007328405978155972,0.0005118360980391632
2.5240768441606376e-06,5.186661097672698e-05,-5.9070968876471594e-05
0.00019211654085286913,0.0004325774541494625,0.00015439908562379126
6.56394574465513e-05,-0.00031637228887538855,-0.0003520238264583199
0.00016155202905749578,0.0003985173202472322,-3.893640117090858e-05
0.0001021986938226228,0.0004290169662117173,0.00020091167261028462
0.00019204756501523993,0.00031982910619636213,5.5863478166251376e-05
7.608933269370789e-05,-0.00015700838671764308,-0.0004703761166575157
3.536660402483643e-05,-0.0004836501031443099,-0.0006234298021276451
5.086606981226922e-05,-7.688738874705447e-05,-0.00028464218186778715
7.916129085840402e-06,0.0001094246676816142,-5.975190872038924e-05
-3.859661769985723e-05,-0.0009443211223925829,-0.0009820253428446289
2.9921766175344794e-05,-4.569931398959879e-05,-0.00023677470747832693
7.460856941970701e-05,8.882466875458013e-06,-0.0001921132151247285
3.872802199781343e-05,0.00011757358591844153,-9.575835037108746e-05
7.577989641546285e-05,6.434294928008813e-05,-5.655694088607568e-05
-2.647424201569125e-06,-0.0011079328344637128,-0.0011356096815037012
5.695983135857394e-05,0.00019882532143003035,8.098868225133464e-05
-4.8540025230815314e-05,-0.0006462587965292085,-0.0007535244072019088
7.556825017987118e-05,-0.00016106679219387912,-0.0003082237034925891
2.3229972402326457e-05,-0.00023422580140693784,-0.0003264635935683309
-5.896618121598233e-05,-0.00048246903104717684,-0.0005732292045126459
9.735444800941576e-05,6.734809963886126e-05,-0.0002091159261494222
6.741657047642232e-05,0.00022099857241827974,5.506678247288059e-05
1.7974684814437878e-05,0.000318459336695182,0.00013381447225350318
8.10765586441435e-05,-0.0004085080807315661,-0.0005869248565037627
0.00015019855126390382,0.00012371711180884004,-2.718153463875209e-05
1.079336091565499e-05,0.0002762131821349961,4.258981120580077e-05
4.8789711172868286e-05,7.033354751953188e-05,-6.118668517379481e-05
-6.333695749550654e-05,0.00016362438577386974,1.7813181086231202e-05
6.480258638311231e-05,0.0008081544211512061,0.0006404553315780422
8.960859486474026e-05,5.872287966945003e-05,-4.988972339806051e-05
9.118197576255606e-05,-0.00010456352074592515,-0.0002675236092510746
0.00017321618202811019,0.00041865484694894356,0.00012691332458356435
0.0001420558206721832,8.763234469478127e-05,-0.00012272590635766819
1.1626084053004831e-05,0.00044222232815427685,0.00012744933604426153
0.0001191664318188944,0.00016104678694465582,-0.00019435309056058884
2.6838158019700165e-05,-0.00020640594972708265,-0.00040708321680468416
1.6904831043409692e-05,-0.000417938591611862,-0.000491117024891846
2.9202957509689086e-05,0.00013211389022532323,-9.758565294602399e-06
-4.403146317648332e-05,-0.0015659876422671906,-0.0015953615897044246
-1.7581480925725804e-06,-4.19026101003097e-06,-0.0002138379558134727
3.131763885192741e-05,0.00023621248896847408,-3.422982012308187e-05
0.00012221224664844878,0.00010125681219370356,3.5934281986346625e-06
7.228647470917124e-06,-0.0011181234398732309,-0.0013944048174985453
8.840203939751791e-05,0.00030680586319434543,0.00014738313594418365
-4.113292011404673e-06,-0.00044643643507890767,-0.0005836737392928384
0.00020067166291948515,0.0006144274393223352,0.000313959828303783
-2.8681520706111765e-05,-0.00025799677763388657,-0.0004847889605063345
0.00016853332191088776,1.0216543525279104e-05,-0.00013886092001016436
-4.158952823283426e-05,-0.0009737992621116276,-0.001013057954126481
9.531068851237887e-05,-0.00038838954613478426,-0.0005884303867261026
-6.24317436467107e-05,-0.0006750553781820863,-0.0007543700986330644
-0.00015753276685600016,-0.0007446526332235081,-0.0007813232013606946
0.00013618649820312933,-0.00024404026150229074,-0.0003482189840097502
8.12359615378776e-05,0.00011697544534212579,-0.0001049719593636296
-2.8132767727814313e-05,-0.00017990389483649272,-0.0003423939891119652
-7.875782287438193e-05,-0.0007148462350542941,-0.0007896070656917974
-6.836412696230651e-05,-0.00019456695991708627,-0.000294923289852081
0.00012082068552404516,0.00031302952290276876,0.0002536016828795862
1.1087463937890421e-05,-0.00037860801737695665,-0.00045428445193854865
5.472287330970463e-05,0.0005913644695649682,0.0003649924133978508
0.00010219620408352504,-0.0005606639378282158,-0.0007670727509378793
0.00014511035262322855,0.00017376790321778964,-8.889164930579789e-06
4.899652662990287e-05,3.221367024961445e-05,-0.0001308076187234821
3.533852389866159e-05,-0.00015180520617613948,-0.00022057684940454068
5.344410746282324e-05,-0.00014900919094903764,-0.0005126003945452431
0.00011924002419360894,3.924590880049435e-05,-0.00013825840696568922
9.266890460747502e-05,0.00015256220393194806,-0.00011342671853276682
0.00011441062266058342,-0.00030332555524278113,-0.0005265471594550157
3.89867114404393e-05,0.00010613104714193012,-0.00017922181835978632
4.601807357604694e-05,-0.0006945596583889796,-0.0008056895590041985
0.00011303633476986133,0.0004609422967666549,0.00021126596456108013
-1.6557085672658256e-06,-0.0006166537880971529,-0.0007075492181390945
-2.5111053578555137e-06,0.0003187084678012393,0.00018485067081764725
6.568306289335936e-05,-0.000489468926341759,-0.0005313598192133119
0.000100083713587879,-0.0004397112206135061,-0.0007979827430116605
8.773066275064592e-05,0.00016423921247813686,-1.1307055344563193e-05
0.00010376769019386427,-0.0002548500223762529,-0.000515401339690664
1.8874929410231714e-05,-0.0002070777600377825,-0.00031210100261541354
-3.063114054075908e-05,-0.00026435662407147016,-0.0004220253418641154
-6.840445330770156e-05,-0.00016464528962138492,-0.0002460829913689675
0.00017546686641612574,0.0006654415790695767,0.0004306806652636555
6.72888645690588e-06,0.00012591925104868265,-0.00010567221633069624
0.0001845424185605992,0.0005675250531802328,0.0003032342207791217
-0.00010208010550907289,-0.00034544037489547705,-0.00044152539446759684
8.705271209150494e-05,-0.0006219009001680502,-0.0009323569046415502
-4.768991149583409e-05,-0.0003469702101961796,-0.00047553082236608793
0.00010845296017003038,0.0007650766921489898,0.00062376223660116
3.864762849576972e-05,0.00020020737171071504,-4.728637547161426e-05
8.649752382349182e-05,-8.612500297156204e-05,-0.00028384059877795104
8.740775502397925e-05,0.00018316041437798993,6.245548569466955e-05
-0.00012273660433369154,-0.0013116606068394958,-0.0012561543933819613
6.837575219121347e-07,-0.00036432142508262716,-0.0004324250867266236
2.1673979419360793e-05,0.00024716843243752706,0.00014642086756759868
6.003670522303686e-05,0.00020321247349990146,-5.9587206119296135e-05
0.00016542938319365197,4.2075599717054506e-05,-0.00018762126235467792
5.7898009247184704e-05,-0.0004749568056526746,-0.0005724499527696017
8.472262053246656e-05,1.5293643875567315e-05,-3.629603811982653e-05
-5.009148148259006e-06,0.0005344517404865233,0.0002699031941575138
4.9102570929663415e-05,-0.00032854525849119684,-0.00047514913751612383
3.472096290679379e-05,-0.0003612862370091037,-0.0006104743183616983
9.163110332280697e-05,0.0003823699153994316,7.897074699781968e-05
0.00013220855005639142,0.0007261277841657142,0.000522431936227083
-2.0587004456406975e-05,-0.0008717905284535486,-0.000925434384467254
-4.6150605898717304e-05,-0.0005133897216698787,-0.0005782921307037445
-7.222386407732589e-05,-0.0007300652769975945,-0.0007715258836833827
0.0001622537775900323,0.0010092162150436936,0.0007273449932241475
0.00018072601921484662,0.0007024031135175339,0.00037064364088779946
7.037585616634747e-05,0.00019190132112559141,4.6033393826689506e-05
-1.2828942863673197e-05,2.9153115830321622e-05,-0.00022266163526255193
-6.267146071347042e-05,-0.00048256682608594604,-0.0005778554167288892
5.81017538690966e-05,1.2384213673671118e-05,-0.00015142924061633137
8.995952933348275e-05,0.0004260976823501862,0.00021948087404726152
2.325627751686521e-05,-0.00010181743590970889,-0.00020923683939833633
9.577148512228357e-05,0.0005261415833905369,0.00034591844061250434
0.00011483666152732377,0.0011362549939647416,0.0009347052255766242
7.039370421706672e-05,-0.00032766843037381046,-0.0005741543463347636
0.00010172298347113241,-0.00036947606002425346,-0.0005265737757395632
7.38248958445581e-05,-2.822823968993377e-05,-0.00020819468701986003
6.751417567206337e-05,-9.969343013871117e-05,-0.0003273844815097912
8.1708861276497e-05,2.2596725729904176e-07,-0.0002224994616225188
0.0001482893782365448,0.00034310683688412486,4.246826441585462e-05
8.461019014216573e-05,-6.552063608170377e-05,-0.0002061247332694961
4.096599892061608e-05,0.00014187718414981513,-5.474384519317909e-05
1.5265385756923567e-06,-0.00032776610798191145,-0.0005883256152643283
5.0590047012945635e-05,0.0003340485588821428,8.582008290587424e-05
3.954533482601354e-05,0.0002690389767085973,0.0001356181096801146
0.00011587009439989492,3.324948561548663e-05,-0.00014742073055891636
-3.0348867454259494e-05,-0.00031519442864310504,-0.00036484897341579364
2.816711522267117e-05,6.36668954672412e-05,-7.913744821143106e-05
0.00015891449011071936,5.08979692006295e-05,-0.00021831452656983022
8.053542654672345e-05,0.00038261986491122164,0.00020581061524359073
0.00010037577584645017,-0.0002528925708239991,-0.00048507045392355867
4.726890333022724e-05,3.177276905840483e-05,-0.00015922548226823894
9.431648963650861e-05,0.00029494444871145824,0.00014186606404684315
4.1492167589659505e-05,-0.0003482781541058133,-0.0004274308655115331
9.442610751466378e-06,-0.0005244786199046736,-0.0005883517683357041
0.00019226176279236605,-0.000163890492953301,-0.000542980936480504
8.850707548571283e-05,6.267277458829552e-05,-0.00018883499457647676
-9.856914437450385e-06,-0.00020613656926905666,-0.00041395377897651437
0.0002165503154376887,-0.0006396941955055425,-0.0008847816013170836
4.6409158639106485e-05,-0.0006785516697098276,-0.0009012162348705315
-0.0001064642072174951,-0.0007927299072649939,-0.0007901523626391917
3.139104942878211e-05,0.0002147042899016788,0.00012844864322003474
0.0001169673126711592,0.0006267783331907509,0.00039943538146687584
5.5967978947104506e-05,-0.0005427872602237911,-0.00066052048617136
7.718158286788097e-05,-9.723578046246073e-05,-0.00023848773166869791
7.705614419221585e-05,-0.00010789908448328683,-0.00038107250689681205
1.9781459430645538e-05,2.5786920576640417e-05,-0.00017028968294964877
0.00013059725341452034,0.00010505505923470831,-3.104346802950428e-05
1.6586526970768637e-06,-0.0009675833851958977,-0.0010494066193055033
2.6870896498563582e-05,-0.001035948452791014,-0.0011059236361003783
3.119647365236531e-05,8.326488638758095e-05,-0.00036801020104199576
-6.49815153358173e-05,-0.00047546703421224126,-0.0006259238617403874
-1.7276822082310336e-06,1.3763446875635505e-05,-4.3723824406776286e-05
5.689897425287404e-05,5.271634636737273e-05,-0.00015088230369817945
-0.0001092186126579997,-0.0008707831988493017,-0.0010570394013955508
8.97370368076977e-05,0.00021024282052800226,-1.6845944121893924e-05
1.5130286961750666e-05,0.00042684361331124976,0.00033414041136133965
4.162854982152307e-05,0.00012377766787230167,-9.683006771807229e-05
5.118344613347381e-06,-0.00045158576016133655,-0.0006166564248939533
4.719768029152158e-05,0.0005147138680233207,0.00031847565358116144
1.8453965906894596e-05,-0.000312938697991251,-0.00048674089281035846
-6.03434416084316e-05,-0.0010708834277675936,-0.001200853722843465
1.2107386741227704e-05,0.0004815516022946294,0.000328321168484917
1.5255642275654443e-05,0.00022824214167228984,-9.59205919421537e-05
-1.2609869894411835e-05,0.0003939269241182768,0.00016883948900083066
4.850637128676167e-05,-0.0001537981614696527,-0.00028046294805987907
0.0001046403772124172,-0.00023080606636484435,-0.0003588809367968032
-1.2622192949978046e-05,-0.0007461158498040391,-0.0008464743940458964
3.79953547515326e-05,0.00018134546790898504,0.00010071170482860976
1.8056685279368683e-05,-0.00018837956310622833,-0.00022598591363808337
4.6459770105215136e-05,-0.00034392359903633366,-0.0004323231647884214
5.239230872674947e-05,0.0003628842067769159,0.00014460925217746966
9.398776651098171e-05,-0.0003978475408155859,-0.0005689594223007692
5.746894573004251e-05,0.0003317625917101586,8.281030986566487e-05
8.803726241570663e-05,0.0003990559953639983,0.0002243202491061322
8.156288636830073e-05,0.00020745221878831096,-0.0002194531456819904
-3.4910530600019274e-05,-0.00014593915126664763,-0.00042337819888254387
5.073171371162512e-05,-0.00019839966177501706,-0.0003639723218160334
4.026331898290318e-05,-0.00019430874840507356,-0.00025279184631082685
-1.8946694963245146e-06,-0.0003074718526870913,-0.000365186557839072
0.00013694295713962868,6.11310915664529e-05,-5.263533086090645e-05
6.837022308196368e-05,0.0002989702927570636,9.56165196186912e-06
-4.732423232916292e-06,0.00013588652080086437,8.407631390969167e-05
-1.2892552559736869e-05,-6.968881013853415e-06,-0.00017605029298068905
-5.5077260390798904e-05,-0.0005393326974626595,-0.0007145777135536171
-8.481180187380527e-05,-0.0009502892140833175,-0.0009558868864538044
0.00014609006830296594,0.00016058488612036298,-0.00011117756984078633
5.851286260799527e-05,0.0006568812707520049,0.0004655070767831686
2.4892156925123874e-05,-0.0002319424948067529,-0.000509679825002222
1.2295184674670985e-05,0.0008628545799327656,0.0005746360212064601
0.00013061792493143895,0.00028600385746683187,0.00015528861189672473
2.369300190466827e-05,-0.0005508255009117209,-0.0006976162695399872
-0.00010933532932401539,-0.0003849971349439976,-0.00047430841655987535
1.9710818053234324e-05,-0.0005007580445943079,-0.0006213205259509951
5.214852972002128e-05,0.0002810307126912412,0.00017597852144843692
-2.7728499044104763e-05,-0.0010393107258327113,-0.00103309045875069
0.0001580939464932524,-0.0006750876840165298,-0.0009154921024369144
1.6175531601598733e-05,-0.00027025167540535545,-0.0005025134409926775
-2.7555825735693244e-05,-0.0006294064682396234,-0.0006574064547729887
-9.388812728166785e-05,-0.0006648346446691707,-0.0007873599257601411
0.00010718593167473531,0.0004549724310731818,0.00027208526493958615
0.00010356447245934961,-0.0006491454672185638,-0.000685480856479076
4.594073636969681e-05,-0.00041722080272906827,-0.0005530430239059387
4.279203274010961e-05,1.832784081603258e-05,-0.00020183161724376456
0.0001741971493696673,0.0009576592131545182,0.000765071044675525
8.609738891831e-05,0.00024884232488503867,2.2819948764143244e-06
9.723990228716089e-05,0.0010101913458900515,0.0008185932247457609
6.813749659961656e-05,-0.0002329196188409993,-0.00039267642672130223
1.0275484162995793e-05,0.0002068078118510864,5.899722399368045e-05
4.0982524826020704e-05,-0.0004375621379877711,-0.0006794429804531987
-5.209082672202845e-05,-0.000630765216494835,-0.0007091181678727914
3.203565962689683e-05,0.00027525590658390205,0.00020480744610329416
4.0813395582211767e-05,0.000798551808563121,0.0004533634024657879
4.5804459438978734e-05,0.00017111787906013147,-1.923627575349155e-05
7.43345950570586e-05,0.0004176044750588612,-1.7208702016775442e-05
0.00013779392099262934,0.0001513900657587784,3.088476950534273e-05
-1.4158544153407618e-05,-0.0002439829203900034,-0.0003109798925243555
-1.2562204629702972e-05,-0.0008462923639399765,-0.0008592937352239069
0.00011910097316627182,0.0003119764144856492,0.00019484902973173018
-2.4616824460077096e-05,-0.0006452237619922537,-0.0009143464241866117
9.343599425115854e-05,0.0005557693248357993,0.0003172545198312448
0.0001397503592267623,6.487608867516116e-05,-3.770568470734053e-05
-4.344870755572345e-05,-0.000465797110213174,-0.0005971378269992282
8.097491155603317e-05,8.261974840433642e-05,-0.00014148014924093423
2.564836699484277e-05,0.0001762795411765475,6.581930681239469e-06
6.604294938535198e-05,0.0006113701626787629,0.0004458935263337584
0.00010562615854829699,-0.00012610923961524627,-0.000271374326387332
6.034001638275478e-05,0.0003070004907943115,6.289399827057911e-05
0.00014376714261540274,-0.00022650680694648667,-0.0005450535923434071
-2.7312972719396118e-05,-0.0004343883649353111,-0.0006930050883236548
0.00019056880649027965,0.0007109778059827053,0.0004727063210937647
1.4132377670816827e-05,4.957709020187465e-06,-0.00020809279778974477
-1.706723860543202e-05,-0.0008204940516064813,-0.0008233201130427993
3.159591026061147e-05,-0.0004198074334723816,-0.0006062428759053677
-2.217715054716714e-05,-2.3489213139332835e-05,-0.0002131696287446404
-8.370729569130752e-05,-0.0001699028961338576,-0.0003905780073786619
4.359161543194759e-06,-0.0005064671348680583,-0.000683584029844236
8.433624025780048e-05,0.0003173003399160157,0.0002636470746999196
-5.7763488835549766e-05,5.642751222501355e-05,-9.398512344041852e-05
-0.00012405963254128732,-0.0008097264687105349,-0.0008654543914133247
-7.632249869859276e-05,-4.977163126591638e-05,-0.0002232321301268175
0.00011448081051610565,0.00033752804875222125,0.00012219675019463965
0.00014754443396081926,0.0004173654633853887,0.00023979076836105944
-4.115373471316329e-06,0.0002085271516242845,-1.753993332739994e-05
3.126270012075576e-05,0.00021668959845595303,3.741888324364294e-05
8.012455957765087e-05,0.00015508041208649642,-8.40591705302564e-05
0.00011897106504785928,0.0002505015863831513,0.00015508639252027865
0.00014390703706345807,0.0004599263499913465,0.00028668507975910607
-5.594466133401657e-05,-0.00035378090745610054,-0.0005031823822269221
-1.2932614134194566e-05,-7.437274402336802e-05,-0.00032042022733947794
0.0001346906479219734,0.0007036517607918016,0.0002331817805375112
5.0246701811752016e-05,9.894920895868773e-05,-3.103879121070608e-05
5.51569178453389e-06,0.00019420573434843243,0.00012130617651027491
-5.1041990520832254e-05,-0.00042239016921323763,-0.0004825671287349235
-4.321513189987992e-05,-0.0002044482133030933,-0.0003740907997910471
7.556302156785018e-05,-0.0003395212158049933,-0.00040607115638041007
3.658037768444243e-05,-0.000496442899128947,-0.000703318662330504
-0.00012190918791692712,-0.00040736440032507085,-0.0007301973439731764
0.00011262463295574006,5.024055272878118e-05,-0.00016992504084552745
4.620450764700548e-05,-0.00047242232441574997,-0.0006253235431026679
0.00011130536957108902,-0.000229584901371109,-0.00028739992900002207
-1.63480678885343e-05,-0.0007154799124359963,-0.0008172745504993447
4.210917480983303e-05,0.0006993095947643384,0.00041912411470481286
0.00015177963889856047,2.9473710848831967e-06,-0.00020312162248379382
2.3197992761509882e-05,-0.0008719113204991165,-0.0010478663112808702
6.316531424212018e-05,0.00025933783673921963,-1.1371189538032821e-05
4.58071696887098e-05,3.914404479039023e-05,-0.00018466742559967834
5.353075051511681e-05,0.0002542235343523585,8.36833057417611e-05
5.599575454225285e-05,-1.3364136010493019e-05,-0.0001541478893922563
8.350856628297989e-05,-0.00013230879019712736,-0.0003034096017505494
7.24015325344859e-05,0.00042001297472217254,0.0003003163072009477
-2.727359925498588e-06,2.703330191496678e-05,-5.0451854490810136e-05
6.512909923986565e-05,0.00032003674210714624,0.00017405781811418797
7.53868892321886e-05,0.0008460234072257507,0.0005022111042547328
8.15052931554664e-05,-0.0006042191038491781,-0.0007239858603284
7.989552814357745e-05,7.833695250067382e-05,-0.00011579034292782069
-1.100777404759956e-05,0.0003014291432400023,0.00012071118956194159
6.26332024286152e-05,0.00017835581120673205,0.0001186722567109014
7.429578781208005e-05,2.7496008950241138e-05,-0.00014413704596525416
6.292619351398188e-05,0.0005787109501509195,0.0003566679297071258
9.55578615212184e-05,8.551724949664905e-05,-0.00011571209185503979
9.411885338183451e-05,0.0002571260332348466,9.209624634659355e-05
1.2503463263252275e-05,-0.0005079633955885291,-0.0006092416646417951
-2.7377153187687367e-05,8.025054131811127e-06,-3.372746439453255e-05
6.405868352505946e-05,0.0007642760594956047,0.0006299847322576616
7.356382022895768e-05,-0.00022211139056260837,-0.00035111753304621217
-4.870868698308634e-05,-0.0005811487246235485,-0.000598424360187188
4.907271872660393e-05,0.0005427875171070503,0.00041270347789612734
0.00011966033037423673,-0.0001642467656463036,-0.00024024497790108948
9.944200759335624e-05,0.0003182005207315264,6.41168424278024e-05
0.00010178645169217444,6.737734557609633e-05,-4.3644450792285164e-05
0.0001115237799602579,0.0003149732994792463,8.26677239154066e-05
2.3791439136255682e-05,0.00036065117617126147,2.463582147887498e-05
3.391868954184644e-06,0.000304858741829819,0.00014468001327019398
2.3951703516641944e-05,0.00014664420283496118,-7.59439003575975e-05
9.676692014320271e-05,-0.00020310279264900525,-0.0004120032896475868
8.164441333811366e-05,0.00048136418423323475,0.0002743177932727343
9.486429957492526e-06,0.0003384657620412919,0.00021343622440693594
7.761421735395059e-05,0.0004964707453120392,0.00028662526653195974
3.643049945455538e-05,-0.0005601999024526997,-0.0006924230609772718
1.1763059087977731e-05,-4.7089946156406745e-05,-0.0003118804843238626
0.00011091076999707219,-0.00036559782973831956,-0.0006461390814209624
3.269977317408841e-05,3.3096722202228314e-05,-0.00022420025486820025
6.728508539808679e-05,-5.6440427505585126e-05,-0.0003064269590256778
8.590010757071644e-05,0.00015389301283874742,-0.00015139547381595725
4.529021249383952e-05,-3.816621135244386e-05,-0.00015328623391355442
0.0001353250192563925,6.136506306859968e-05,-0.000201177572969658
4.834769173962832e-06,-7.520441058337662e-05,-0.0002542261879766943
-6.531395479762587e-05,2.061565682238704e-05,-5.716970372569894e-05
0.00011907477594461641,0.00010055995296653545,-0.00013335600559069897
1.9079961532913185e-05,-0.0001297970744852561,-0.00028771277791119556
7.562725246184959e-06,0.00036975560468145247,0.00011873642023040872
0.0001272116176605302,0.0003681596629120209,-4.865436871539521e-05
6.80618966834485e-05,-0.0005052494756264093,-0.0008227349765305085
2.2029054908790163e-05,0.0006254517249680875,0.0005166087783432193
0.00011380828323555853,0.0005489940484408105,0.0002649484897252967
8.139296057758547e-07,0.0006575208231811389,0.00045910435769922885
6.207174709024101e-05,0.0008044940472311983,0.0005729573082585953
5.8202509075558194e-05,6.85083771488414e-05,-3.631948139897552e-05
7.47090607963416e-05,0.00019679339353312277,9.993242682551306e-05
0.00011745813708362378,-3.248418281795974e-05,-0.0001689460217755492
9.600137388661553e-05,-0.00048153308632817695,-0.0006710776974198443
0.00010985141015352025,0.00014533636097571734,-0.00011993980639901541
0.00012653664973396383,0.0010509866066099847,0.0007392648840053395
-0.00012539190909145753,-0.0007472616374710816,-0.0007820224448877429
8.14184792920949e-05,0.0003824312564976944,0.00020313424891279968
-1.4643872507428396e-05,-0.00026505875709315323,-0.00035697906267352853
6.909743193975892e-05,-0.00011045083597529244,-0.0003967472310180557
8.793905171751502e-05,7.29390103741137e-05,-0.00026247458692133793
9.963784768587346e-05,0.0006297889386482126,0.0004289177726940129
7.79578242536901e-05,-0.0004866487897361364,-0.0006005072331765418
-7.96090258808777e-05,-0.0012512994235991438,-0.0013041854650447592
0.00015461226272863558,0.0007106000789078306,0.00038244704049053227
-2.0237994528455618e-06,0.0001634064427560045,-1.2142067049064739e-05
-9.183710567727153e-05,0.00010638678541125782,-6.934917166885943e-05
-2.7758626245457795e-05,-0.00012757211512926005,-0.0002532504297368254
5.875857801721274e-05,-0.0005369626198187211,-0.000656302920891742
0.00011045781044705477,-0.0005746397585459874,-0.0007297995305237541
0.00010058891123132643,-0.00031069721506274314,-0.0005102502074287317
6.543663916053448e-05,-5.58874828578845e-05,-0.00013130245304974247
9.396895554927178e-05,-0.0012249016220377948,-0.0013488108987388346
-1.6342193996354273e-05,-8.386335529218336e-05,-0.000171255593805453
1.7164203725400306e-05,-0.0005361782820422095,-0.0006613312644867114
4.071006264210608e-05,-0.0005735770436055769,-0.0006675074019084565
2.5723434951553138e-05,0.0002042608888489135,-5.958628968919563e-06
0.0001625107220827479,0.00042838597607475166,0.0001769092530573978
-7.189739047453895e-05,-0.0010399413090348467,-0.00122023190138638
4.479213358516538e-05,4.248831169831712e-05,-0.0001875854055577925
-0.00015446446362466512,-0.00024369074629301284,-0.00034165788515070174
7.262320948870754e-05,-0.0004920334233516942,-0.0004837521614222402
0.00019021448873231,0.0005268568832586167,0.0003722757076636338
0.00012345502030050237,9.763039353243057e-05,-0.0002213448949954855
2.729643501401521e-05,0.0001581177668890651,-5.8286777979670856e-05
5.3642745016320485e-05,5.2940945571121936e-05,-0.00011604184474100205
-6.645814853102847e-05,-0.0002606195007526335,-0.00038363959048291334
-3.1278907362275926e-05,-0.0005776175514813382,-0.0008049726610363801
0.0001380659573311751,-8.283424153116353e-05,-0.00021179189365325775
0.00010422354791212176,-0.0002393270919527206,-0.00041882356850944836
6.107322476664177e-05,9.654129826841117e-05,-0.00010381627503208495
3.301876175955065e-05,0.00025907999089240736,0.00013582866665509658
2.37004764922302e-06,-0.0002278414030519891,-0.0003528172790902783
5.93129295017579e-05,0.0003569353965091534,0.0002497347188740633
3.278181980022359e-05,-0.00020679887460355197,-0.0004582335057933981
3.056559539094185e-05,0.00013946284153551833,-8.118769719784802e-05
0.00017702604056862037,-0.00025552230242424623,-0.000589796907332224
-1.2535585270425468e-05,0.00027826395892894173,7.024951664413253e-05
5.234251106233799e-05,-0.00040886436432879835,-0.0008135257580006142
4.526538391401533e-07,-0.0006069614097770463,-0.0007681069140873676
7.338306307444755e-05,-0.00025753461119593985,-0.0003933261357525694
0.00015763491492095278,0.0002479030531182762,1.652123814407843e-05
3.883095209347625e-05,-0.0003973719246199895,-0.0005846157718007287
9.584689837119405e-05,-0.00014116193985754132,-0.0003704893877073224
2.271400489029638e-05,0.0004768861005374464,0.0002444819081297002
3.678096358279329e-05,-0.00014854496560978,-0.0002470840860611086
1.4332078720850027e-05,0.00017082615866967298,-4.7345621907424825e-05
8.524255771134078e-05,0.0007564261782383992,0.0005883046636387402
7.921775082834795e-05,0.00033962071346332336,0.00017366083625725126
2.2546336261905362e-05,0.00010983950329882468,-7.358088831993048e-05
0.00020830165839129513,0.0012048972090036155,0.0008478930168416509
2.1512714379212205e-05,-0.00030126997506623,-0.0004078053795590273
5.2516547422445925e-05,-0.0002366451863212826,-0.00042420758097117136
0.00015140799913790777,0.0009808583781148277,0.0007561694489505723
5.684211528905408e-05,0.00048556197437193293,0.00032748735811735164
-5.0353802987302814e-05,-0.00041428168609500103,-0.0005907854962464215
0.00012384850415234622,-0.00011479883810401657,-0.00033505489816242675
7.608863672558638e-05,-0.0004455355009075387,-0.0005711093021204356
2.482658204130183e-05,-0.00011632040591422831,-0.00030456125316743717
0.0001073595269638734,0.0002858131769802842,0.00011477813465997534
2.8876499579682303e-05,8.38937994559473e-05,-8.345283488963009e-05
3.569306101647658e-05,2.961259475997784e-05,-0.0001891986347284495
1.016948499878338e-05,0.00047134394222315544,0.00022944988903529677
8.726963883784304e-05,0.0004570326739255521,0.00019900312845227053
4.909826815794222e-05,-0.0003688560604533514,-0.0004322619407471128
0.00019075571894885872,0.0005859193379486944,0.00037408765791977926
-2.497784448032535e-05,-0.001317032901726449,-0.0014321261888258548
-1.714244729180908e-05,-0.00016513432717471922,-0.0002387134714526093
4.510754364497383e-05,-3.3715871227637693e-06,-0.00020476437064370344
1.3206452524559378e-05,3.3949844679420237e-05,-9.565361610554145e-05
7.02676264629464e-05,-0.0002312666315553959,-0.0005100105919359585
0.00012283708081082604,-0.0004288779856469858,-0.0005673675281408904
0.00013904397948264212,-0.00013757338267105242,-0.00027267180113836663
8.789627210040724e-05,-0.0006746568859848873,-0.0009158606650052312
7.803584722491285e-05,0.00010654035362704118,-2.7653429278601287e-05
-7.636016015145973e-05,-0.0004049965979525126,-0.0005839087321248401
1.0627066839000323e-05,0.0004857883114799349,0.0002480857893150114
1.3331616227642561e-05,-0.00013536825301590878,-0.00035871759548869876
8.426169225337593e-05,0.0007592025515083044,0.00044512506434375335
5.941831701141616e-05,-0.0002528484204212596,-0.0004444985784636433
9.409424647082815e-05,0.0003530819671843281,0.0001868100659877885
-1.6051318691261477e-05,-0.0007413764906945986,-0.0008420820777468573
5.480612392883557e-05,-0.0001751257613522341,-0.00026177538886105166
6.001114070593573e-05,0.0003337477762128908,0.00017046380197090698
3.804246804230225e-05,0.0001671220785799588,2.4437482431578935e-06
5.115323214552748e-05,6.727636460856828e-06,-4.1909836822293475e-05
0.00013831838579201656,0.0004972360537317939,0.00016611376182518097
-2.751473201598981e-05,0.00034280403327597284,0.00018118559939751773
-7.465942357106866e-05,-0.00012697773302121847,-0.00021712468961351228
0.0001270748821699314,0.00021175601914872876,1.2830473578606666e-05
1.0122625718002127e-05,0.0004092076115237151,0.0003140606593673658
6.411440193367578e-05,-0.000151430414387168,-0.00039014786122142943
5.807114266034313e-05,0.00015956843025388998,0.0001020026520013026
1.9244106176851322e-05,-0.00014985311717358345,-0.00026665992230468774
8.739773906888879e-05,-0.00012210143004759316,-0.00033972289192484354
-6.106273003979006e-05,-0.0004957648942958779,-0.000629390520664217
8.578864539351368e-05,0.0006971941452079636,0.00043137544766817516
-0.0001067708011095718,-0.0003119803840331308,-0.0003582662310274388
0.0002587296486521862,0.0009316912414232401,0.0006086061370659169
0.00022859436904998484,-3.0560643744629874e-06,-0.00023948269799417912
0.0001355830588947677,3.121199404464015e-05,-0.00011903567812221807
7.405200204416223e-05,0.00029143569113720437,0.00011612891748649827
0.00011440000256035304,0.0005124913554735372,0.0003064372767962076
0.00014613923479406336,0.0001802974477058163,5.8165292597635814e-05
6.054174611371313e-05,-0.00032971426434852326,-0.0005567017179948907
8.651761069622507e-06,0.00012486051081723966,-0.00021071518598488745
9.549425689647919e-06,-0.0003961740500773829,-0.0008275500007210218
6.0190908630460956e-05,8.340288119375615e-05,-0.00013164838568501398
6.897635588297226e-05,1.205398586394277e-05,-4.8054678735491867e-05
-1.3618737232151565e-05,-0.00025131013660652853,-0.000374242527245724
9.997406864108597e-05,0.0004180238350574853,0.00021932469539556837
4.776640598320368e-05,2.862419767355037e-05,-0.00024105171126737138
-4.10279116656684e-05,-0.000621111561605602,-0.0007440280579056077
7.187314221360682e-05,-0.0003915940758730221,-0.0005899231068444027
0.00013203454192415947,0.001267790089785925,0.0010727539419220383
0.0001307349221964779,-0.0007145135672700246,-0.0009471631688813013
-1.4153479363778298e-05,0.0003835539428648008,0.00018107137425228703
-1.4342658463469113e-05,0.0010896727364674511,0.0007756942282849239
-5.731143846818095e-05,-0.0004914409725196041,-0.0006214217619155196
7.765892043293093e-05,0.0003083198645272987,9.670033561923086e-05
5.440845584546124e-06,-7.997921295268081e-05,-0.000304465311459551
3.904720536823702e-05,0.0004686974096720935,0.00034040623263347327
5.662012676610679e-05,-0.0002688021781653571,-0.00043644029177313323
2.3936596703619982e-05,0.0001510256268379881,-6.707967320167843e-05
3.840657895194991e-06,0.0005390205239334785,0.0004046041006465328
1.656076868690352e-05,-0.00023764495336605062,-0.00039090427637930895
0.00010534204637611483,-0.0004931846596535321,-0.0006421083420779052
-6.259986249173132e-05,0.0006168845498711452,0.00043815538955697367
8.682475635529214e-05,0.00013923227906146798,-7.017777574996413e-05
-6.87769373693186e-05,-0.000840967878301901,-0.000924300086940057
0.00011226160050051875,-0.0006312732934911255,-0.0007142855159510302
1.528496484827274e-05,7.959159252685292e-05,-4.3497185256827084e-05
3.8203876925896536e-05,-0.0006244556472116331,-0.0008266073211093273
-1.7439004725614736e-05,-0.00012939884737181906,-0.0003459225608685401
0.00010108432646610755,-5.3829837552746236e-05,-0.0002565514432870317
-4.272595639647614e-05,-0.0007515140418746018,-0.0008073689032092402
6.845873424158001e-05,0.00040736293798828815,0.00031207527836079674
8.731120765305628e-06,-0.000287484224756805,-0.000426658910151359
4.355657129589605e-05,-0.0010559262144549907,-0.0012085732899214988
-1.6568546694730563e-05,-6.405481431636029e-06,-0.00019908112700968124
-2.2374717322957895e-06,1.431469001084566e-05,-0.00021398556441677005
9.437233937156367e-05,0.0005160261006946483,0.00039166028310489635
0.00011399478801630812,-6.540237709251315e-05,-0.00018180187540380212
0.00021043904340247197,0.0003897902512303604,0.00017771903060497663
6.587828017033269e-05,0.0005976563233735573,0.00036139834689133995
3.979108453185478e-05,-0.0007386869551797906,-0.0007877985549556394
9.088578666313683e-05,0.0003846541033750994,5.0447719350883615e-05
-1.7593097077428445e-07,-0.00032595508788312065,-0.00039138777267998866
9.293431693660461e-05,0.00048609900836055355,0.0003286155268767223
-1.4391608705429043e-05,-0.0002844188168531798,-0.0003883067552714083
9.193994986372053e-05,-0.0002690030976566241,-0.0004888976015905089
1.9207346022599687e-05,-0.0003099244267677707,-0.0005718564270213995
1.951484910501353e-05,-7.518185061933277e-05,-0.00029806545823499696
0.00012985498591796166,0.0003458901189958074,8.397357921477534e-05
-1.6608499417070755e-05,0.00033381091613955693,0.00017491978596211117
-3.024352761100892e-07,-0.0002543325745856471,-0.0004239712902848449
3.7985562887836015e-05,9.164267842535725e-05,-4.460622815052637e-05
5.519230124552334e-05,0.00034832729083382,9.175085851542998e-05
0.00015292071481400174,-0.00025170486196183736,-0.0005287843676037718
8.007524247241948e-05,0.0005626111557972066,0.0003823904874330333
8.330949518524356e-05,-0.0009445574662544885,-0.0011845479311331213
5.258724585674882e-05,-7.165066682924043e-05,-0.00029689108362564826
3.38790008010782e-05,-0.0002009645272434765,-0.00033134904444452574
7.311281380525353e-05,-0.00033102001838198036,-0.0004325321719292637
7.049471078104697e-05,-3.394792400105535e-05,-6.275516379934183e-05
3.521829695943488e-05,-0.000219251755304067,-0.0002689808804925599
6.40421918809992e-05,-0.0002998071930126639,-0.000506870329806171
-0.00010840856863614267,-0.0006218339006998919,-0.0006369644401395766
0.00012857537493031942,0.0006429221738780396,0.00025790159074734963
7.59913354180791e-05,0.00031056490512619106,0.0001704245957702151
0.00015121376347420948,0.0003430916310807481,-0.00012096990153196403
9.804941754208777e-05,-0.00014421267449375225,-0.0003821790617395097
-5.9299344646612806e-06,-0.00014946903094630411,-0.00025709625230731133
0.00012136740823482479,0.00017463590978551854,1.3419998940562378e-05
6.318912024716476e-05,0.000688052646795955,0.0004776847562414198
0.000128877374564943,0.0002450025654203277,9.882935179020727e-05
2.3028753360761466e-05,7.87866531433739e-05,-7.959785998862831e-05
-3.0770093666144155e-05,-0.00022893671287026155,-0.000374131028103409
6.632495198755767e-06,0.00021800420869073597,3.0206942691586374e-06
0.0001139659525050847,0.0005143280517284764,0.0003941368676716363
-4.996205292988315e-06,-0.0005642324240397658,-0.000699017311597813
-4.7969457377829215e-05,-0.0005336982978176253,-0.000553343160554388
-8.516451437119469e-05,-0.0004706902487572065,-0.0005799028175893841
-6.369689469173099e-06,-0.0001455042708989006,-0.0003084607684874747
2.8913745471898498e-05,3.678699896226768e-05,-8.378516518882533e-05
9.049999510078464e-05,-0.0002944885996513965,-0.00041832010375392393
-4.293813074406652e-06,2.2121387910032384e-06,-4.3265464846484235e-05
-3.9776725314012186e-05,-0.0005622466314757295,-0.0007055187558636249
8.653217422496814e-05,-6.65734044045223e-05,-0.00020699261255047353
3.110769843959366e-05,9.21563717128045e-05,-2.0678452594485497e-05
4.644423098584169e-05,-0.00024247630084395062,-0.00035146342919088703
-5.3532113173451366e-05,-0.0002682926641340985,-0.00035765009534644856
2.7171053630814567e-05,0.000402292723123117,0.0002116748077975224
0.00020084931723389837,0.0005598903645085112,0.0003193838583110437
7.785825055090843e-05,-0.000249823314431956,-0.0004435546023155094
6.38802032038719e-05,0.00040747594609323405,0.00021924753377914488
-2.5780145613053937e-05,-0.0012320527240178112,-0.001362090677413469
1.8886315579916063e-06,-0.0003243624242258139,-0.0004941817690821791
-6.778244921727819e-05,-0.0004199668425127454,-0.0006051353913366982
1.421617614640657e-05,-0.0006910280451421829,-0.000971414722488657
-8.378133994038116e-05,-0.0007853529266692185,-0.0008575814561542883
0.00016325002297336167,2.8141764701253153e-05,-9.530394515435553e-05
-1.8942002773133593e-05,-0.0010352423076289646,-0.001307257703127827
9.796583281835458e-05,0.00030316540699221303,0.0001621470675348432
7.56957986883511e-05,-5.094358907111669e-05,-0.000338523218020185
2.5186323419331124e-05,7.125784076977354e-05,-3.26838033623327e-05
7.08533582838421e-05,0.0005224329104705176,0.0004315589013420603
1.8581978212802716e-05,1.868578337425563e-05,-0.000273535133078684
4.5915439217994545e-05,-0.0005279650940635931,-0.0008706432893550238
4.289960742517862e-05,-5.2376188846276536e-05,-0.00028618759247839797
1.5021199724768344e-05,0.00013320942925770563,3.3490504538113606e-06
1.376734116414265e-05,-0.0006372026442475079,-0.0009681559414462741
-3.140290055640921e-05,-0.0005297595621599045,-0.0005862676637864259
4.9263153785897176e-05,-0.0004659146627511633,-0.0005834588881380447
-2.258903167644952e-05,-0.00016801524193250936,-0.0003825024565272553
7.453253534206839e-05,0.00012691702053148658,8.043748420072924e-05
3.2873136409208346e-05,0.0006361926661081471,0.0005283533514455472
2.5778418354682693e-05,-0.0002592714649252812,-0.00044446734906441673
-5.574805210332103e-05,0.00028754992863889365,8.210603850738511e-05
8.998582101470308e-06,5.722103409808902e-05,-7.237684016321908e-05
-7.073576824976507e-05,-0.0002107861477534622,-0.0003087491105146405
3.6379436545793206e-05,-0.00019857701707551143,-0.00030288557395287776
5.2866962167921554e-05,0.00018188098390344753,-1.496403054975206e-05
0.000101063048932448,0.0001441177161616834,-6.981910005199137e-05
3.817486249631984e-05,-8.981549384546708e-05,-0.00019833567714306954
4.328606503173132e-05,-0.00015480831125990404,-0.0005146839418206023
1.3704404677003255e-05,1.7747895279858635e-06,-7.483782203502965e-05
-3.2986450116620773e-06,-0.0015597454184070327,-0.0016121185957649767
6.174684219423696e-05,0.00014871473150085144,-0.00026365224091044146
-0.00012247976761318787,0.00027008472251154953,0.00014579755414519067
3.6260576321765276e-05,-0.0001708542054277484,-0.0002775829240270294
-7.503856389626118e-05,-0.00041802279023883866,-0.0005479872074921209
-7.347120574074001e-05,-0.0013823331143582576,-0.0013395106617413027
1.589724288669547e-05,0.00010007869948968717,-6.236658797334967e-05
5.777956534021804e-05,0.0005297880494989013,0.00035239169333069165
7.617215342037675e-05,-9.966381606806013e-05,-0.0002232066619622173
4.687728558606534e-05,0.0002136454446132661,3.657774851297961e-05
-7.07735426895802e-05,3.6026337236681e-05,-0.00011697310935430635
0.00015844689952758276,0.00033235068948004557,0.00015197452939534324
0.00013894977293877722,0.00038630651044544524,0.00022815717774543335
7.860471731120865e-05,0.00042124529564190104,0.00020372766322923207
7.098773319472106e-05,-0.00026634773707586844,-0.0004060674594775885
9.467593277714999e-05,-6.348477059410325e-05,-0.0001700060545451422
-5.436391597816591e-05,-0.0004535596593854013,-0.0006360198228397168
8.761875362252878e-05,-0.0003786334628070185,-0.00065610115040479
-6.54233282752185e-05,-0.0008189416581293365,-0.0008408706489207861
3.1675744988267335e-05,0.0002290941037791713,0.00010852924426205655
-7.469784849887856e-05,-0.0004583473231932946,-0.000605675215663608
8.213341884833324e-05,-0.0003945481715784298,-0.0005382100810842451
-6.763377929845099e-05,-0.0011577704239432017,-0.0011838441754355492
4.636356962357314e-05,0.00010052220058894882,-6.171936150120489e-05
1.7498626894116358e-05,-0.00038600598653872325,-0.000723429674677529
-1.271165304326979e-05,0.00011834271829222291,7.82196045533338e-06
-0.00011843153074159765,-0.0008932595364442547,-0.0010264256230353695
0.0001772162888895141,0.0006733446443242805,0.0005124791288982565
0.0001241551504206676,0.0006733188422033028,0.0004813084578290316
-8.615197422566154e-07,8.669976616762766e-05,9.591909248898172e-05
9.901900815285125e-05,0.0005399393974048756,0.0003937041542240486
-5.4048972128763184e-06,-9.460451052048933e-05,-0.0001358744946008249
5.3941354214324624e-05,-0.00041043045110754307,-0.000556481254487492
5.887737710950184e-05,-0.00025938194612084415,-0.0005324228630128871
-2.3213608963566947e-05,-0.0003005165799714481,-0.0005292160711997169
8.851771459394248e-05,1.1813227684514068e-05,-0.00021213317007320607
7.64849356989082e-05,0.00018071757142504557,5.0472509072767136e-05
0.0002437207573325606,0.0010297621605607132,0.0006646821059716406
4.003158826940722e-05,0.00016313002937784943,6.096410866089294e-05
-6.428755179327863e-05,-0.0009006168761212122,-0.0010761967320961287
0.00010444288525104295,-0.00019345359602727382,-0.00023368911540134406
-4.00602576131051e-05,-0.00020405207098614158,-0.0003604528133461508
5.493987839158977e-05,-9.065594302132558e-05,-0.00015907558533124864
0.00015055475838234486,-1.1512663219737952e-06,-8.35258564284959e-05
-1.9155579501234273e-05,0.00011447793996539604,-1.7702051583112647e-05
9.576281167055355e-05,-0.00039975050113287623,-0.0006076101615523762
-4.9832892732391e-05,-0.0008377543550066881,-0.0008757968750320952
0.00014646118260642525,0.0005488050555351244,0.00021686227319835333
7.744773996325448e-05,-1.0248712762948544e-05,-0.00016357474931939014
-5.4163107595898015e-05,0.00029546137867968213,8.499550248508914e-05
4.7503477671307086e-05,0.0005686775751660922,0.0003594460068783686
-4.495720016591654e-06,-0.0002929786404087683,-0.00043823692557520984
9.982582827144942e-05,-0.0005364992872932592,-0.0007797308141087487
-1.6531165066898567e-05,-0.00022409996084656446,-0.00026494642472280094
9.613905447864311e-05,-8.692175432924973e-05,-0.00016858228766249863
0.00010675253574571953,0.00023243692434376208,8.455193598030055e-05
0.00011777204021425728,-0.0004369921539902795,-0.000529407782466103
4.108955202690539e-05,0.00012506780486951725,6.388150520021724e-05
4.53870301985025e-05,-1.2844335299791378e-05,-0.00014917321544884724
6.684624427776839e-05,-0.00025904906683217805,-0.000543365626898375
-0.00011152948999428359,-0.0002449915195689096,-0.00032269403451083776
0.0001696235092307516,0.00040753778154545896,0.00011827503160083806
8.996728335512041e-05,0.0005555686121949372,0.000402475473487373
2.7641299050428777e-05,-0.0004911794751707619,-0.0005366432968445933
6.583129613471698e-05,0.00011915680020523981,-7.347494657239812e-05
9.425984335888031e-05,0.000420228760446328,9.398389091860466e-05
3.549641913821292e-05,0.00015888584943921208,-1.959946077129067e-05
0.00012628796633461193,0.0008406817480721065,0.0004783189558314894
2.587213680860291e-05,-0.00037862122394781384,-0.0006615942817134778
0.00016137088460557006,0.0005008665871944307,0.0002454963411371092
1.6153270882357404e-05,-0.0001411612108593426,-0.00036860552162151295
-2.3448728070066946e-05,-0.00037334182757756124,-0.00039788714426731997
7.235725369906856e-05,0.00031311089385304737,3.3003564327467605e-06
0.00010101231479531123,-0.000844461472782463,-0.001104132375157947
3.8144242478971275e-05,-0.00018880531910487401,-0.0004883238318796144
9.242121322829079e-05,-0.000582400731644986,-0.000633332584574852
0.00013918422292510181,-0.00012706853933292772,-0.0003383253096153311
0.0001410267564042805,-3.490593972318531e-05,-0.0002781068574778355
-0.00016440942004996144,-0.0005027986733275688,-0.0005434931995555165
7.350272628040862e-05,-0.00016968478731253277,-0.00031027275278809624
8.24212804992424e-05,-0.00028849813708984467,-0.0003939453391459751
0.00010335207255647446,0.0002254909193771568,0.00011486789164865261
3.1137547575136936e-05,0.00017478150185201957,-6.759841949150219e-05
0.00013743897561929158,0.0006193577846551335,0.00036846458009691374
9.277621001783652e-05,-0.001026854191864144,-0.001146534828267559
8.496169151979512e-05,0.000723559407133669,0.000560509558245403
5.809019281077121e-05,-7.283721812245935e-05,-0.00020394841651592417
6.840334676907911e-05,-0.000898284608123927,-0.0011005709793653787
0.00012801333307119737,4.507949308283515e-05,-0.00024102108444129479
5.0240355178159324e-05,-0.0005056547032803753,-0.000739493978115042
-3.994242441113466e-06,-0.0007360318318195983,-0.0008984179580092985
-7.521792694975481e-05,-0.0002702038249585884,-0.0003077849595496931
-3.4256988488805273e-06,-5.767304068364726e-06,-0.00013480234808249585
-5.867611619191638e-05,-0.0007202783686548438,-0.0008456083006425315
9.486349925033838e-06,-0.0005083703066170025,-0.0007743840580617058
-3.7305107637973685e-05,0.0001725094487753243,0.00011194445852583352
-4.83748306162655e-05,-0.0006568414396749265,-0.000647647767190739
-2.3020274684985105e-05,-3.1670709569306876e-05,-8.920057678047334e-05
0.0001646579051967476,-0.0002721676610890721,-0.0004107415380053165
3.3386146753242474e-05,0.0001513998190667273,-5.5045226958188556e-05
0.00013380352189915285,8.600267730113807e-05,-1.519235193095302e-05
0.00014672171248181752,-5.818311371241281e-06,-0.00026787560158799664
1.1622317873614263e-05,-7.062601418748e-05,-0.00022749130830912042
0.00020633282489676961,0.0010156015183406426,0.0006893047257060284
3.567357565189435e-05,-0.0005348050225161291,-0.0008543076305728345
8.632441639420068e-05,-0.000394335207374184,-0.0005197552140001947
9.309714907623938e-05,-0.0002664188228242276,-0.00032956767067914656
0.00018280544963162384,0.0007264207559207745,0.0004516278464263703
7.69965220097886e-05,-0.00039229452023995816,-0.00059631265083503
3.525674943985756e-05,2.4805428080221204e-05,-7.684065162407534e-05
9.156801805452794e-05,0.0007173383436244078,0.0005827184518126696
8.039615164489585e-05,0.0004731263095056561,0.0003159352929533052
9.253257565499504e-05,-0.000275453148778166,-0.00039473609396307633
6.49329642007487e-05,-0.00018613168695385607,-0.000447937277444414
5.28573845882386e-05,9.419358901888115e-05,-3.3790615138216826e-05
-3.955213075912094e-05,3.515799696890941e-05,-0.00011128490164063681
-1.3417649526753614e-05,-0.0004958246515561272,-0.0006884444177738955
0.00011445992755462181,-0.0006286375670958733,-0.0008399712081761015
-1.654005010711361e-05,-0.0008297405778513428,-0.0009072822553981375
0.00018548755577929777,6.992570000650874e-05,-0.00011084515582614313
5.4415925983517714e-05,-0.00025213196568940773,-0.00037044638192504364
5.8365935871356026e-05,-0.0008412967981696102,-0.000994852382489369
0.00010249641200525388,-0.00035321733069980236,-0.000567186593649513
5.501577155923293e-05,7.08999068799134e-05,-0.0003210747803307247
0.00011651201154704163,0.00020268856005608213,-6.126255374553234e-05
-1.087751423162569e-05,0.00028615387113463154,0.00021326464160097228
2.837197542191158e-05,0.000617456442672493,0.0003959692712426042
8.635639206788155e-06,2.258234375863951e-05,-7.776424043256598e-05
8.874975300766726e-05,0.00020439455023193957,-5.267390412518958e-05
9.50544853535805e-05,-0.0002474995582961465,-0.0004221083321137748
4.0352125866497166e-05,-0.0005439344421300698,-0.0007362654493096256
0.00015165124973542626,-0.00039011097193636753,-0.000664565926992971
9.863107294139903e-05,0.0001918655280238644,-0.00011027668509398814
-0.00011749313477107278,-0.00011775098466698818,-0.00017944150332364247
4.831563442090272e-05,-0.0001239057451807439,-0.000553866483696788
0.00010452581024659598,-0.00021198208366039032,-0.0004638565557210907
9.555345113446045e-05,-0.0007820061318304805,-0.0009961942252764522
-3.7496591223437484e-06,-0.0006243247568716022,-0.000677227830786582
0.00015537295879550195,0.00043861778372650587,0.00010208804601332676
0.00012325871862563603,0.0005115593732125841,0.00021624996943279607
5.083052204811508e-05,-0.000911218555660844,-0.001139615860560883
2.715924182321907e-05,0.00031998350205493954,0.00019621713741108923
-1.745110420581911e-05,-0.0006657353068502852,-0.0009013624245899122
8.269658218087601e-05,-0.0004280708332871625,-0.0005856956182515114
-5.067015152259634e-05,-0.00017566513704798684,-0.00035249115768376006
8.513370480023357e-05,-0.00021057712176920433,-0.0005419920140616256
5.990288100080517e-05,3.458317696768152e-05,-0.0001566723485332043
3.157039041767876e-05,-3.919779120776853e-05,-0.00033048521500117587
5.961337710950264e-05,0.000168306170499136,-0.00017432916844798598
7.229342800527066e-05,0.00038780255421084906,0.00021162990345711423
4.163322619965497e-05,-0.000266971619508013,-0.00047535738235128077
-3.0731122444465836e-05,-0.00045247978011950067,-0.000581805342482735
7.877156268562747e-05,0.00014495374745845957,-0.00014850954824462972
6.005103875705354e-05,-9.877310523447762e-05,-0.00014225588079241772
4.7383812063169594e-05,-3.177135755505795e-05,-6.756809689201831e-05
0.00017608452426241304,-7.841345930383658e-05,-0.0003361896649152226
8.856972884683118e-06,0.0006097488786172074,0.0003261753771668103
0.0001506844107323596,0.0003298653627236569,0.00012679746396717878
5.0277785783834586e-05,9.720258231918287e-05,-0.00014902051083388938
1.131868113001032e-05,-0.00010883483493567889,-0.0003131269455113536
8.972712583883545e-05,0.00029655874232450107,0.0001287624234680867
-4.516193124436184e-06,-0.0001860189182080538,-0.00043382101152429685
7.5686822802223e-05,0.00019776612691593129,-5.87826155761341e-05
7.170696508519426e-05,-0.0005767498024974967,-0.0008029768681301998
7.747681741173255e-05,5.3199881339983094e-05,-0.00019961114509957657
5.868767519694759e-05,0.00022269045036324333,7.91198899786205e-05
-5.783377798990996e-05,-0.0002884132447500648,-0.000390090365461149
7.063532630680797e-05,0.0003903350770384083,0.0002666891679513493
-0.00011894903325250451,0.000661778526229917,0.0004968983073090577
-7.508209392460065e-05,-0.0007969325045214634,-0.0011442660537602826
0.00012946138146696786,0.00011272485685623759,-8.942540557110306e-05
0.00014650889806906475,0.00025957841222893014,0.0001095156268369334
3.122693412207681e-05,-0.0004550600115814815,-0.0006511708562026485
6.54272448318383e-05,0.0001420344486298664,-0.00017175367526877213
-4.695077991468435e-06,0.00025870375106821873,0.0001054321192536374
-8.45622198727669e-05,-0.00069077300344553,-0.0007929252860551379
6.963205001043042e-05,0.0002770554739876587,-0.00011952448827796933
9.358261284308016e-05,0.0007509474188857121,0.000491179294243802
0.00016567690313885663,0.00012208578196158163,-0.0001530913486011063
2.7146537148955646e-05,0.0003647625741118796,0.00020037893174434989
-6.695573488819839e-05,-0.0006081604585823409,-0.0007607177006606521
-3.5811779627817233e-06,-0.00045315815467409303,-0.0005076470742745277
0.00011658860906381203,0.0007276113361590813,0.0005748401215546048
2.115918993042922e-06,-9.554406485779389e-05,-0.00019641658868276658
-3.9347079790650284e-05,1.8743221618542684e-05,-0.00012365328224686462
-8.10668868639789e-05,-0.000579031188311344,-0.0007116058652523165
-9.360128523723556e-05,0.00016707041453901535,7.341612860707223e-05
3.670097893675723e-05,0.0007585436174756769,0.0006024045124168722
-1.8712230720499312e-05,0.00015251312948963062,3.4857383537687526e-05
4.084157160770866e-05,-0.00016739993258255988,-0.00019829316750649286
8.585707193017891e-05,-0.00021184712356709065,-0.0005242178531355289
2.2839618950389913e-05,-0.0002615130554052529,-0.00044577314233479055
9.291393209073312e-05,0.00040411627082308747,0.00030113738171237225
-7.46627256126412e-05,-0.000276916915897704,-0.00030282354726755313
6.5528906787082515e-06,-0.000690968313093282,-0.0009272154587887463
-6.0600716624868505e-06,-0.000613032646578319,-0.0007138340983518978
0.00010109700519352486,-0.00013975367142547463,-0.0004352607963515603
-5.924723476919628e-06,0.0005925740336667095,0.0003541791110072816
1.9108692592959892e-05,0.000303177037696887,0.00014605585347771778
-3.9867796533724195e-05,0.0002781439604249128,0.0001118478238760732
2.3981031285618234e-05,-0.00010542874450783867,-0.0002814005123780851
9.16165411289041e-05,-0.00013276761921234966,-0.0003535831842211483
0.00016954681479348113,0.00024082464944585768,-0.00010223538964222403
2.4838720268104174e-05,-0.00019475169638335114,-0.00036146126278332135
7.389546448125815e-05,-0.0003052862584769884,-0.00048273834210318283
4.8036663974704264e-05,-0.00045434869139708014,-0.0004923996490932958
0.00012642727397192268,0.000285445577821464,-3.62910534329594e-05
2.5130142929826474e-05,-0.00016247624297177702,-0.00023735747155806495
-2.766462649383028e-05,-0.0002846004355769157,-0.0004354242895785183
2.610982209662812e-05,-0.0005742638675893368,-0.0007362525721106985
-5.053618891165924e-05,-8.866436883513853e-05,-0.00011475199481002515
9.800177582554794e-05,-0.0008487666646608428,-0.000954449935873762
4.939466377735152e-05,-0.00046429807172639764,-0.0006854851624822976
0.00011052416173574763,-0.0004272171622976121,-0.0007342104569644169
0.00011361980627367521,-8.707590419001807e-05,-0.00016760402581217698
5.349312135979802e-06,0.0003192668063999031,4.043942808703855e-05
-8.832002374027143e-05,-0.0006808722231494537,-0.0007523221192878339
0.00018290494190374373,-0.00023438166422651833,-0.00040352878845251834
0.00010367097538972216,0.00022566452078609834,3.798750232906302e-05
7.294078964100085e-05,-0.00023974709692708228,-0.0003141566516076636
9.087189743603673e-05,8.063814830417448e-05,-0.0001116349890594507
5.9680690061022997e-05,-0.00028285845822229125,-0.00044539051890063095
0.0001763130421642192,0.00016150032275011138,4.5384448913581585e-06
-1.2036010122862798e-05,1.175265808652602e-05,-0.0001645941213492653
5.669574087897384e-05,1.8278767364389957e-05,-7.616999577303031e-05
1.3080129929771183e-05,-0.0006882251862253943,-0.0007952178837305258
2.1361924501476636e-06,-0.0005035012829443529,-0.0006099432653924586
4.5391418605274263e-05,-0.0002323113056009041,-0.00032361766838710716
4.2621810578414595e-05,-0.0006723199876699054,-0.0007946145856481091
-2.3778332119130715e-05,-0.00021954248553031534,-0.0002859854220023068
3.144103505335396e-05,8.343044690780908e-05,-4.756903706389657e-05
-1.0661751052547464e-05,0.0001818519030514537,6.508473660583379e-05
-4.555298371074627e-05,-0.0006939099347199057,-0.0007232623455392143
6.292238325746692e-05,-0.00043969076858812865,-0.000674134183598586
6.345464346715457e-05,-0.00014321333263482645,-0.00024812984046311494
-9.467536443841613e-05,6.928909790729981e-05,-3.693698631977512e-05
9.943027598066005e-05,-0.0005585340144713005,-0.000892323728531021
0.00013999431079689742,0.00026908549340253906,-8.805044804150537e-05
5.8488845501481016e-05,0.00021468168168256338,-5.963803763132255e-05
1.2533613309158705e-05,-0.0003842722725124302,-0.0006231093822811158
6.326343271695516e-05,0.00033484369456502,0.00019831755164689696
1.4465933301486595e-05,-5.6860536477327346e-05,-0.0002958605433760074
5.8715467349126585e-05,0.0004246900231104723,0.0002916465914536988
-1.7317438013897082e-05,-0.000317688882869362,-0.00043372330964101347
0.00015724176112003765,0.00010258649357886254,-8.334185139614506e-05
5.315467131579416e-06,0.0003136028028100313,0.00011006088695104108
0.00017986827060744655,0.00016538433272502857,-9.09587788851054e-05
0.00013825397723015283,0.0007036807864838236,0.0005196435261815168
0.00018503410774938308,0.00023352518330759344,0.0001641120534730039
1.1594095232355216e-05,0.0002596191951142231,8.630650014505662e-05
0.00011808682625740781,0.0004968752639152778,0.00014622554279092285
0.00017794674523725852,0.00037050602078522846,0.0001863122924212878
7.878373921962683e-06,-0.00042078080736693225,-0.000516198639698421
0.00011727047874369266,0.00027979212311106773,0.00014740867050076867
-6.578972926941443e-05,-0.00015199266089385946,-0.00032320112202019203
-7.762767624229912e-07,-3.868148799910475e-05,-0.00018460891682022467
9.096506971616143e-05,0.00021532733413858187,0.00010262449946032379
5.747652657765281e-05,0.00017171537727495045,7.033028916471532e-05
5.4256550795010516e-05,4.0785234960582264e-05,-0.00041746841588216377
3.152237001063761e-05,-0.00031823304571556394,-0.0005101070962370855
2.518090811147298e-05,9.471671170495873e-05,-0.00014697733175568207
-5.7629115339616235e-05,6.609899872066365e-05,-1.830716263889325e-05
6.426131457545328e-05,-9.655587906138652e-05,-0.00014254417184629076
0.00010270158731864817,-1.6252380279173568e-05,-0.00014175105488653948
5.716069308900573e-05,0.00037426978084859216,0.00026513993336684796
-6.202892429396596e-06,2.1812000065381877e-05,-0.00014646036564213338
1.5984563025745697e-05,0.0004204013941831356,0.00027879813858960336
-7.599524868903956e-05,-0.001298746878907604,-0.001414020865231395
-1.0821609778104418e-05,0.00023290687850181625,7.611381775620324e-05
-6.66991662993088e-05,-0.0003402863411148412,-0.0004465939128238471
4.973325357082007e-05,-0.00016496937424289587,-0.00021405488015038512
6.461904832759587e-05,0.0002719086623661273,0.00016821099681695576
0.0001582345481762055,4.565292756906721e-05,-0.00021730219375807287
4.613988209432667e-05,-0.0002867085941633982,-0.0003006546366175448
0.00013783492238509488,7.372816062119474e-05,-0.00016248463200291318
8.518191946143826e-05,-0.00023620248636753427,-0.0002604064215204982
-1.3985935021187194e-05,0.0006035265999071215,0.0004588279445675634
-6.727112411994247e-05,-0.0009650554155760098,-0.0011156549712914828
6.937771263418346e-05,0.0006668086288325169,0.00030787334317572944
-9.616031136018105e-06,-0.00016767654837305794,-0.000268965286743542
0.00012680627497218665,8.249973435773877e-06,-0.00011315234197498806
-3.556001166699264e-05,1.4789338078045238e-05,-0.00017325724646943214
-9.66029067840101e-05,-0.0006232064647126528,-0.0007587301700283283
1.412487171466565e-05,0.0005242366859754433,0.00024384325862242224
0.00017312371478812785,-0.00018692822298368178,-0.0004271634520431445
-2.3607599033700742e-05,-0.00024209013505624948,-0.0004803239493831983
9.78381629923066e-05,-0.00010116922329781185,-0.0002448598700730612
0.0001011684161321982,-0.0005184618855821429,-0.000683323346528364
3.192401437224915e-05,-0.0003515011378408074,-0.0005292604030840303
-1.857790432634602e-05,-2.6064253253870823e-05,-0.000453057512198243
0.00010841844213082004,3.694356833574473e-05,-0.00016308549216786792
0.00018469565228802892,0.0007092213593182651,0.0004607872742962956
7.303743013836812e-05,-0.0001096102000838388,-0.00019964418413824018
8.34226802547506e-05,-0.000608221089470031,-0.0009116780378283966
-5.6472757333022125e-05,-0.000424923064000599,-0.000661275284897276
3.7261981598287294e-05,-0.000124588944570407,-0.0002490527814233054
-7.296898764585041e-05,0.0003625028388405496,0.00014613178623387114
9.980696825170987e-05,0.00031163103614625703,9.208921889851062e-05
1.3175106105296487e-05,0.00017317007182771497,5.464797152612079e-05
8.282882056363978e-05,0.00013791794083464843,-3.289803336408315e-05
1.2755992036649722e-05,0.00032799943661043134,4.8383788284324955e-05
-1.8086258951754302e-06,7.626804999142723e-05,-7.639077125895912e-05
7.054562200300394e-05,-0.00037402615442530546,-0.00046925307157347587
3.711351629171936e-05,-0.00017515752258166355,-0.0003858290629376458
0.00010838840437201656,0.00026856835899076177,9.80225038403352e-05
4.3877300613614134e-05,5.7510402280911934e-05,-9.489062571777055e-05
-1.4599773808028613e-05,4.849027670159731e-05,-7.879195762017689e-05
0.0001523899819905255,0.0008768448724702633,0.00048787136434908244
-1.6866496216248414e-06,-0.00037803121200342634,-0.0005104794613786871
-1.9083207441922777e-05,-0.000559105279409643,-0.000582640036990368
-3.5345640590277974e-05,-0.00029646851957916,-0.0003800438231196973
0.00015210434275483766,0.00037582816692517684,0.00018986583731381564
-6.91546719175956e-06,-0.0003391526610417128,-0.0005543335311815943
1.3138859430671346e-05,-0.00046212944165263203,-0.000704352686090083
3.5398173055754747e-05,0.00023221016430818178,3.812624354934671e-05
0.00014689328162256646,-0.0007796190511479112,-0.000809466461994107
9.749353301873173e-05,-0.0005139325414644365,-0.0007145785691157921
5.499359149343085e-05,1.2891408329133048e-05,-0.0002234353079633144
0.00015107856701486783,-0.0004212328649148852,-0.0006465061919931882
0.0001305609835688349,-0.0003959106426668024,-0.000571269506621634
-1.939517656460567e-06,-0.0007603198931714328,-0.0008133729724686598
0.00010602814398694648,-0.0005019620142406702,-0.0006020880288513771
0.00010492476489161207,0.0006028358722432732,0.0004246594284807598
7.171397519822826e-05,-0.00023952539972904425,-0.0003861834497250519
-3.17911779774773e-06,-0.0006067427286468449,-0.0006568389552697679
0.00014301366665986476,0.0004153155871198696,0.00024949542740249184
-2.8437491941993027e-05,-0.00018590925277103503,-0.0002644427229938175
-8.51907942289641e-05,-0.0002137346528061147,-0.0003614217643070865
3.525538603508713e-05,-0.000247129372573122,-0.00041704721826442556
-5.011928084790808e-05,-0.001390268425592478,-0.0014995220018875577
-8.970858741712902e-05,-0.00017440394567517215,-0.00023858416237450703
0.0001431404676430479,0.000680285660682852,0.000270454616064304
0.0001848444666269065,0.001027887315145427,0.0007345413568797474
-8.982939035746801e-06,7.925558789991663e-05,-8.012782543953624e-05
6.746072258967552e-05,-0.00013132213605681812,-0.00023689698188133454
2.8639426395831873e-05,0.0004042377881810237,9.861533786245584e-05
0.00015177970514274833,0.0001878180876150154,-4.713315988108668e-05
0.00018517130037372717,0.000740408813397013,0.00040603209248221076
0.00011559335998833931,-0.0005987072107458295,-0.0008633633822187976
6.022418572197763e-05,0.00019897500116324845,0.00010592466206557341
2.1003414891776278e-05,-0.00013066421624827315,-0.00039765997237828967
0.00011229111799770304,0.00040360802927470155,0.00013272760407930884
0.00011307000497733601,2.86982631001986e-05,-0.0001913900002461697
-1.0877637749045127e-05,-5.260309913250713e-05,-0.00018004845056964906
-5.235703385809425e-05,-0.0013102957392138125,-0.0013616557983032172
-3.3002217732889085e-05,0.00011716796494359219,3.3960580793074096e-05
0.00020370999069221137,0.00042600763238704405,0.000261838315230779
0.00011436977783251483,-9.731511227340441e-05,-0.0005010676862750656
-1.2851550446244821e-05,-0.00012033745508236823,-0.0004115186983252898
-4.747793353383436e-06,0.000498246523242335,0.00042572866057011895
-1.3135070133925091e-05,-0.00014473323698173895,-0.00028122788639586567
-1.5002180576907475e-05,-0.001017584066309545,-0.0012733166360943359
3.0798624429897883e-06,-0.00011821585330490917,-0.0002473031194010391
7.780739123637294e-05,-0.00013705020309542294,-0.00015924775249274954
-4.397210967814106e-06,-0.0012467442371189247,-0.0012164263000571363
6.924138716713369e-05,-5.921734632115285e-05,-0.0001846255176200614
-1.8581857555681702e-05,-9.27028789252728e-06,-0.00023765003600022928
-0.0001381666372741823,-0.0008134528289132398,-0.0008939056702384892
3.0842320896275264e-05,-0.00022459563805385664,-0.00046431528024279927
8.39768175461189e-05,-0.00021261165179575585,-0.0003796680510162056
9.457160839723637e-05,0.0005597948651550968,0.0004061391720974371
-1.6767410095113193e-05,0.0001484414822944174,3.853240335347351e-05
5.619707474072711e-05,0.0003108718412163854,0.00017539026527028966
1.169574211371863e-05,-2.962052550290039e-05,-9.168089026513916e-05
0.00012870843688111972,0.0006999105418976898,0.00042579203987203745
8.881510198274886e-05,0.0004157017643478304,-3.887800298672125e-05
-2.4168942176921256e-05,-0.00015921591662848014,-0.00042983919228040287
6.025013703380477e-05,-0.0009822775234743426,-0.0009798958582061099
9.073951317397811e-05,0.0006099040310305187,0.00042655184343374814
3.246573657433074e-05,0.00021163845284346373,2.8251649258101245e-06
0.00011598288959907674,-0.00012203053954983723,-0.0004413593293693777
2.5423221961829698e-05,-4.4931624338669476e-06,-0.00012544753266331482
0.00020705890362547396,0.0011492312420914857,0.0006916190120977563
0.00014853805876990507,0.00020354612008606046,-0.0001000911456433176
0.00012240226295002614,0.000547094963498648,0.00040586734713242304
8.405356093873134e-05,0.0004469614602853171,0.00024169600704158318
0.00011929676310313048,0.0007974808302907751,0.000548332534537709
9.264927632831552e-05,-0.0001197470702515856,-0.0004145056635745871
2.5507491380894333e-05,0.00022310108139272857,3.131559472095233e-05
2.2730637408095944e-05,3.045938685106346e-05,-0.00030665912828855684
0.00013080804194492193,-0.0006508575568977466,-0.0007510841897337431
0.0001241248550848457,5.54449788918543e-05,-0.00012699267779556035
0.00013153055603674007,0.00013925489476650593,-5.396261164401832e-06
8.52107551934926e-05,0.0001610028633195135,-7.67310771907536e-05
0.00014495266161716451,-8.132746050477409e-05,-0.00017498110734209512
5.2453305919113196e-05,-0.0002665437872509279,-0.0004911461769333034
1.045063497361924e-06,0.0002713903636816413,0.00020810479408410915
0.0001286681430773769,0.0002803118170882445,-3.1633441385935004e-05
0.00012609118190410885,-0.0008210838474807564,-0.0009421188440700621
0.00026628260042655825,0.000758666796590298,0.0004338995816378618
-2.853024428390986e-06,-0.001297048476047264,-0.0014453664211235544
0.00010453892813455984,0.0006012513418105106,3.9198328888007485e-05
0.0001609825021569699,0.0008010359589472418,0.00046779142959357345
0.00013758234656408285,0.0008373661149028406,0.0006034735665016837
-2.4056976187788212e-05,0.00017696415779707147,8.124174290421261e-05
4.837662403491993e-05,0.00033673887257218345,0.00017988608781723062
-5.459545723890126e-05,-0.00010200392825350637,-0.00020688275031049999
4.093023176044325e-05,-0.0008357636927464625,-0.0011329965313353265
0.00012504832890695741,0.0004529174867053638,0.0002984878298111375
0.00010777544884822695,0.0004976255986221934,0.00024082771589796617
-4.0650278455017926e-05,-0.0007944790875993452,-0.0008836998611926543
3.662973640168367e-05,0.0003725924082880054,0.00016894438446601417
-2.7389577475414172e-05,-0.00025084805716366765,-0.00034091013959059753
2.819422617888139e-05,0.0001948281297545571,-8.116092906723261e-05
-3.5467218707389104e-05,-3.819685374569678e-06,-9.660727565123768e-05
4.893030039618615e-06,0.00026326334399446173,1.9287603563173284e-05
-2.8020703459424954e-06,0.00010677065148729519,-0.00013018918877985293
7.370991015172227e-05,0.0010576050889070099,0.0008963713598097848
6.187799856927146e-05,-0.0004845870350311277,-0.0007603539907811863
-3.8039139412431245e-05,-0.00024373806984602517,-0.0003796282994333906
4.3254868345659974e-05,0.00041261838626556506,0.0003018275287357831
3.1274181197038194e-05,0.00019247163870357966,2.233209081706523e-05
1.4480219390336339e-05,-0.00024381279461308843,-0.0004016280078884924
9.690783646658819e-06,-0.00010699443549808731,-0.0003364946602267165
-1.5922211485354322e-06,-0.00029451323600244116,-0.0003345759523291435
1.3106307813959414e-05,0.00025428192414066674,0.00015462004746714223
1.442309996168553e-05,-0.0008479321892903484,-0.0009520668045365502
4.838944461087736e-05,9.956693469730839e-05,-6.245247244131605e-05
0.00013195982451963818,-0.00023648201885251923,-0.0004250692958739783
4.37721424258345e-05,0.00021350438488428194,8.558852238068777e-05
3.723506144274799e-05,0.00037808840438753664,0.00021023771843053143
-2.6737246932774397e-05,-9.95758393336265e-05,-0.00031510334032797246
-3.0034352392593043e-05,-0.00012161820702710636,-0.00022634520496054992
2.701275842018037e-05,-0.0005951657983616348,-0.0007458629048594
0.00023328944320654018,0.00029026894073480575,-6.35168306722907e-05
2.8434175362009113e-05,0.0003846378578829513,0.00024194004299106227
5.436620845915342e-05,0.0004625965664596649,0.0003429457755338142
2.0153474874635703e-05,-0.00019577950136295325,-0.0005236358869213645
6.799738381294896e-05,-0.0006323402942623044,-0.0006272920728702784
-1.857009061064592e-05,-0.0010521782209502485,-0.0011405262670952637
7.234680055322746e-05,-0.00017163556229007695,-0.00033681060840767444
-1.9089742769529984e-05,7.863178186100049e-05,-8.55138071311963e-05
0.00017863636152578669,0.00013545041298067273,-0.00013617850982026544
2.5378965615014407e-05,-0.0003855390379838211,-0.0005056331476135763
-5.409819044271399e-06,1.21988521444111e-05,-0.0001763910760450199
0.00012137045360197136,0.00039549519234456784,0.00020965749738869124
-6.38333236311967e-05,-6.0448694852003086e-06,-0.00014097598405092522
-1.9901731791007604e-05,0.00010420179355407242,-7.122649678866787e-05
0.00012468935367178748,-0.0003618647004961031,-0.0007415798614346849
2.1837770159012195e-05,0.00040211939914545556,0.00023323615069233388
-0.0001597839228059439,-0.0013092257798211905,-0.001356914571294856
0.00020035570088278672,0.0003333442010173755,4.278779331940108e-05
1.358126293243817e-06,-0.0004071682233745738,-0.0005874070682659452
0.00011771289720736363,0.00026487490694187524,4.466139099435431e-05
0.00014079440905435782,-0.00030375599159046995,-0.0007047915773783062
1.8506163363099336e-05,-0.0004467473778769808,-0.0005503697561740678
0.00011166742855891904,0.0003345571246810218,9.015663629214162e-05
-1.6032966321755793e-05,-0.00020690215693125642,-0.0003367054819660069
-0.00010655466831067774,-0.0008450740696458712,-0.0008969665577402868
0.00012191806500670645,-0.0003015574226239119,-0.0004726280611980831
1.997337605574547e-05,0.0003018093514020033,0.00010739322000063493
-5.319252648239246e-05,-0.0007347542219673977,-0.0007152521108962994
-2.6436181424102943e-05,-0.0009766489632973335,-0.0009020054330359708
5.567980889415754e-05,-0.00028032848651538293,-0.0004916087190233271
4.1414248559237056e-05,-0.00024390370975438998,-0.0004332580731816302
3.4995440396985494e-05,-0.0011684212233346266,-0.0011423349316100023
-6.881594385178133e-05,3.763143930417655e-05,-0.0001412267574585522
5.1424839189620844e-05,0.00019364717504458383,-4.457569898357679e-05
3.232507079314699e-05,6.346984563293517e-05,-6.281829502328859e-05
0.0001581201856902741,0.0009617165868190285,0.0007948480302300638
0.0001458466420968258,0.00010899026321311455,-0.00032822918208998375
9.593996828824516e-05,0.00012868962468787622,4.964516063098139e-05
0.00021601605358600803,0.00048030777221255423,0.0003305689830042722
1.785134341459757e-05,-0.0004497611014368701,-0.0005804647896821811
7.51441707560954e-05,-0.000161792142134958,-0.00032054565880741546
4.9207978836555624e-05,3.417857900061687e-05,-0.00020183475359619233
-2.7778960885668238e-06,-0.000227830804596063,-0.00031080506748088307
-1.8198624251570985e-05,0.00016559329353849132,3.788996141132309e-05
5.698471945992536e-05,0.0003388292716601436,0.00019536327183123232
6.60063125908383e-05,2.4562352948352293e-05,-0.00017124172940074424
-7.497618477975422e-05,-0.00043914850342840654,-0.0005545464289309415
-4.7674531653109766e-05,-0.00039096349493229255,-0.0004888789893116777
5.722142057460119e-05,0.00036560392432225826,0.0002496038494550305
3.469963591673091e-05,0.00038731157937209283,0.00023125475452930036
0.00011290958366763048,-0.0002360055345107877,-0.0003639339015520069
9.317568947169743e-05,0.0004912659941819573,0.00029910132014698013
-1.7916718951462582e-05,-0.00019373734883476818,-0.0003378026469477119
2.6347470149217406e-05,-0.000765993014864254,-0.0010675586496542515
8.872875547849971e-05,-0.00019831198847457694,-0.00030084522754937116
3.2987536560155276e-05,-0.00017656144124259882,-0.00040539832260835904
7.619654996831923e-05,0.00021883378515454079,-0.0001555856130128471
1.6484773176219704e-05,-0.000643345491338767,-0.0008524668158579113
0.00012569354889071306,0.0005031315820660989,0.00033001072850648
-1.806361397237852e-05,-0.0003930457538121961,-0.0005193127788237916
8.932021471639006e-05,0.00028542422971543054,5.2530764880991105e-05
6.253045533502816e-05,-0.0006351255622017173,-0.0007960880632947923
7.052046544732843e-05,-0.0004328407366143912,-0.0005273081099603005
0.00013811106047865966,-6.265357262512367e-05,-0.00015947534175895112
-7.430247208111847e-05,-0.000706531114994665,-0.0007421866684553886
-2.9221632331255672e-06,-0.00015610624048340414,-0.0004487665377438036
-8.114448738455175e-05,-0.0010978241750368466,-0.0011647263211552565
-1.7799915506727432e-06,9.49345443253596e-05,-7.096347792657332e-06
1.3743611182187387e-05,0.0003147167096845705,0.0001502796148570406
2.7600723210354294e-05,0.00021365927754607214,3.039239188160883e-05
0.0001907960421198714,0.0009572511779214762,0.0006616565589344264
2.466656068300313e-05,-0.0006432591527731864,-0.0009266022646766832
6.959728109749832e-05,0.0002184149774411778,7.325109583120282e-05
7.160630861408447e-05,-8.348921716224724e-05,-0.00022286945235920505
5.394505186817302e-05,-0.0005243039651651898,-0.0006842266167479594
3.840639176197155e-05,-0.0002086800630090869,-0.000341186316873877
8.473318742189216e-06,0.0004135771057396997,0.0001854757665751758
-6.90381125431064e-05,4.09907565916391e-05,-4.3416212814116975e-07
-8.613352475850489e-06,-9.438015785853663e-05,-0.0003215373237171287
0.00015950047746836758,0.00029903765149815506,3.086624513770561e-05
-8.526258218265602e-05,9.393392372326044e-05,-0.0002237597196072006
-2.4392069214624408e-05,-0.0005141413138722092,-0.0005245122656930076
-3.766294980303176e-05,-0.0005620322861432374,-0.0007895316809855546
9.114555521707998e-05,0.00023054130823674222,-5.278277943909699e-05
2.0636729974915188e-05,3.6959865221254516e-05,-0.00013852333592869826
0.00020086450524732684,0.00024433143797689914,8.500698978560571e-05
-6.697111053902003e-05,0.0003498151508125065,0.0002865945303994965
2.1307263638001978e-05,-0.00043488209813154005,-0.0007627269518395399
-1.1696669670677423e-05,8.263884861821764e-05,-2.51253512694716e-05
7.238020636772904e-06,-0.0005795330976205879,-0.0007805058951624434
-2.433546170891977e-05,-5.094219416196976e-05,-0.00019877588151807066
9.37920829899455e-05,9.137200698043307e-05,-0.00010676199577458708
8.973385287833975e-05,-0.00027869543805424113,-0.0004077183138843708
-1.656647936094203e-05,0.00010071061849045325,1.3772892533658583e-05
0.0001205303003279236,-0.0002822579716550179,-0.000392245136307797
2.2173284157691347e-05,0.0005263690273107696,0.00032673626088758595
4.507485441183632e-05,0.0002729461950273189,9.36985112267471e-05
6.264112644118985e-05,6.117480972628664e-05,-0.0001065233295523674
7.829482515995129e-05,8.360135868498624e-05,-0.0001877854780541452
6.604177951583602e-05,-0.0004141377725394907,-0.0006004311144613059
1.6124056417065176e-05,0.00016854569347373737,6.841437597316941e-07
2.4472479251627796e-06,-0.00019471697824467176,-0.0004083233138134333
0.00010726532076203379,0.0004909303686073666,0.0001051680639809566
-8.798003059289544e-05,-0.0002529735869837319,-0.00034981038305678766
-2.1574004147325936e-06,0.0008144374486216835,0.000574163818150224
-1.938880283596509e-05,-0.0003581943527192958,-0.00047106775738376517
-1.0540094248514365e-05,-0.0007376521799977156,-0.0007305902194725185
-1.5241575132338278e-06,-0.0001532827107637598,-0.0002029413278472839
0.00015704844583221668,0.0004313639441092418,0.00023107860374059927
8.933003703790821e-05,0.0003149245995168222,3.1531034685685375e-05
0.00012426955670192798,0.0007818860101179463,0.0005502742208860043
1.2654756489329611e-05,8.869047948040164e-05,-0.0001841909090057581
8.143732994365878e-05,-0.0002548455759898249,-0.0003243227627486167
8.521664593455917e-05,0.0005580113673793266,0.0003089729214978342
4.9436285897550675e-05,5.633064529644461e-05,-0.0001537489525403202
2.5804032628208877e-06,-0.0006803306069270158,-0.0008414506373758025
0.00011727185670258882,5.765755463189479e-06,-0.00022226190624518517
0.000101889850576185,0.00015055948431888554,-7.050748359503241e-06
6.1377196830386264e-06,0.0002172910389759851,0.00014260296146616347
4.595745808845379e-05,0.0009356648361681536,0.0006546972227635851
9.199226040309944e-05,0.00011678832133012082,-0.00026152299774544945
-0.00011324012283223857,7.328452694061339e-05,-0.00012479638888349695
4.587408011731391e-05,0.00022890343489207255,-3.157743381859766e-05
5.797303796489594e-05,0.0006050175102542718,0.00031239969954446054
-1.2644777767344177e-05,-0.0005866932063350674,-0.0006761719121290154
0.00013897542484721275,-1.6560373465823416e-05,-0.00019999294254787755
-5.4967656208488e-05,-0.0014458341545505004,-0.0017289754467377347
4.1754352910563396e-05,8.998972246463915e-05,-0.0002424870379126584
7.07552858782921e-05,-0.00021740155366814151,-0.00030060915873675114
3.0178973518544324e-06,-0.00025469532921158344,-0.0002769697141141084
-5.572180732875138e-06,-0.00024412674276025418,-0.0004502098101970946
-1.9697681782985263e-07,-3.681303974728076e-05,-0.00020693116870016553
-2.9347832451645446e-05,-0.0004979402244928193,-0.0006152269304676003
6.120406387262577e-05,0.00046922686135146357,9.225785241349841e-05
8.089194752191101e-05,-0.0008309062740372133,-0.0009184846241315825
5.7206504717198585e-05,-0.0006485648141499434,-0.0008203374756816211
9.551958656959329e-05,0.0005162770415348968,0.00019377024579436745
-3.7200755754899915e-05,-4.380052760829926e-05,-0.00010149618672066147
0.00022203246869112036,-7.031405868505023e-05,-0.00029939911889922857
0.00016839353153875444,0.00046035960945295086,0.00021120623086211103
2.1023098776712102e-05,-0.0007198595392403701,-0.0007391144816271589
0.0001527618850786691,-0.00020895014112772502,-0.00030238377212146007
4.186596247537816e-05,-0.0005960783922711441,-0.000679410525106952
-6.615103656538177e-07,-0.00045460177424782016,-0.0006314984721683557
6.77902109313014e-05,-0.0005699207738297077,-0.000729443709892584
0.00013682524100417853,4.495144405047239e-05,-0.0002761605447932344
3.497355824180488e-07,-0.00015813111875730002,-0.0003171054500072403
6.872854613784867e-05,0.0005252710386251401,0.0003703027072934588
0.00011384993471792176,7.773238178967605e-06,-0.00020973403516422965
0.00011235771596040646,0.0003662300973615583,0.00015048851865720372
0.00016809347817248633,0.0001172471308290883,-5.094687511410787e-06
9.82632922815816e-06,-0.0004936544267479717,-0.0006119374807659653
5.9991485466084625e-05,0.0005034987849780854,0.0003152097845071424
1.1838809199006485e-05,-4.543611086658668e-05,-0.00018814053844634166
-3.170267531808066e-06,6.797126563066967e-05,-9.302025103875788e-05
0.00014651140228259967,2.336676025204256e-05,-0.0002185177276670647
2.4289131015498496e-05,9.218199687526265e-05,4.9572897121149604e-05
8.457908861666058e-05,0.00021079159515236624,9.155555623529833e-05
-3.558179471056566e-05,-0.00026853764391309787,-0.00031952419538429957
-0.00010646670923326448,-0.0007767912509954181,-0.0008898898810163973
6.711776467760699e-05,5.616708556928238e-05,-9.702672093914777e-05
0.00016170845388093597,0.000430859818434843,0.00029458082191471534
2.2143087504296175e-05,-0.00035462214884240256,-0.0005693278530406877
9.579244999989486e-05,0.00016510067982657825,-9.927157984848001e-05
8.381281433635958e-06,-0.00011906430639091879,-0.0003469034832251192
-0.00014230140126707106,-0.0013332932976618489,-0.00169933260326813
2.7027522004589074e-05,6.84749033647538e-05,-3.372890994985314e-05
0.0001643054692650687,-0.00038240731811992854,-0.0006251763527922906
2.1227540060982905e-05,-0.0005802755040404603,-0.0007322456627944279
8.302402619330475e-05,-0.00010162754347293519,-0.0003235849844449775
4.329641035759755e-05,-0.00028413918983355283,-0.0005371157126004396
0.0001449383000890047,3.375003660064399e-05,-0.0002756227582596942
7.82021070216878e-05,0.000244980929296755,7.76118202535313e-05
3.6098285986048515e-05,7.598817604845003e-05,-7.968140425371897e-05
0.00011547860251869614,-0.0008150924379793008,-0.0010286373944250237
6.648536884168716e-05,4.398983949754787e-05,-3.861790387193574e-05
-6.068588125795568e-05,-0.0006777428335321198,-0.0007559714063640375
3.2052324213377605e-05,-0.00010826042969940666,-0.0001990056119349421
0.0001461922736561558,0.0005196075597786533,0.0004139516095760906
8.42702055424667e-05,0.0003488874491626599,0.0002247277222245054
-3.516740352466492e-05,-0.0006012465758688408,-0.0006714790260127317
-3.925589306039647e-05,-7.863304222134392e-05,-0.00020819870592373233
-4.836721269773123e-05,5.5686285488619326e-05,-7.205046910808647e-05
8.32803728613252e-05,-0.00021327200911861708,-0.0003603715043714545
0.0001294352185067465,6.309015312796455e-05,-9.589939515916861e-05
3.222469229375804e-06,-5.9417595969737404e-05,-0.00026182053677912105
1.4934850750840194e-05,-0.00021916506462687452,-0.00033353397355101683
3.298385783632435e-05,-0.0001501088082043114,-0.00039575211345620485
9.869056064093685e-06,-0.0005342435538963232,-0.0007184213199682936
-6.405834589422003e-05,0.00042693001678685425,0.0002942135002748179
-2.3473539397230532e-07,-0.00010979508262296732,-0.0003140124243016036
8.208711482123065e-05,0.00018027406106646977,-0.00016422288574222674
-3.524892911787614e-05,-0.00032775863730271585,-0.00046072559109916445
9.324592961093022e-05,0.0003651038317064772,0.00022876427479963265
0.00011391229419379268,-1.1808119952185913e-05,-0.00011398492390958577
3.451277941984537e-05,-0.0002854037254589389,-0.00047676495653119287
1.101844792133e-05,0.0005507771533325353,0.000303648515349538
0.00010380820033293491,-0.0002842542707212703,-0.0005375799602264058
2.3760550704671944e-05,-0.0004511207544357062,-0.0005990636275053798
9.34616052642008e-05,0.0001121874024953479,-6.95715729307252e-05
1.210794390439304e-05,-0.00043386808505823976,-0.0004318892615404241
-7.435710302492409e-05,3.428052219832351e-05,-3.375585465083112e-05
-5.738531377610592e-06,-0.0005216176867738313,-0.0005984777502231972
6.413299475688456e-05,-0.00027635388696024154,-0.00042780414713377906
-0.0001055928129694239,0.00022923461484997492,7.291338356880454e-05
4.622649087606754e-05,-0.0004238607046502686,-0.0007262401233690462
9.573798679226721e-05,0.0008120637559603283,0.0005848276000156463
9.277866753019931e-05,0.0009193370652244792,0.0005600943359429172
0.00010168826111760594,0.000292984195190315,3.288910677737872e-05
3.8284839278516505e-05,-0.0002549879339459137,-0.00042285333247155793
8.468726501970167e-05,-0.00040135075740724247,-0.0005965161305374007
8.626358319425279e-05,0.0003607477788741066,8.745488992887101e-05
0.00014296786067498194,-5.230249926081375e-05,-0.00020224294536961277
7.596357815922894e-05,0.0004493813489857849,0.0003573942242439095
0.00010954563145001975,0.00036171755534252013,0.00019305843516292563
0.0001139493119146864,0.0007447319573918586,0.0003419492789920224
0.00016479835656624592,0.0004945931250989065,0.0001325685263730175
0.00011997635528140266,0.00027140034812651864,0.00019145723527946363
7.332940677274577e-05,7.353614620212486e-05,-0.00023556651631469007
3.4838064721489514e-05,-0.0001181107781567999,-0.0004547473631430117
-3.545130256084653e-06,-0.0008195151346404387,-0.0010704441671445057
-5.875980600650527e-05,-0.0007305660057443576,-0.0007779892631963024
-6.217496513292528e-05,0.00025501332325353023,0.0001488693841013766
2.509819506324817e-05,-0.00024166253324027596,-0.00034826802499705303
5.312758911291544e-05,0.000557294987694643,0.00027565833492400766
1.440847232482472e-05,-0.0007723095817965541,-0.0008717857612529015
3.411356078924954e-05,-0.0012550479573667818,-0.0013446597973643917
2.2437606943190574e-06,-0.0001716706216636653,-0.0004961992273700672
-0.00019432456408992956,-0.0023174607864649022,-0.0022152911573277497
5.418040080842478e-05,0.0003763402765178438,0.00017746059218434716
3.3593566390671616e-05,0.0009506179348224971,0.0007166701436025363
0.0001325055056455377,-0.000237294632310816,-0.00035847765364959474
4.818527691446961e-05,-4.813677230036559e-07,-0.00014354970657536587
4.882458314861587e-05,-0.0006907545037306544,-0.0010547595972061517
-6.633341907646512e-05,-0.0006482136970069785,-0.0009006202132994022
6.946855127646964e-05,3.480785435116355e-05,-0.0001279722249793269
-7.136450561192963e-06,-9.93540347627586e-05,-0.00016784444626658
0.00016266370380227661,-0.00024325720249795648,-0.00031534170169583405
7.285218538395522e-05,3.5766561792252485e-07,-0.0002582035353559675
0.00010469916259966735,-0.0005583557383597491,-0.0007364991773352824
4.889369764733353e-05,-5.245936575699493e-05,-0.0002329678013821764
0.00016944073906152853,0.00018875935249247503,3.316499400356511e-05
-8.624184451523989e-05,-0.00045154264322433554,-0.0005230269082379559
0.00010832037166430065,3.0825550872066e-05,-6.400079499272935e-05
-2.6755258741467132e-05,-0.00013380546835284468,-0.0001994097073355476
0.00018751879375524305,0.0005021727243636904,7.682219196953358e-05
6.25809972496165e-05,-0.00016372964455667875,-0.0006297144143067696
-6.610063940014436e-05,-0.00018768785675278083,-0.00025496173819335144
-7.15859883370607e-05,-0.00012972470153911603,-0.000283066984064734
0.00013891539180469297,0.0004242484406937658,0.00011886083046615346
3.6636191649364665e-05,-0.00022835932228358274,-0.0005429710639831578
0.00011251279111599896,-0.00034929877727281084,-0.0004824202862311905
7.323037930988288e-05,0.00040876790568170204,0.00010736873393987183
4.596909776844707e-05,-0.0004719674267955165,-0.0007523822976252698
3.892781686539228e-05,0.00011324722454651735,-4.396493350096415e-06
8.040708621575302e-05,4.373538570825032e-05,-0.00017571488709295185
-5.797285666932949e-05,-0.0001219978850599656,-0.00034692545259187835
-5.15013853723462e-05,-0.0002380870512474414,-0.0004740760874674827
0.00010870717436534027,0.0007129877641146636,0.0005047511546579298
-3.6001153220742432e-06,-0.0005861249983078475,-0.0007892352723184344
6.788915258471124e-05,0.000497018697714344,0.00030551150868314043
7.104815507885063e-06,-0.0003507507104449512,-0.00048807327134735247
0.00013901002008535497,0.00043814251121991463,0.00026118501590912616
1.7063194523972663e-05,-0.0004924272685310478,-0.0006538838870562517
-2.6146268944375725e-05,-0.00029437480339402744,-0.0005037232900905202
-0.00018601169570894036,-0.0012940435834991387,-0.0013163741974579009
4.956038920740751e-05,0.00027069691671450645,9.750977081613003e-05
2.2129352316002318e-05,0.00022340730386298155,0.0001240842383449151
-7.075083113332808e-06,-0.0006621003240987267,-0.000756815261393569
4.2741102992965396e-05,-0.0007722091748007738,-0.0009172080518879222
3.660481867457166e-05,-0.00010301492726094953,-0.00019293631480407422
1.8094230923636732e-05,-0.00021761604459442566,-0.0002747380314975284
2.556212880740178e-05,-0.00038765861129742406,-0.00046951044741121183
3.845256995860016e-05,-1.1048771095941039e-05,-0.00010633211364431253
0.0001973723921179998,-0.0001109245289092456,-0.0003637916081523019
0.0001888279801127179,0.0001250695612139896,-9.700400817993653e-05
4.700341983018217e-05,-0.00036557765512239715,-0.0005356138430772619
2.2752329204298223e-05,9.030075735981016e-05,-0.0001256458710507461
5.4072076974351216e-05,7.011501849014937e-05,-0.00011128206460175858
-8.956489140442059e-06,-0.00044427330543578747,-0.0006167512185062103
0.00012331448352986818,1.3216920503521175e-05,-0.0002392867324432037
3.544402420578384e-05,-0.00037854519373395476,-0.0006156330663084378
2.1689360391736177e-06,-0.0010113296170398821,-0.0010001458174527923
0.00017517511272251878,0.0005605308507700124,0.0004214900693885268
0.0001043040850200951,6.19774276816644e-05,-0.0001888260122487953
4.393657073013224e-05,-2.2577723685650167e-05,-0.00021431774371471552
0.0001295549742146835,-0.0001280204470795168,-0.00030507832607605154
-4.852802300454314e-05,-0.0004108354842513488,-0.0005637280913430195
0.00020117995185873493,0.00019295679811631857,4.709539231115365e-05
5.701565141617198e-06,-0.000883291204250823,-0.001091867122088508
2.8012202523754713e-05,-0.0003130862317477494,-0.000419458859736067
-2.1858712038655935e-06,-0.0004796772162378686,-0.0006015745594983065
-5.77761755501849e-05,-7.410471337342448e-05,-0.00024383628161282902
1.9293029880725315e-05,-0.00020969362016381304,-0.00032545858481173846
-5.5913294603801415e-05,-0.0011802080982154062,-0.0013145377945997234
-2.9040391701912855e-05,-0.0004506120764974281,-0.0005543127602180939
6.610278654633933e-05,-0.0003527726446542329,-0.0005321649146649078
6.965848830306566e-05,5.046774238762691e-05,-4.63869258858121e-05
0.00013945711163925896,0.0006590363064398008,0.0003734074348745919
6.204682228678644e-05,3.582318639953704e-05,-7.107898747202266e-05
2.7887228027739146e-05,7.342403694615251e-06,-0.00017208913498473514
6.72887538696209e-05,0.00033356115292179113,0.0001175219386355658
-3.99543405856137e-05,-0.0005036977456949374,-0.0005401203802844839
0.0001252446752702081,8.374055968634375e-05,3.352856137235567e-05
0.00011737385901650665,0.0005890610822380249,0.0003811918363704146
8.610955525873072e-05,0.0003582301995955586,0.00013441615617374505
7.38498564984565e-05,-9.655500125011485e-05,-0.00015611186236189008
7.020459179641905e-05,0.0001990263213514475,7.456806142479293e-05
4.6421583354786373e-05,0.00029411539316388986,0.0001956665067109506
5.205833316741059e-05,0.000552663741450332,0.00044559166159740843
8.166268848503226e-05,0.0001094398483701938,-2.6885081211519075e-05
0.00013071766224307462,0.0003690772554459618,0.00024122728689932884
0.0001045960357666035,-0.0004537439328962023,-0.0008714051504433494
-6.425484844848494e-06,-0.0005415321114021638,-0.0006990436863084972
-0.0001208919393704284,-0.001030944930430748,-0.0010887693273639641
0.00012021303657059105,8.62071795724723e-05,-4.7964776537200296e-05
-1.1537914459139157e-05,0.00024373814032074034,2.739776981745183e-05
0.00018895962790813019,0.00032358076437731303,0.00015882359091345184
3.845423794938155e-05,-0.0003287090342342325,-0.0004971622633562585
0.00015160461837513114,0.00033426089326468863,9.235212507854886e-05
7.386831428207858e-05,0.000300950189605355,0.00013842618636273902
9.312609676929962e-06,-0.000262398778420401,-0.0003773540688537006
-8.200969905354279e-05,-0.00042304017896228706,-0.000399541993683784
0.0001471416856022942,0.0009315669881311936,0.0006651221166158376
-1.7475497078481788e-05,-0.00010054484594004581,-0.00034672357910896505
7.63685811689656e-05,-0.00014670905419007606,-0.00037832951365775777
-0.00014584745026711675,-4.518900167485598e-05,-0.0003105256685827327
0.00010929416623571686,8.52548493777657e-06,-0.00010433957039511754
9.937807980708337e-05,-5.793404080445025e-06,-0.0001545554450395034
-6.046582498526296e-05,-0.0013931188570861226,-0.0014464233972460926
0.00012202994450783352,-0.0003072349802672749,-0.0004392819384122744
3.871850498407641e-05,-0.00043163839820098925,-0.0004774470835757701
0.00011953629573607287,0.0009696011668957476,0.0006356838793961065
3.0368625180247975e-05,-0.0005503791818211662,-0.0006416284127836457
3.4181960143579406e-05,-0.0003758209873845227,-0.0006579915409324415
1.3360601361344938e-05,0.0002938593165776486,7.218567251655823e-05
4.3245148808182624e-05,-0.000616828246624224,-0.0007709008126665658
4.6366192691099265e-05,-5.111333198821945e-05,-0.00024801054848509795
5.2028391454763865e-05,-4.148838165247832e-05,-0.00036688057316812265
6.805429806750757e-05,0.0004693790319475033,0.0002933965711430102
1.8932951798481218e-05,-1.1218326307158906e-05,-5.186667412867574e-05
-9.766844878373427e-06,-0.0001258982876283888,-0.00021290420716010795
1.0848200324385378e-05,-0.00032365200102099634,-0.0006565066240258434
-0.00011468099534886196,-0.0002988750007090678,-0.0004540798310624296
4.926136395708272e-06,0.0005629559071338763,0.00042627664860046474
4.5605296079713665e-05,0.00014936713250991078,-0.0002760166136550944
2.0134652718272898e-05,0.0005665199536975731,0.00018417027955053785
3.7570808552937095e-05,-0.00036906650632248744,-0.00046294456689694287
6.408452645251993e-06,0.0002757355856015073,1.1369629730259155e-06
0.00012045591437251875,-0.0001508879638780565,-0.00028306615379363777
-7.905181420628094e-05,-0.00027644843143922554,-0.0004169218499371657
-6.0203695708069515e-05,-0.0006576498035708955,-0.000766619014195656
-1.315869832467452e-05,-0.0002233314332778714,-0.00038397641447551745
4.787828438840687e-06,0.00012999805673219336,-0.00022555989244939188
3.7982955459878143e-05,-1.7982162548537772e-05,-0.0002693132431509718
-6.845345899003278e-05,-0.00029663278944810185,-0.00043923124971316133
-5.025021022724496e-06,7.316538346879159e-05,3.088941338004402e-05
0.00011232056394526563,-0.0004701053154116554,-0.0007732455546663147
0.00010731763073875756,-0.00020867893183484644,-0.0003042127681476867
-3.68983512440698e-05,-0.0006530406631968631,-0.000777386114924254
0.00014349161814802543,-0.00016528448841813455,-0.00044362163520604114
8.756956477539941e-05,-2.8901290174329172e-05,-0.00026943799331457087
0.00016210083835725122,-0.00026998312101466704,-0.0005812553778905756
5.742604252264951e-05,0.0002188762725485286,-0.00019945439504521679
0.0001223393327956537,4.249848917151506e-05,-0.0001249214494064598
0.00010646603053927516,-3.4598002008706023e-05,-0.00016576314511657103
9.789786664312972e-05,-0.0001323730996601488,-0.00021774180364498414
3.6128216504123484e-05,-0.00019702623169726992,-0.00039064208338665096
9.457045365737502e-05,0.00011669559886865586,-0.00010589253422610805
7.244665770552225e-05,-0.00016062757410418337,-0.0002746179160756743
8.676499925175233e-05,8.194148369926145e-05,-6.720644330915588e-05
-7.0291678240163e-05,-0.0004925719068642533,-0.0006674772926499211
-4.717059093453108e-05,-2.824529840126424e-05,-7.074062212323375e-05
0.00012756285469965698,0.0005325533258631665,0.0003701773026993335
4.517301415428611e-05,-0.00021223964846424468,-0.0003136844679161756
0.00011223771524618308,0.00021593448456223993,-0.00013521163572573244
6.861772990517608e-05,-0.0001770718951678201,-0.0003750317513934058
4.552121915796692e-06,-0.00011858831194612606,-0.00033314898973286556
-2.7771617158918482e-05,-0.0005915796465769643,-0.0006686833729096983
1.199784824102328e-05,0.0002231792868228593,0.00013536151161875818
6.602960981032268e-05,0.0005024648232888386,0.0002739481758327266
4.1747881320969835e-06,-0.0002661106237354877,-0.0003502267154893599
0.00010379232359442265,0.00039796129253597153,5.7694732630060195e-05
2.4335144965376024e-05,4.1651350141284305e-05,-5.3047125811723705e-05
1.3411991685423284e-05,0.0002258321157067556,0.0001235649565803321
-9.244195093734736e-05,-0.0003157377905560891,-0.0003516806608255392
4.815314581348124e-05,0.0006257063291776599,0.0004560542571262371
0.00017384969148704732,0.0007107759568745371,0.0005620661291610331
-9.668364710147345e-05,-0.0006648384700422267,-0.0006999775622105275
-7.760210761025596e-06,0.0001204180824063125,-3.886128210814157e-05
3.829604543336359e-05,0.00010205546497633197,-0.00012463158073420952
9.662507439357935e-05,4.35378585149914e-05,-0.00012222971353907137
0.00012482673908675428,0.000554595466050989,0.00038102543598308926
-2.6949109259502747e-05,-0.000369886927230942,-0.0004972181534041502
4.220614912882201e-05,-0.00017847432053404776,-0.00035514562430816865
0.00010297160029049343,0.0001592106068682366,2.765420210046858e-05
0.00010395104495473099,8.150873934154802e-05,-0.00021004542186738343
-8.181081400500265e-05,-0.0011531168279062544,-0.0012581634409939446
-5.176549932763973e-05,0.00011776677349017821,-0.00012392231605119097
2.3088850681368493e-05,0.00016766670343956744,3.1231636669221954e-05
8.258188236216058e-05,-0.00028884549429108444,-0.00040827450496718805
0.00010161302486344818,-0.0008790038941188592,-0.0011069643451343866
-3.357370769337662e-05,-1.3528174977201494e-05,-0.00014068078738807983
4.103377820542836e-05,2.4291498535846233e-05,-0.0001293097451843728
0.00016723763766805387,0.000980521156553906,0.0007603869538207527
1.2015311559221049e-05,0.00017602670392626393,3.109479939767155e-06
0.00012723972298577823,0.0001867745903223032,2.609811721314989e-07
2.2875856893429287e-05,-2.503120304940269e-05,-0.0002736305987179501
4.844334499967074e-05,0.0005757009255308108,0.00039929484721018386
-0.00014121078599759057,-0.0014077517698953329,-0.001404957669952663
6.259241678520855e-05,0.0001973241191597814,-3.093586855031782e-05
-7.276444605011222e-05,-0.0002149151777777188,-0.0002767874862504906
-1.787325267641226e-05,-7.39545365177039e-05,-0.00012065573453477692
4.5107104949980415e-05,-0.00018383510830479862,-0.0005574948157166726
-1.3062019376086284e-05,-0.0004727157831293648,-0.0004797875477359916
0.00021800126108335318,0.0007531573865962272,0.0005778292319224309
8.989365379117639e-05,0.00075203363269133,0.0005916123369253261
7.853500118964093e-05,0.00014560321556056035,-4.004427602154862e-05
5.933435564651244e-05,0.0001063233357246088,-5.342682042753098e-05
5.5662798405686125e-06,9.975823772641839e-05,-0.0001676579713277789
2.5418271545627976e-05,0.00020184252418127787,0.000139236027880069
0.00014499675195593387,1.2948381162727939e-05,-0.0002666523178545463
9.238674978020828e-05,0.00021289974634325498,-6.995919219220835e-05
9.212698307896794e-05,0.000866826485232793,0.0005209355229788724
-8.339903337341401e-06,-0.0010553761222500424,-0.0011812613842890874
0.00015448364077363111,0.00045058304176049627,0.00015351325639030678
0.0001121693297892289,-6.563375123174741e-05,-0.0002300321450976288
1.620962727253938e-05,-0.0007917914637187444,-0.0010370062500109005
9.380550314822922e-05,0.00039856193960731136,0.0002650344244993372
0.0001346524300096976,0.0002652778446031953,7.183514945357432e-05
0.00019515392997659833,0.0005451015538579556,0.000293327511849868
0.0001612536130057404,0.0006260347460531939,0.00040205949697833015
1.1072000481522501e-05,-0.00015608773814066614,-0.00046712281028286727
6.656423777323111e-05,-0.0007506923980464561,-0.0008512618161803246
1.7269516975149308e-05,0.00040856337616227887,0.00028567901013045436
4.7124839230205123e-05,-2.1526714499633202e-05,-8.364239090884732e-05
8.422615015105095e-06,-0.0004537052031246488,-0.0005384424303123551
9.074564585649325e-05,0.0004744436911376412,0.00018950553299570947
-5.632114817949408e-06,-0.0005723889381442041,-0.0007076454034769471
-6.715102603817904e-06,-0.0002444754772305379,-0.0002983223834401975
5.769851036257885e-05,0.00020926933242552124,4.6817143858047215e-05
9.700595942581697e-05,-6.04333014951029e-05,-0.00029594588290148807
4.097534162066888e-05,0.0003655708223679709,-8.549537870198058e-05
4.80309620928216e-06,0.0003937180445754472,0.0002583056258490227
-5.7696632822939705e-05,-0.0004442599874763044,-0.0005233105521831647
0.0001417224320617724,0.0013442006793485816,0.0009370546486381301
3.9322774334958486e-05,-0.0003415967478913024,-0.0006061020682899408
0.00019417722593577478,-0.0003294215806211821,-0.0004605597551552383
3.632214529454133e-05,-0.0002888152302703606,-0.0005938641696220089
0.00014315407330522804,-0.00017250548099425014,-0.0003466405602289209
9.442737336536075e-05,0.000249840175992331,3.6101037156986064e-05
8.250166182188727e-05,-8.875493275627849e-05,-0.00013564768266008913
-0.00010113105972293953,-0.0002813219437124133,-0.00042898787757998473
7.183602319517634e-05,0.00028805387668398786,8.156284498716344e-05
6.331274200590132e-05,0.0005052815003552611,0.00033865007395124857
3.792761932614556e-05,-0.0004930843581854608,-0.0005952032153922679
5.138499973533867e-05,-2.416513499104659e-06,-0.00026312078700289996
0.00010285169505168352,4.9985348628939956e-05,-8.182674064083898e-05
1.7053786194343135e-05,3.597151463367027e-05,-0.0001789624174677029
5.009572464500817e-06,-0.00031911743666762995,-0.00039558482340298093
-0.0001464045904577873,-0.0005033637676319559,-0.0006565040663303595
-2.27638598541027e-05,7.378159701011066e-05,-1.5918539775692424e-05
0.00014075793741682841,-0.0004544819997334366,-0.0006080322935559498
-1.072138586001074e-05,-0.0006049986249729748,-0.0007386005951180801
1.558580495359989e-05,-0.00010523446361143474,-0.00013156508246538109
0.00010543579646433399,0.00028321885725271555,0.00015218372805927125
6.172153634316486e-05,-0.0006517665885836221,-0.0008223748650718087
0.00011796777047596197,0.00014872683088524476,-0.00010774853485256421
1.4301258466686541e-05,-4.7180395594622346e-05,-0.00012517813900026018
5.4533924888263145e-06,-0.000321843158419822,-0.00047257288082816647
0.00011380393616810619,0.0005613020964050667,0.0003965186584975962
-4.44903317316153e-05,0.00021097476634847898,1.0155117276488759e-05
-2.0264057945617415e-06,-0.0013052633929025565,-0.0015675322427125288
0.0001483370707876163,7.153662183029518e-05,-0.000270440915835551
0.0002488586555922707,0.0013674634782527026,0.0009355559680666449
0.0002662975807609985,0.0009853732530572463,0.0006725948045231438
0.00011151947944549256,0.00016481645837738043,-0.00017983227700213618
-4.850880682766442e-06,-8.49699923442859e-05,-0.0003817232087761686
8.753406140419028e-06,-0.0010407807613519034,-0.0011137985609063993
0.00016201452154216824,-0.00018427606500988908,-0.0006506389998302148
0.00012095049381138692,-0.0004178603476578367,-0.0006851926741903036
6.343712976234712e-05,-0.00018626825974588958,-0.0002528528207084945
0.00014507525417161568,0.0001842287942614673,-0.00015697552481721568
7.573723990554906e-05,-8.348346238501412e-05,-0.00016307224551693952
8.70167211922848e-05,1.3390549120525911e-05,-0.00014317684185933435
4.169343498998436e-05,-0.0005888481620707924,-0.0006632827256715977
0.00024142217281600321,-3.1292201334477557e-06,-0.00043939554829955764
-6.023412237075279e-06,-7.149787471698703e-05,-0.0002705154159883869
2.6144598755851865e-05,-0.0002456639673670407,-0.0003257007989594125
8.17610362867099e-05,-0.0001194687432900665,-0.00020040610428389568
7.491682706061979e-05,-5.410033555399986e-06,-0.00019983938438045953
-7.519663689018819e-05,-0.0008296111035642959,-0.000934870157973852
1.4809998845222421e-05,0.00019852762572718742,0.00010483204070039113
0.00010980273368043264,6.17614538155051e-05,-0.00018223874054900616
0.00017698443773499112,0.0003671170622055564,9.724997144265417e-05
2.8281511358225955e-05,0.00037930684351872085,0.00027800195276876704
7.064752188748587e-05,0.0006371938705202165,0.00046740281499269747
5.633662949523175e-05,0.0003276428071157968,0.0002377144285932387
0.00014867482718919126,-0.0003138337516993091,-0.0005082437033409684
-1.2058967249978366e-05,-0.0003380016266768314,-0.0004466154852031033
7.482009321524986e-05,-0.00037105508206577303,-0.0005535566812820869
4.074070215888601e-05,0.00024330650578849677,0.00010008032519085095
6.046024907897964e-05,-0.0004389326742483292,-0.0005054040369358349
1.724517760173463e-05,-0.00010466944706112156,-0.0002553663968242504
-2.2396840064636256e-05,-0.00037975138290025426,-0.0004897138799304623
5.803306414536646e-05,0.0006283950499752933,0.00048904817674539
3.251363704028602e-05,3.2454221413436466e-05,-4.066841257071893e-05
0.0001180680240575563,0.0006239468361522486,0.00035522660554009836
4.886759505658378e-06,5.717716126172869e-05,-0.00010914633795628992
-2.1955255788003695e-05,0.00014341546701149188,6.748175859909526e-05
4.4830857261135765e-05,-0.0004972257962123585,-0.0008475296756617492
5.200881881923348e-05,3.803136771473326e-05,-0.00012130333262957586
0.00019082009120672237,0.0005570102637168499,0.00039085973903534
-4.616055985866291e-06,0.00018242887229694962,6.408895945407122e-05
9.680393112587e-05,-0.00020198308087742326,-0.00040396209666418545
0.00010198884855016317,0.00016536307780952808,4.125341131436716e-06
8.544392351833761e-05,-0.0006194313609884762,-0.000821772843200502
5.120999741129324e-05,-0.00039385119761128527,-0.00059038239545908
-4.312932770878707e-06,0.00021356599977678207,7.50657747684629e-05
9.922814203764432e-05,2.9881536568215336e-05,-0.00019295412974223828
-1.5951873601536783e-05,-0.000651885019956848,-0.0007667263635935884
-5.4456822762635726e-05,-0.0006303047054075162,-0.0008855913919229811
2.902451710407275e-05,4.826172886326108e-05,-3.5285708000858866e-05
5.219882989611493e-05,5.4486595077882905e-05,-0.00018592406499042113
0.0001005088363403958,0.0007675044473934863,0.0006038758430944984
0.00013929434575816202,5.948264895733107e-05,-0.0002138118043377041
2.0567744115483513e-06,-0.0003092874254280647,-0.00043774091922297014
0.00012575332048847407,0.00037330875044600334,0.00020081151177327695
0.00013947640120541427,-9.319008799532326e-05,-0.00021560489804554637
-9.130723029352755e-06,0.0004060575577396393,0.00025166250896163634
1.865173917456461e-05,-0.00044319058724439514,-0.0005606722541603963
-4.7790706402333006e-05,-0.0006950334356866238,-0.0008349669776423643
0.00013478023347408109,0.00028430177073620114,0.00012103095599187296
5.4713364340055104e-05,0.00013534278319797194,-5.215152160129477e-05
5.522596479044811e-05,-0.0002482435089045143,-0.0004663644597852997
3.6538450569230385e-06,7.099601396472167e-05,-0.00012150652800248064
6.311790047273735e-05,0.00027761664063425165,0.00012450092897257344
-2.4433680205229247e-05,-0.0004289609089670996,-0.0005720417247966404
-1.0680728790943365e-05,2.310247726147643e-07,-7.850730014749235e-05
0.00014071581383669148,0.00020552256483038535,4.532710731511137e-05
-5.836861699730399e-06,-8.121177962379451e-05,-0.00028771908783778937
6.577393098334934e-05,-7.67226079925788e-05,-0.0003252258685656502
4.1671174127849524e-05,0.00012036178166406283,-0.00011719983763962505
1.839825458591673e-05,0.00016291489701964135,-8.530155311131811e-05
4.6094367264298234e-05,0.00024078500743453203,4.474938843563361e-05
0.00010942785429086667,0.0007464596981747835,0.00039954123968663735
1.9460640113193957e-05,0.00011955664275279255,-8.062189846202731e-05
0.00010811552706351758,0.00028014548685633355,0.00012636541047805636
-4.954955045205736e-05,6.666255483113795e-05,-0.00012498796730303372
5.452704682439347e-05,0.00013145195127915605,-1.6424392109129336e-05
-1.7309569409158475e-05,2.6346807610865954e-05,-0.00010930265157560303
4.790033746477692e-05,-0.0002451509702150044,-0.0005601876747129307
-1.2907279789154292e-05,-1.2509524116024572e-05,-0.00014913798881765634
5.0202538270577583e-05,0.0007153649942687204,0.00043356559963517573
5.5356734548901336e-05,-0.00022278104876266862,-0.0004774059057019806
7.306592662282614e-06,-0.00015540958769115512,-0.00039148221792835257
0.00013237987544693542,4.27422569630631e-05,-0.00021478195189342917
1.4579097449551572e-05,0.00015567457577987738,-6.10933819580207e-05
3.31360810873579e-05,-0.0004129288200140998,-0.0005494620855710883
0.00018756584914347423,0.0010785190495864638,0.0005232896223572356
-5.640461738222973e-05,-0.0005562072078948539,-0.0006998947547423341
5.554110247065649e-05,-7.683980632707937e-05,-0.00016758596105227418
-1.1591360062368353e-05,-0.0002992427395849737,-0.00050202472498711
0.00013390857303227633,-0.00026029229258145285,-0.00035718044447545754
-4.654905223178203e-05,0.00015033808157514938,-2.9283659632670193e-05
-3.418267019594299e-05,-0.0007895661933288496,-0.00094486666875213
7.7067607459137e-05,0.00017062858229672004,-9.463387163908605e-05
4.884905398847094e-05,0.0004568025023833253,0.00026843512525767644
0.00015691540948990047,-0.0005519315184880832,-0.000728623481362867
5.8983083629063555e-05,-0.000742971876411604,-0.0008403729534134312
8.76856573481867e-05,-0.00014771470604374586,-0.0003927066829577723
1.3400315013866745e-05,-0.0005246086854812719,-0.0006337868853980631
0.0001381323404283602,0.0004977614244813338,0.0002727303716799862
-1.103846273736512e-05,0.00015015223253081955,4.8794882015830226e-05
0.0001884438390536659,0.00011796691370075284,-0.00013794050776755307
4.7511235469870544e-05,-0.0007750629918415817,-0.0008689757861392209
3.300034418716964e-05,0.000568811497795977,0.0004656576097457382
0.00012811258148153908,4.608642521258176e-05,-0.000198742595766263
-7.992168178513556e-05,0.00029377765936010374,7.22686697478788e-05
0.00010461941511843569,0.00015314527718204458,-6.563957693499278e-05
0.00010393724329751643,-0.0006113221883986601,-0.0009893527584140937
-3.23692395569443e-05,9.95642522103783e-05,-4.788822556506462e-05
-1.4272023935455412e-05,-0.00040867639388225034,-0.0005333950071576411
-5.869345221461286e-05,-0.0012386256596865928,-0.001278297787429153
7.307430622922943e-05,0.00021423347344360394,-7.246303188904207e-05
2.711627603243057e-05,-0.0001484231876976268,-0.00033563867281352926
6.444688617986247e-05,2.098267566720324e-05,-0.00016035422956809647
5.6553565632987916e-05,-0.0004712339644118881,-0.0008994019032959213
9.963843410231999e-05,8.484570750052434e-05,-0.00010110717913071636
2.9654068674959e-05,-0.00024668591735189975,-0.00043213792294529894
-3.308001304301166e-05,0.0007841674433044234,0.0005289410870130543
9.018270045816753e-05,-0.00014654743278244385,-0.0004784374395275594
-2.361165019163842e-05,-0.00034981545596748736,-0.0004270621497215405
1.6182342126232972e-05,-0.0008020412359406778,-0.0011420161532415428
5.35167478215616e-06,-0.0006397257318244609,-0.0007530809047847755
-2.4045077334784238e-05,-0.0013274642428562297,-0.0013491598178323977
-3.421076896745738e-05,-0.0005585612521590812,-0.0009416156577216278
0.00010701432544818392,0.0002759991698553185,4.508470655256432e-06
9.121523481724045e-05,-2.351002814059353e-05,-0.00011948912325601108
7.568467903174716e-05,-0.000429738646633464,-0.0007935365111414216
2.567967991520779e-06,-0.00019116386315664316,-0.000331298961593382
1.644565094732818e-05,-0.0007195492509089129,-0.0009425204991430995
4.5759928441798005e-05,-0.0005429335488061911,-0.000691570922027245
1.717802541474975e-05,-3.870100720212855e-05,-0.00030423568981509483
5.415164472678195e-05,-1.999124648095516e-05,-8.887342778662302e-05
6.782043244168938e-05,-0.0006955682030404004,-0.0008720997976874795
0.0001283136614789413,0.0007241797529396908,0.0005423480404274357
-0.00010028491734419802,0.0006917191496890858,0.00045502951876082463
0.00010790561775393104,-0.0006735498926419116,-0.0008344896655006149
-3.4973594539403107e-06,6.903197504625654e-05,-5.1387349010599813e-05
0.00012826448910397564,6.31231815752248e-05,-0.0001624424773028632
6.163522589155607e-05,-0.0003703657506169703,-0.00044307118753165954
5.3546704464260274e-05,-0.0004747915130316673,-0.000698013685058239
-1.2410529031220657e-06,-0.0002603764613348132,-0.0003912287123842503
0.00010359826352754123,0.00033420092896423024,4.0425292041202954e-05
-1.124884980981865e-05,-0.0006653325986088387,-0.0008228213594597902
7.793542690694429e-05,9.41757578736116e-05,-7.273882856542496e-05
6.542307848102622e-05,0.000350067120129892,0.0002037450741920642
-2.407455020135633e-05,-0.0004899221668428321,-0.0005619121113980475
-4.2856462070883235e-05,0.0007552619275821196,0.0005838215004508551
7.259881899301384e-05,-0.00046851366984043035,-0.0005404287934629309
0.00018304697284385235,0.0007326701496490295,0.0004324789989771032
9.476317126381444e-05,3.871467955982609e-05,-0.0001230869204336856
6.470952835270765e-05,0.0008497433639235143,0.000704063112467278
6.642874569234928e-05,0.0001831326209224097,-0.0001549889499868742
9.235932715793644e-05,-0.00022669262309917422,-0.00034564155458755485
0.00017660536030285703,-7.899429096115451e-05,-0.0003082271389472487
0.00012289547675710258,-0.0006333390571643295,-0.0008435394154876453
5.652397629691735e-05,-0.0006415291146099025,-0.0006493092220019536
6.996078984519824e-06,-0.0006909255630126213,-0.0008057141139249759
5.424585136904153e-05,2.678881419318442e-05,-0.00013445468577510798
5.688676009088118e-05,-4.4302577781266404e-05,-0.0004120950465932292
7.573321378191731e-05,-3.767016651531153e-05,-0.00027875916502142085
2.3659317358661525e-05,1.479342949813151e-05,-0.00017000857614832455
0.00016279924991194832,0.0005562650384662227,0.00039561619739116516
1.0599001267529238e-05,0.0002991583176481238,6.88880051883589e-05
7.507435463709902e-05,-0.0006338092699738211,-0.0007103501741970637
0.00018723250308106505,0.00022753610873438437,0.00013630037128989098
-6.267975360243214e-05,-3.439701107457168e-05,-0.00023178849771564867
0.00011830800405282873,-5.6505255121550935e-05,-0.00037582136091576573
9.770026761924257e-06,-0.0006051269401834156,-0.000687689079350413
0.00019692106974795697,0.0010556311670443263,0.0008951599867468034
0.00011621437940360487,0.001009687233538041,0.000697241726460089
-2.6130417335522798e-05,0.00019421048586186197,-5.4348256566693674e-05
6.529550411491812e-05,-0.0006861857568564886,-0.0008369557131172248
0.00011500969868127444,2.2089219316271698e-05,-0.00030322072023300343
-2.1865564770773044e-05,-0.001095615859676656,-0.0011531421354340611
0.00015071771795092362,0.0003121563209148357,0.00010593571325682105
6.72630429201589e-05,0.00019174973708271182,0.00012630181487098535
6.044601636593416e-05,9.918504996808847e-05,-0.00010766556253617168
-8.586463310571762e-05,-0.00041952805926738404,-0.00047173558410980754
4.230824742528354e-05,-0.00026306962128751373,-0.0005247496701834092
1.3188308463729667e-05,0.0001654821330775682,5.93126773786917e-05
2.5332858143984265e-05,-0.0003330437971233048,-0.0006005657153015217
9.367458285638677e-05,6.354026066622814e-05,-0.00013917700314636626
2.9372213036848622e-05,0.0004922670789880259,0.0003262933837379428
-3.461921694186828e-05,-6.138678330082893e-05,-0.0003485714091489426
3.797076373947831e-05,-0.00022020776214578362,-0.000327578408227746
-9.137152316406134e-05,-0.00034359438889040156,-0.00039805190336090015
-0.00011545971830576886,-0.0003081288200563313,-0.0004207451174916114
9.048041886577563e-05,-0.0003924394514858541,-0.00047880541780895357
6.710642450005145e-05,0.00023337832370117574,-3.625977667347043e-05
0.00014859186200370908,0.0003114856842035737,8.801420441556653e-05
8.406409983694493e-05,0.0004859387031162121,0.00019956161285318737
8.1617821900648e-06,-1.470363010468807e-05,-0.00027145340342620754
0.00016789882938918335,-0.0004318335321674614,-0.0006371666420804549
-5.566183968963939e-05,-0.0008697596758097789,-0.0009710223877146729
-3.3716359412522544e-05,-0.00010868327316624054,-0.000273989749336681
-5.5552843874659115e-05,-0.00031099352464776677,-0.0004355040295147882
5.691753321073942e-05,-0.0005737302146173065,-0.0007223552284501761
1.4364283733904075e-05,0.0004046742070867157,0.0003224205557843611
6.392612660898854e-05,-0.00015318942581121233,-0.00032565446637707155
0.0001030817241225053,4.749667111283777e-05,-0.00015342591563703213
2.3367237146794764e-05,0.000418777715812089,0.00025823532292728864
6.181599818788931e-05,0.0005460435189762926,0.000406797175143924
-9.8550383633003e-05,-0.0006936465101075327,-0.0007633610227702609
2.6219610955543847e-05,-0.00013913659838214192,-0.0003345498997743252
6.9174558165403e-05,-0.000541042108391516,-0.0007727917579165034
0.00018762291739290548,0.0009832702041526415,0.0006602794426002925
3.627685123151266e-05,-0.000371529601017688,-0.0004206958705093984
0.00011344685849960194,0.0005676302495348292,0.00042853912988292714
6.46744424799995e-05,-0.0002303401301842018,-0.0003792507068683071
-8.253693091300168e-05,-0.0003270069919726528,-0.0005194052671692938
7.827028416369222e-05,0.00013205776173420402,-8.425675255960997e-05
1.8832296497575866e-05,-0.000138569890553501,-0.00021346234800934295
5.476358548120561e-05,-0.0001706286265753989,-0.0003634395050846601
7.376837419481094e-05,0.00033732786509861135,0.0002523363315078513
3.06720377048221e-05,4.4871713542320646e-05,-6.040409006303961e-05
0.00012764476987361123,0.00019032032091203125,1.1212988795139626e-05
5.539461836044177e-05,-0.0001638400664234252,-0.0004536066750232434
2.7599197357834398e-05,-0.00023631214865516763,-0.00036235893986562794
9.591863657441196e-05,-0.0003497116319450662,-0.0005449866070746014
-7.437280362483997e-05,0.00018395261522402483,-1.5110243616859876e-05
2.290502323660853e-05,-0.00043643811403643815,-0.0005292187884263969
-0.00010034959424343786,-0.0004628933801927729,-0.0006368897226762057
0.00017727922128440827,-4.3617213861744367e-05,-0.0001038416396636573
5.237459528111426e-05,0.00010755240291495874,-4.308372401708451e-05
7.99959552940825e-05,-0.00012127410541485956,-0.0002754505288406293
2.3462003266453324e-05,-0.0009282072085710687,-0.0011364081402839127
0.00019070182554048416,0.000499599777170324,0.0003253452118026154
0.00018253873210646645,0.0004971519575849276,0.0003233504683733128
5.900015811971377e-05,-0.0001716003519170442,-0.0003011105533113766
0.00016241024995527356,0.00039127606302392947,0.0003016435981845498
9.040108262490092e-05,5.57523763711884e-05,-0.00011377527400943481
6.547219087898986e-05,0.00039028224684268414,0.00020929011705530268
0.00012815613089722696,0.000568252207631893,0.0002682217280545135
5.82036606272857e-05,0.00017676942348729855,-3.3352912577740536e-05
0.00011027953864518219,0.00016180735808030228,-8.222099350375372e-05
8.539459140958571e-05,0.0005404985998644317,0.0003104056452943744
1.593982133461501e-05,-0.00044329874861987156,-0.0006145489136059545
-1.927383623442531e-05,0.0003180833548944644,0.00011776153014497829
9.230272419530707e-05,-0.0003938460246623047,-0.00045206037921865204
-2.0499242394893648e-05,-0.0002967825592602195,-0.00033698885904999464
-5.733712309577394e-05,-0.00018081265832964875,-0.0003533708426447663
1.820467583083627e-05,0.000139130981816103,-7.128306643460568e-05
0.00011232973716066897,-1.3065973510335073e-05,-0.00013209588717190776
0.00019288180456483237,0.0006002275911090218,0.0002303009252633853
2.9307494540180273e-05,-0.0006433122954375102,-0.0007181092334655376
8.097148217579074e-05,-0.00015242598991870737,-0.00029058768667129846
9.917057782052427e-05,0.0009273015762984895,0.0006473714352756376
9.323990002322707e-06,0.0006420316105519567,0.00041583953962091977
0.00015233343726819726,0.00022219329042206685,3.5131533738600666e-05
9.780023512342453e-05,0.0006636702439450944,0.0005237171440614282
0.00013871445001555554,-0.00014357180417110788,-0.0003142756286622497
7.006232822067787e-05,-0.0003244686985364412,-0.0004804684221326703
7.934532009978246e-05,0.0001634595345969098,-0.0001425132541358679
0.00011050051606414513,0.00045189732187030985,0.00020642330003913607
0.0001623070558929224,-5.079966639880238e-06,-0.0002455931199255633
7.911717989793598e-05,0.0002543090597514069,2.456696109300624e-05
0.00010639430640837759,0.000391098975989712,0.00012277948329364065
0.00020929945294722427,-9.03531795978527e-05,-0.0002623934490656886
-3.270526813390517e-05,-0.0007427272382154554,-0.0009046263428900033
-2.5875606010375445e-05,0.00044348437706730176,0.0003126271872477555
0.0001246302766548916,0.0002963020307711068,9.593002345744707e-05
8.959972910197387e-05,0.00012252064426583874,-3.691808710714726e-05
2.385258711072496e-05,0.0001341645945179265,3.199556664346386e-05
0.00013673346694043672,-0.00032492795677796233,-0.0005504149605198893
7.24663999256029e-05,0.0005372540832139613,0.00039375097112332146
7.503674005019019e-05,-0.0004296870741986491,-0.0005589122538191508
0.00012425889251327217,5.628663052661064e-05,-0.00017290889263032395
0.00010738404520302237,0.00012896556289914048,-0.00010745251295186885
4.6507187357668246e-05,-0.000341439085701727,-0.0005921266474364782
0.00018071219929288225,0.00013203953983032408,-0.0002706543141888163
7.35030157897609e-05,-0.00046002198225733506,-0.000685193595974587
3.121588243721048e-05,-0.00041801199847704245,-0.0005871566924970555
1.4977767803608482e-05,-0.0009339861895311609,-0.0010648155872520961
6.575293745105225e-05,-8.594571376542389e-05,-0.0002976026976065266
8.880680148348169e-05,-0.00023015000721826238,-0.0004077278968327788
5.899296244195969e-06,0.00021458475204040925,0.00011897725069759511
2.6867237722951755e-05,-0.0004097817848196573,-0.0004981524442934912
0.00019283555138370078,0.0006156796004451433,0.0004129856986806363
1.5749990163226897e-05,-0.000403718217287451,-0.0006072890007376793
9.57698768874214e-05,0.0007279481459341134,0.0005799096842459042
4.2574154789157406e-05,0.0001674881173303403,1.4850826758659453e-05
8.049978004351027e-05,0.0007409212402618374,0.0005028804843174033
3.772277151890591e-05,0.0005122876792089688,0.0004026805272702704
1.0757955458781557e-06,-0.00016456749064870942,-0.0002032316304438883
0.00010109046799285918,0.000591637049725528,0.0004355439976106241
8.307928486321072e-05,0.00010005199970763979,1.6184531779544058e-05
6.021245003382723e-05,1.6969996745413914e-05,-0.0001807722946664269
3.3904148233360014e-05,-0.00048703969073167643,-0.0007243041002714979
0.00016882198392288074,0.0009333788908200178,0.0006851079388131133
0.0001251886946443158,0.00031715407273909924,0.0002446636599763227
-3.0008562775498337e-06,-0.0005320448107774843,-0.0006278156987718638
2.2550069592936644e-05,-0.00011664952839085305,-0.00017216884690413013
0.00010240010608672951,0.000421372712799344,0.0002573778244234569
4.7868604951028544e-05,0.00014020847301776223,-1.6117319440755106e-05
5.2835894622086553e-05,0.00043917264344210146,0.0002009147586560167
7.854526202924153e-05,0.00020975303952346268,-6.4219467104478e-05
-5.585965733758132e-05,-0.00021550011639727846,-0.0003334390344694718
1.832637614599425e-05,-6.901136677064465e-05,-0.00018243694083278395
-0.00016558432628640724,-0.0009489063708969317,-0.0010106214715540015
5.693294418981774e-05,-0.0011358728292033893,-0.001353501382278015
-2.677178838138885e-05,-0.0007727206237469043,-0.0008562166326068367
9.417463835954129e-05,0.0004291330355489672,0.0001984740080037073
4.527273779299717e-05,-0.0002359658721291666,-0.00033684569587606153
1.2372040635752382e-05,4.927734321214505e-05,-0.000139495151013083
-0.00012865829944664557,-0.00045528263982290115,-0.000515667380339702
0.00014862748118847093,0.0005428559978388249,0.00016353885150389823
6.901880210892844e-05,1.3850427597843077e-06,-0.00028588120177951116
9.272155671502257e-05,-0.00015207398064065924,-0.00024072175153017352
4.760959738553527e-05,0.00019678968896334463,-7.368179088403196e-05
-3.6852234810522404e-05,-0.0008734542565567875,-0.0009385407279914968
0.00010815114611250242,0.00037293091245967536,0.0002667977665271297
-4.359976946837803e-06,-2.9958347642978925e-05,-0.00022851525592151953
5.725639139681274e-06,-0.0004536577908845681,-0.0005225272628407669
6.206835099688709e-05,0.00020936153514276685,0.00014803949425104616
1.6637883846711487e-05,-7.670208713816756e-05,-0.0003172483937721614
-1.9270569067454993e-05,-0.0003682592583339774,-0.0005408925567390381
-0.0001279387216404405,-0.0004321779354421227,-0.0005159373083923038
9.747258621132471e-05,-0.00017628302439819343,-0.0004311683520500173
0.00014371777696680428,0.00028321085554234063,8.87804397054114e-05
8.95531720187991e-05,-0.00047441860880366275,-0.0005524599623006446
9.060425093437608e-05,-6.4309720062617e-05,-0.0004156754524084411
9.746958370590854e-05,-0.00024356042791336528,-0.0004575001688752864
7.346081474832121e-05,-4.3760093908144364e-05,-0.00026468280813621856
0.00018306607634247763,0.0009842213779346354,0.000762826492400211
1.690878610247559e-05,-0.0008141119013106045,-0.0008827545659164703
0.00018276189255264823,0.00037339608510392034,0.0001822144960669115
7.514171577646542e-05,-0.00011086408906950661,-0.00031910591941291627
-2.295153970940521e-06,-0.00021834829985417493,-0.000332729067508557
2.1929545053938127e-05,0.00026355605781213043,0.00013277561575141558
-2.3102838105845463e-05,-0.001296917472180068,-0.0013309889728040257
0.00019023035132761785,6.854177773136749e-05,-6.774870076473635e-05
6.098284160702084e-05,0.00027178508456642133,0.00013488138275261928
-2.8656922140315175e-06,0.0001937629107572712,-3.609733523412406e-06
2.8823782935312995e-05,-0.000657108400912208,-0.0009241985454128192
-0.00013250733675409618,-0.0007245770652466539,-0.0008536939574826565
-2.469170515420629e-05,-0.0002824262779067205,-0.0005859805050301074
9.40869182227574e-05,0.00021221971745280586,-1.9259523909533174e-05
3.197779762335553e-05,-0.0007538250458788355,-0.0009569635362761644
2.1599211909717063e-06,-0.00024931224967684584,-0.00035850544025245614
7.305119486064917e-05,-0.00027248396667864166,-0.0004088146446195491
-5.097770764818745e-07,-0.0007461815325560404,-0.0010739626365507335
6.436220382692568e-05,-0.0009599075573216904,-0.00099051367707973
-8.288305603817918e-05,-0.0002629753906120344,-0.0003889767614855552
6.726220878138889e-07,0.00038026911390648583,0.00016218482897842874
4.803321787893944e-05,-8.827958136202704e-06,-0.00015555407706300316
3.7126027699057495e-05,-0.0004255098842313544,-0.000538990874664927
8.126603120262881e-05,0.0004234304947367271,0.00021192693808982625
-4.792475174718113e-05,-0.0007556762735415023,-0.000907913215187492
2.0309683237844324e-05,-0.0008318179686658479,-0.0008166390939649181
-8.392253230777924e-06,-0.00018850042935549574,-0.00030727801379689724
3.109505945930808e-05,-0.00036796258551835277,-0.0005368672154692424
-4.532387459865454e-05,-0.0005696155404352161,-0.0007558239602764485
6.886872212426298e-05,1.3849017242202331e-05,-0.00011684769955772261
4.673924625942446e-05,0.0002972519599272649,0.00025178147737928396
7.303511326817535e-05,-0.0002424822661199623,-0.00040797509784579373
7.654363768097911e-05,-8.3605183766912e-05,-0.00028512817891431457
9.581432073712588e-05,0.0001730957231441115,-6.772847221818052e-05
7.383682824239061e-05,-0.0006107880141547836,-0.0009754166916928729
5.156291547110179e-05,2.0784091181669348e-05,-0.000181088356842627
4.937060358186469e-05,-3.595053641035078e-05,-0.00011468036017468845
8.848872316995272e-05,-0.00038492006538059235,-0.0006314109944585125
7.562960843005198e-05,-0.0002443165312499461,-0.0004042341190004856
9.687663885365913e-05,-0.00013377214829124665,-0.0003034959706288501
0.0001548164416873691,-0.00022867178823217442,-0.00038709915194411204
1.6444881473482456e-05,-0.0005064725848411391,-0.0005658505771734183
0.00019271390860428313,0.0007043964311771057,0.0005101970638954436
0.00016000783169443404,4.617628194668379e-05,-0.00017931944004345146
5.362509601755609e-05,0.0004286331305340183,0.00036602116658718774
7.740389211196858e-05,0.0004338483469192092,0.00028480799360732954
-5.43900581112587e-05,-0.00036967098694840495,-0.0004161887179720872
0.00011024801634883955,0.00012635995984549767,-0.00021808630460050276
6.568513970721696e-05,0.0004348420011671602,0.00025918927860745606
-2.9007853540909638e-05,-0.0005763627209033241,-0.0005960903558151852
7.98544689155411e-05,-0.00030235596816176736,-0.00048712908355874336
0.0001293288139718798,0.0005832368742246061,0.00044823934589000817
7.956958579885759e-07,1.218022652453094e-05,-0.0002742996363620597
-4.321465054067974e-05,0.0006289540277927368,0.0004596433139468859
-3.0866835825407854e-05,-0.0008614263829097725,-0.0008910843855481749
0.00014869810335548655,0.0003170488083876535,0.0002027192817696366
8.530031851008437e-05,0.00015014452011513396,-0.0001519107390088043
1.6869289755227655e-05,-0.00020155174341819211,-0.00031172922775293485
7.5766546410971326e-06,0.0001667981820814561,-0.00012289821306194106
1.7312439877917768e-05,-0.0005237352960515841,-0.0007416638803949479
0.00013151453763985405,0.0006125989033027639,0.000427494739677884
6.333747948283466e-05,-4.2316372119614425e-05,-0.0001911701547906427
0.00016917421309703727,0.0003685721917566816,0.0002467670165389389
3.3688137207533536e-05,0.00036662350174534894,1.2989039466948163e-05
-1.1120676052996125e-07,-0.0006971749788895273,-0.0008202109768697006
0.0001554318664081533,4.8530230025026016e-05,-0.00020997473811332071
-8.273552250735619e-05,-0.00015664139827055223,-0.0003309833835283253
2.616034087642258e-06,8.38033802589709e-05,-8.343981666246824e-05
0.00015554376606158378,-7.584823742706095e-05,-0.00034084710637440085
2.7979154960263775e-05,-0.00040436798202181937,-0.0006921524224844601
0.00010594024213673935,-0.00028821706167984917,-0.0004643224523335923
0.00019034508900366335,0.0001221144527105436,-5.248941162337771e-05
-7.531566948342243e-05,-0.00018289309624087467,-0.000300043516696493
-3.4072697279476815e-05,-0.0011591327559361624,-0.0012229533979781903
0.00017940785981607448,0.0006899191833462566,0.00045146102262440686
-1.2621030665067883e-05,-0.0003506083170556298,-0.000594623128323534
8.121508958979916e-05,0.00037816668090101877,0.00020056182708300135
2.504276516146782e-05,-0.0002147229065988907,-0.0002752195241427887
0.00012649162644390706,0.0005253496029010202,0.0003786925051020629
-6.594625939475659e-05,-0.0010124239112068345,-0.0010889943937523205
-4.92024147747235e-05,-0.00037069660455481485,-0.00041481967429218754
4.882961892796066e-05,7.102666871157271e-05,-0.00016023984703485286
1.0135215790184858e-05,-0.0004341944860380473,-0.0006616493736287961
-3.8591814542836674e-05,-0.0010021185922339665,-0.001152721579897175
1.3438043510556597e-05,-0.0003542506601195525,-0.0005565265111892375
3.7332731626667955e-05,0.0006476573967164502,0.0005643994434466411
3.8032090941524945e-05,-0.000590217833611807,-0.0008025873591211546
0.00017004895220417216,-0.00011863049906720894,-0.00024178288867174222
1.315698289089146e-07,2.6896115988391358e-05,-0.00024114196210840166
8.745371342998759e-05,-0.0003286950638749512,-0.0005792313564271494
0.00011647700807921035,0.0007022328243102401,0.0005092439044530933
3.174461086349577e-05,-0.0010108387667977252,-0.0011606367450843153
0.0001567665605391113,0.0007879630488176034,0.0006033777904974561
9.625678956430331e-05,0.00034849893976970794,7.700715143872989e-05
2.9388740910076005e-05,-0.00017080903159276149,-0.0006023985281942109
0.00021405740568746268,0.0005887776948051421,0.0003390038405178669
2.112708178216504e-05,0.0006688239205494826,0.000357309730042768
6.811961282166755e-06,-0.0007429245056251207,-0.0008582379881680593
5.548586909405947e-05,0.0002847994614030289,0.00011306488705955064
1.4328735409198574e-05,0.0006251998218535322,0.00037754137811722114
1.8106002925774226e-05,0.00010260847736064311,-5.02017777079625e-05
6.826662602947223e-05,-0.0005176127558517889,-0.0006538203682814958
6.088650552162235e-05,-0.0007576994321036724,-0.0009194842625551439
3.3110884259938695e-05,-0.0007149248224621214,-0.0008718953600051804
0.0001706148621698495,0.0001716856462595955,-1.6305430505479424e-05
6.253609103886072e-05,0.0006580914877524473,0.000394165492031946
1.0948560485185381e-05,-0.00012380929697641897,-0.0002222024674807216
1.7778526989132215e-05,-0.0011101075926514517,-0.00113617530454534
4.097720101545436e-05,-4.931683657033671e-05,-0.0002601234853654052
2.221035316243638e-05,0.00021766951604821434,-4.8635415764644024e-05
0.00019609373120428066,6.944004900615472e-05,-0.0001564474871955092
-4.6981879181940984e-05,-0.0010749388515646045,-0.0012181560074788751
7.19991519769103e-05,0.00023449638733208936,5.477610174968941e-05
-7.72541698133798e-05,-0.0005675610092238394,-0.0006634097750839201
6.759075638462108e-06,-0.0006880171783357085,-0.0006895933746825387
5.1517808097500714e-05,0.0009439118947287851,0.0007781682094734861
8.955439870606844e-05,-7.845248722577986e-05,-0.00024368542103469517
0.00015994711596573592,-0.00015312525108191068,-0.00035886576959011786
5.667795918715344e-05,-0.00017988211392237622,-0.00031644391158673916
8.692052072224778e-05,9.220145412187892e-05,-6.473906350510907e-05
1.9415422300103174e-05,-0.00027988101647695223,-0.0004325460178391074
-2.7261488860982344e-06,-0.0005655158241852343,-0.0007341933335832972
-6.996829310853335e-05,-0.0007234473421414544,-0.000837039170656189
4.327436185403582e-05,-0.0005373747832108737,-0.0006311523172320027
0.00018500950432107728,0.0004600289205120407,0.0001782773700871075
-0.0001313349985943238,-0.0009635552025822972,-0.0009601631232047322
3.5930539778047526e-05,0.0002113359686728046,-0.00016526095286350387
0.0001545186807836838,0.0004714382339257034,0.00024795385067451865
0.0001462582698800158,0.00013068034508324094,-6.780472758134237e-05
-4.417131185988383e-05,-0.00034550786962860155,-0.0004117297410554512
2.824031485547641e-05,-0.00018195083830766472,-0.00018326522625958222
-2.0115363538522602e-05,-1.8919170971596187e-05,-0.00010883872053424822
9.888227981861143e-06,-0.00032204818774822844,-0.00039598767255028943
3.57932106239268e-05,1.8648979851546365e-05,-9.734098434310819e-05
9.488688825384333e-05,-0.00041058737870590595,-0.0005888923718072425
0.00013125220113252667,0.000449032375054575,0.00027136313866941736
3.360369579947408e-05,-0.0003314901292363143,-0.00044049037523940875
9.514547768726565e-05,-0.0003551890935629132,-0.0004682969966242693
2.903645660511976e-05,0.0001194124084136482,-0.0001210641073221835
-1.9354773423013288e-05,-0.001111430152858221,-0.0012261837502257303
6.222165637276692e-05,0.0002941660636377776,-2.0530508236614952e-05
5.881554253258335e-05,0.0004929282085900869,0.00029845145910732137
-7.888042503949742e-05,-0.0001419271941040083,-0.0002783167821907037
-6.876131533510769e-05,-0.0001589561031625494,-0.0002855387487950702
3.466645559708917e-05,0.0003454380293776586,0.00017704816299764746
6.597947560109575e-05,0.0003221083536087114,-2.3256658435578042e-05
-5.85388125565239e-05,-0.0009035327812476628,-0.0009532078826436532
2.7210390096285493e-05,0.00046875110751702057,0.00029926621983687653
-1.2909229754565113e-05,-0.0012870019700600384,-0.0013236855190086475
0.0001555587402873845,0.0005738073101849296,0.00016498221612640924
9.685851897351653e-05,0.00011620730102626614,-0.00015090846972078137
5.893481951437044e-06,0.00028981772446333887,7.079207531006287e-05
0.00018846212692727931,0.000513629815759343,0.000386921039044612
-0.00011370324022424394,-0.0005285627283703186,-0.0006087998133893175
7.11154925220453e-05,0.00021039889222263647,-6.409110915818467e-06
0.00010579043372919406,0.0006339372464758838,0.0003291404348883573
-1.3043335984722239e-05,8.825558766853065e-05,-0.00011053815874898358
0.00010722883454934763,0.00022239821624472802,-5.528383990744529e-05
0.00010911543671477436,-0.0005115673281837676,-0.0007506272478250153
-9.436024283467445e-05,-0.0008317853607478211,-0.0009323535123089261
-1.0734974483113217e-05,-0.000482653266529874,-0.0004831394352508683
5.9511806376756e-05,-0.00021196821713486216,-0.00028527222820458304
0.00011905280207614308,0.00021481985827708102,7.021450799371093e-05
-7.597190624602883e-06,-0.00014137609439275202,-0.0003186504937338628
8.20016041931252e-05,0.00037182464602696183,0.00016545466827684813
0.0002144946213143491,0.0008419340423583342,0.00047028320828434257
6.541278404644348e-05,0.00036458153714530897,0.0002116007892246476
1.0389673712045351e-05,-9.633888060104283e-05,-0.0002524552505097587
0.0001239615250166272,0.0008086305859651587,0.0005735164266540065
7.913471159065415e-05,-0.00012817897210374348,-0.00019661545091833574
1.8651658180805547e-05,0.000170148858355845,-4.8716731466963225e-05
2.7292330337098003e-05,-0.0006286262875357816,-0.0007308427293635172
7.300751791843203e-06,0.00016266747134440645,-1.4723457102126943e-05
6.660226618648008e-05,0.000220489630612771,-4.591524610132089e-05
8.097409410083003e-05,-5.101861082645694e-05,-0.00031041766222572234
-3.5807447069551224e-05,-0.00021629945833553677,-0.000438918733890056
1.1824588739625032e-05,-0.00043646683503050545,-0.000542688061091042
2.3823892319491157e-05,-0.0008446704296812772,-0.0009063940362062512
-3.0914275484246305e-05,-0.0005940343021550436,-0.0005488858537729521
9.883315616429525e-05,0.0003094608894086022,0.0002034651362964889
-2.3233905768144325e-05,-0.0007843562651523156,-0.0009220973049188441
8.531887303377358e-05,-8.019154386970049e-05,-0.0003598557677963447
5.9256660666024604e-05,-0.00018479944804022512,-0.0002657513124611845
-0.00012215868881737952,-0.0008832996819017328,-0.0009219529358596529
4.330288368116492e-05,7.179262837142731e-05,-2.1670699505102633e-05
2.2068937691457284e-05,9.067730994746049e-05,-0.00020922452693798575
0.00013214015084257638,0.0007273339204228418,0.000534474787393156
-2.300816822231705e-05,-0.00014201111716585855,-0.00024216991144492692
0.00013037618301604598,0.0006161369130146743,0.0004513099711321112
-5.206124974965913e-06,-0.00023124212989904935,-0.00030172639018926376
0.00015080362667534158,-0.0004614309508202103,-0.0008719643366988712
3.076738520716777e-05,0.00022509333266052212,2.4058075368426322e-05
-4.626333404954421e-05,-0.00012145640898818204,-0.0004667456796128909
-2.164044162416355e-05,-0.0010901451783105634,-0.0012880686595283543
9.606247959412218e-05,-0.00047550903971993404,-0.0009216053817048378
-6.911179204808525e-05,-0.0002300256831066933,-0.00031099155725790637
0.00017670491365469999,0.0009115887570499501,0.00044178461089343097
4.719130605929835e-05,2.99992628663055e-05,-0.0001175467190388091
-4.6007147508805065e-05,-0.00022566063874140312,-0.00037843665843333206
0.00011207325675878713,6.180201177998149e-05,-0.00012297256272682917
0.0001835676602615255,0.00047492476956652595,8.44606904399176e-05
1.6064896135277733e-05,0.00021823959726202788,8.981668555244798e-05
0.00013260680212739232,0.0007436976033422997,0.000566568023229346
3.855170643604508e-06,0.0003483859344176206,0.00025324306040894114
0.00011844257937222792,0.0003853904664910628,7.964369615582213e-05
1.537690113595245e-05,-0.00030468562312585936,-0.00048697869903473613
3.896176739651711e-05,5.866087742923643e-05,-0.00017156861263620124
0.0001433976229026151,0.000420605485165649,0.0002578013681364669
5.9016089689505204e-05,-0.00034920786297583265,-0.0005719970512517754
5.626398477316887e-05,0.00021605376423024995,-4.916285823257889e-05
2.7952105255606578e-05,-2.2380496986985175e-05,-9.377464737758425e-05
-1.6477481449200153e-05,-0.000398310788508431,-0.0004588865600871991
0.00017113580664929027,0.00036206486818717433,0.00016591925986148573
-9.845953643137682e-06,5.761670373526112e-05,-0.00013357172789502903
2.715235095117471e-05,-0.00014921296122801366,-0.00025430028216529065
0.00011256793489405889,1.7861610316550076e-05,-0.00020353023642827835
8.160324177403829e-05,-0.00018815974320124764,-0.0003635715068059332
-8.990550201584278e-05,-0.00022573456213829108,-0.00037707299505957326
9.615258150583167e-05,0.0005347681618221665,0.00028036020695950244
-5.378979029708566e-05,-0.00046445203307852534,-0.0006239138988021169
0.00018356948704994087,0.00019687141425305725,-0.00010354229349066504
5.7431344304788794e-05,-0.0003722027086467168,-0.0005073140173113683
4.3884823006244076e-05,-0.00015932287717266842,-0.0002653584157485153
2.7330399474881923e-05,6.094616748139423e-05,-0.0001836026013514928
4.820429269504698e-05,0.0004330536370519951,0.0002542053197443722
5.798555149066792e-05,-0.0007566609096275998,-0.0009953848833205812
0.00018728499485721795,0.0007062812133827226,0.00027432185049331586
-7.420167719631655e-05,-4.705482444671848e-05,-0.00025905555590448857
2.1891605178387083e-05,0.00018591059484876474,-6.64009638808133e-05
0.00010879855788301723,-0.0004386130425250553,-0.0005980463651697616
3.2417339869340975e-05,0.0005350226770727886,0.00035214775435864036
-3.7305973942252e-05,-0.000269939486755338,-0.0003877223555993701
7.022860396595486e-05,5.75915208117646e-05,-0.00017439393444192668
0.00011693860907632765,0.0002637900978820514,-5.281028171569846e-05
0.00018157841077649683,0.0007690600546645396,0.00039690082145692434
0.0001121915894008244,0.000897938215378311,0.00062557380633922
-1.050917126615091e-05,-1.749652753157586e-05,-0.0001080114327730212
-5.613794235719149e-05,0.0006520977578764518,0.0005370701619038995
0.00014271111484172766,0.0004906302248752328,0.00022719920104022419
6.259479676748316e-05,0.00021963984500909242,8.877031026929046e-05
-2.416616684636177e-05,0.0001140742770512898,-0.00010069270367834437
-3.7507850579530954e-05,-0.00025190605548257376,-0.00044156431734459714
5.198641697027316e-06,-0.0007667689290429185,-0.0011715812275706462
-8.030240910642146e-06,-0.0001909906122659202,-0.0001928885884197489
0.00017367488970407768,0.0004714607226772163,0.0002571681175626727
0.00014929842342168443,0.0011475988291483334,0.0009081368190302436
-3.8200429895600814e-05,0.00033145603300089986,0.00021080929212042885
6.706550731878667e-05,0.0005640011244330159,0.00046979666233478264
3.9771554602532596e-05,-8.546149683534427e-05,-0.000178397262685839
0.00015414700283504035,0.0003602335000182631,0.00012274691828679168
2.5448096469858e-05,-0.00032245465796380054,-0.0004530040877896134
0.00027952328315481443,0.00023685216333619766,-0.00021202979384252297
0.00015126616547954624,-0.0007539648116472166,-0.0010393007394922068
6.57217144169418e-05,-6.702039008470182e-05,-0.00023854007030531146
2.759350965518179e-05,-0.0012891322344465183,-0.0013508105064711671
4.710897411309579e-05,-0.0002168214437989382,-0.0003015904601168206
0.00011180333599506058,0.00023020730287940638,0.00010778303515900721
-9.600470510624185e-06,-0.00028860060544879475,-0.00032171890571372605
6.181476009179247e-05,-0.00032351131272487395,-0.0005985383000660422
6.648988587729685e-05,-0.0004693248115662437,-0.0006224210763431709
9.662711744180312e-05,-0.000188206309517575,-0.00039220091362823285
5.1465013531515775e-05,0.0001771048438014043,-5.579796027273585e-05
6.596390557153298e-05,-0.000570546998064582,-0.0006674933576458287
9.620135162341659e-05,0.00024835263148295915,0.00011611376914235548
5.064616587031949e-05,-8.58483916180987e-05,-0.0004440804603269628
3.1882618066322424e-05,-0.0004211125229344531,-0.0005340279098688101
-8.183663572293985e-05,-0.0006322372906464402,-0.000996540132280425
5.6190112756132816e-05,0.0002282036592912688,0.00013329888867590837
4.5463299909643827e-05,0.0006663754545267136,0.0005233908864111347
-9.45634795231952e-05,0.00020508409537485403,8.966929019564604e-05
0.00014870471714046143,-0.00012243941133736067,-0.00043139987318598116
0.00015786046240915538,0.0005356653517812897,0.00025279475486304846
-2.4250095484515958e-05,-0.0005170211110753221,-0.0006437733911978134
5.325656926385644e-05,0.00041356348344617164,0.0002347293662347111
0.00014669711132441198,0.0005552863984167277,0.0003919592733290806
-2.622514039756578e-05,-0.00013481514450216207,-0.00018791743912633188
9.670498728506585e-05,-0.00018513559062854215,-0.0002629625449274683
9.240409352284017e-06,-1.6450283332735576e-05,-0.00024165804124074214
2.2356486145879155e-05,0.00018705208747679013,-2.4284676718875665e-05
-2.7762252645549876e-05,-0.0007940213526659028,-0.0009312253835636119
0.00014568362128789003,-0.00019993241611002366,-0.0004281530469146251
6.207203677652562e-05,-0.00025673091512415965,-0.0003322326378347504
5.0780701899223746e-05,0.00023019570177572565,3.110914910238729e-05
2.1454890966037156e-05,-0.0004824345026415841,-0.0006274801919181496
-2.137641850182226e-06,-0.0005047681539200976,-0.0005832187748703981
-1.243651155709245e-05,-0.00045091828161870055,-0.0006751682387222829
4.591102141406791e-05,-0.000432493104456721,-0.0007087776114583672
1.757152761710685e-05,0.0005406438158929648,0.00044229280446862876
6.254083224402625e-05,0.0007689071107818777,0.0005086258950295524
2.9720752365294936e-05,-0.0001856637804641444,-0.0002933825147439984
-4.6052813327876794e-05,-0.00040193868183528416,-0.000524022786166797
0.00011842012165013798,0.00021557463693081344,-1.2361464905578945e-05
4.9764656712441094e-05,-0.00014764828769161983,-0.00040028495406654256
0.00010482082781543392,0.0006748083395003159,0.00044200657969131415
-5.8899374047187124e-05,0.00023125565448143124,5.92617665928195e-05
-4.763259465446356e-06,-0.0001480130587642483,-0.00017458638916548267
-0.0001402324043063844,-0.0009253276947031618,-0.0011473336004962525
0.000149056072034644,-5.299626143776329e-05,-0.0002264737824281294
5.5567852780823894e-05,0.00013323761325781557,-0.00010328341437293128
0.00013439339486485879,0.0004828357930939637,0.00023373575519190456
-0.00010993428292705983,-0.001009684525779796,-0.0009777695593017751
-5.004801853990672e-05,-0.0014845169455049404,-0.0015617142697711003
5.698142629852358e-05,-0.00019918390389550203,-0.0002711636419127849
4.695896355154456e-05,1.5911830546718277e-05,-0.00022473101433137426
4.239718958768448e-05,-0.00041988007248735745,-0.0005558945259616792
5.484749456457512e-05,-0.0003737967516694782,-0.0005922380772731665
2.992826254305029e-05,5.478015026878799e-05,-0.00010593679319111392
-5.8207135578199634e-05,-0.00034649301123442975,-0.0004286360933899213
-5.0361901467527376e-05,-6.08826475047286e-07,-6.908980682328002e-05
2.9319531777013546e-05,-0.00031966348452452877,-0.0003609363951446073
2.518424723687482e-05,0.00046077444973512214,0.00036225107424081755
-4.797541166610015e-05,-0.0007198747210574883,-0.0008919423456000735
-3.115521034490642e-05,-0.00030697958431542133,-0.0005199940595128696
-5.129256335042459e-05,-0.00020890644886530782,-0.00033435268664427746
1.4135856659754824e-06,0.0001672985759982949,-8.794372136888031e-05
-5.206974899056078e-05,-0.0013117730721299288,-0.0013080564019657057
9.820226599170905e-05,-5.846916630961937e-05,-8.9467165276393e-05
7.416015281555284e-05,-0.000126990213665961,-0.0004102224263458265
-3.926686608119901e-05,-0.0006680984253377886,-0.0009043435940376905
9.826562336778824e-05,7.215628227569905e-06,-0.0002991804889193102
-1.1354142228796706e-05,-0.0007619881204568328,-0.0007966864625108653
7.869504377229272e-05,2.4680449474888503e-06,-0.00014778447638133442
-8.181899157504809e-06,-0.00045559226694435984,-0.00047756882560048733
3.192854019317567e-05,-0.00021173796997525141,-0.00034773005831997567
0.000127948527972969,0.0005682814499251882,0.00043854117900424234
0.00016594498322062746,0.00048009232904757694,0.0002050611467866878
0.00019113160902130608,0.00011806249228697808,-0.00013177820113727847
5.336565076694127e-05,0.0003809046979444555,0.0003134118742558609
9.660542372923375e-05,0.00013965214399266145,-6.800034751542856e-05
-2.8483839319770957e-06,0.00025243315156984775,-4.173392168346944e-05
0.0001373007493074158,-2.699824638785039e-05,-0.00015972471156209132
-0.0001544810386144462,-0.0013765018051585035,-0.001428032391113964
-0.00014125910439011688,-0.0006193254528944145,-0.0007477529406335609
1.6818083622466902e-05,8.118221451977964e-05,-4.036016101310969e-05
-9.243384942551609e-05,-0.0007033993457212253,-0.0009419912013984837
9.269757990133086e-05,0.0002106819014995845,0.00014726601783246013
9.628354550863134e-05,0.0004993994169414182,0.00024179177404165056
7.451278690758436e-05,1.0819603575066005e-05,-0.00041520519628663417
-1.3098491355229876e-05,2.3350376813891747e-05,-8.815109634505234e-05
-0.00010626484094841682,-0.0006968748579138527,-0.000841077978139328
0.0001429952770846673,0.00010879008283943917,-5.698631573934797e-05
-5.195267462320487e-05,1.4303632984849447e-05,-0.00017075882852385073
-5.30205670877667e-06,-0.0007199533312328948,-0.0011682653633111092
-8.329947667564473e-05,-0.00020169121606327032,-0.00031535297268261395
9.239253496060466e-05,-0.00015467673765906582,-0.0003108638956689435
0.00012559463200717932,0.0004506158166213655,3.422819029581678e-05
3.169812902999492e-05,0.00015936493120998708,-6.855881480432254e-05
4.365422502751104e-05,0.0003872395288673743,0.00024585966840156854
1.944141543624837e-05,-0.0010303187225596873,-0.00121226509563733
-3.895597972997431e-05,-0.0002945287967583731,-0.00035620512634710705
-4.81231370693671e-06,-0.0008266007626763843,-0.0009036102652021142
0.00015626842933249614,6.67714362139477e-06,-0.0003528562824601112
-3.4497713698544984e-05,-8.21161405894466e-05,-0.00021707434058560615
3.441304095699142e-05,0.00010615421475664447,-5.01370618672248e-05
9.227486319692163e-05,-2.953145317993676e-05,-0.00016580117269369401
-5.492079976601318e-05,-0.0005587787772038173,-0.0005903786244918364
6.316829216976264e-05,-0.00019945761459102916,-0.00022052618259207625
1.1941113582361655e-05,7.039894992254023e-05,-7.433478139578234e-05
-3.184682372338221e-05,-0.0001900764187814316,-0.00034322415341766555
-2.9622790530833972e-05,-0.0007115432737671445,-0.0007265954043278388
9.085010999513026e-05,-0.0005155862099676972,-0.0006976560223422262
5.901061152933923e-06,-0.0005422202221849715,-0.0006841539294082138
9.6552615887909e-06,-0.00024330418808251442,-0.00034517640172522317
0.00022980797757212037,0.0009037926810001279,0.0006322166873050584
0.00010556232054917278,-0.00029521221019446035,-0.0005335872386823019
-8.618864050110415e-05,0.00015852656192699295,4.600227549122639e-05
0.00012867655137046847,-9.982300438247618e-05,-0.0003189300642957664
-1.7604061921846614e-05,-0.00017762940104732022,-0.0005091721004794286
-1.4822190905624454e-05,-0.00043183395227685206,-0.0004760489099903483
9.403586915003923e-05,-0.000160593258601976,-0.0003002977375017073
-4.441801223753234e-05,-0.0003185749033401315,-0.0005004382886464906
0.00014577565497273526,0.0003117797177409593,3.934002528045602e-05
9.991368533881871e-05,0.00024076138385063144,9.975820247652432e-05
6.355362861676043e-05,0.0006067979605060069,0.000490987284562498
-8.965567955949019e-05,-0.0004306208698215954,-0.0004059163455229854
1.5364430833607502e-05,0.00032551744161897305,0.0001385160224630934
-1.8701200011495141e-06,0.0002664260785649879,6.083601663327341e-05
9.917209575928382e-06,7.477278135131936e-05,-0.0001483401730834047
0.00013368083785885349,-8.227429645482306e-06,-0.00012142497390680841
9.116555492546998e-05,-0.00022151913006829743,-0.0002810546128613617
0.00011376015102545594,2.9483959860659666e-05,-0.00021836447846663466
3.318474515395732e-05,-0.000524791308636562,-0.0007372341788046717
-4.0002598873941785e-05,-0.0001769442696746508,-0.00022291638828724302
-4.4341159787988926e-05,2.9819736674198416e-05,-0.0001823347919442299
-2.4760124274810224e-06,-0.00018719927619451353,-0.00025159826857852857
9.296122385398151e-05,-0.0005280097640339688,-0.0008049591524433115
-5.982873177150133e-05,-0.0006041500133501921,-0.0008227253434850755
5.548840934352398e-05,0.00031336956627925393,0.00017701042842169858
0.00011449149697834445,0.0004502174902735892,0.00029945300315234447
8.725422205131157e-05,0.000275045690270748,3.939099950062998e-05
-5.358471157501383e-05,-0.00012389275134968395,-0.00029223898907734054
4.748886051043086e-05,0.0004546062050302641,0.00031494889080499136
4.148637668172737e-05,-0.0003081418599349698,-0.000480880795691036
-4.5272857005432016e-05,-0.0008981399835006417,-0.0009549788129842378
1.9873574514296072e-05,0.0005837367810145552,0.00038155248670711017
-5.924937288472807e-06,-0.00032855520885363785,-0.00047640266488492165
4.5417309091570144e-05,0.00015289612469658923,-0.00020266655758979693
0.00017728652932830585,0.00015515373349095704,-1.636783569280474e-05
1.055011190904945e-05,-0.0002782454467564417,-0.0005075034057408217
3.590899702326093e-05,0.00045169991986000876,0.0002643442067204019
0.00014520967248606432,0.0006959261713948039,0.000364102270962201
8.139862628907553e-05,-0.0003583928079586476,-0.0004405365329300503
3.825879161180887e-05,0.0006196681187378752,0.0003605827239226484
-1.0374081067909526e-05,-0.0002974692767385771,-0.0005460539879960393
-1.0246616608003612e-05,-0.00011035154418077276,-0.00021071183393462167
2.603102336028526e-05,-0.00036861835187169137,-0.0006944683002241178
-0.00018638631813043232,-0.00029059561128365444,-0.0004647186114902598
0.00014106223083591417,-0.00017297461718717046,-0.00033515984478732367
-1.0176951380094692e-05,-0.00012605318744784945,-0.00028146030198255174
0.00011290609489723985,-0.0005508705713663939,-0.0006474340505430172
-2.4506974402844204e-05,-0.0007419112443402072,-0.0008286682891254306
2.6944529056672215e-05,-0.00013024610656618566,-0.00030719339726436353
0.0001439599094874268,-0.00027735128197662007,-0.0005812212214531712
0.00018836916693367562,-0.0002885137367044601,-0.0005038542234010713
-1.2394490422147611e-05,0.00019188369347682328,0.00010760617669181988
6.0705637720489245e-05,0.0002768753891406971,-3.549860073773041e-05
7.096849995115418e-05,0.0004161136847724505,0.0001188859146568485
-9.596661060951069e-05,-0.0004725096136585638,-0.0005146427753755052
0.00013722025545004452,6.705158131866944e-05,-3.8945521024528915e-05
-2.1548231666325532e-05,-0.0006410976737884779,-0.0008021763815499963
0.00012730180603090537,0.0003232090761466303,4.190722890114979e-05
0.00012935609658991284,0.0005616787527908074,0.0003262282570969552
-5.4567769452007475e-05,-0.0007788147734384119,-0.0008878752892688359
0.00013103267468742737,0.00010963781945519006,-0.00022002681162905198
4.301135388893576e-07,0.00029665222143481103,0.00017437929451885037
-2.8521813168392207e-06,-0.000262784213420736,-0.0004456225062734687
2.625428462594492e-05,-0.0004657256860899566,-0.0005088368285454335
6.208177196855301e-05,0.00020419656585327306,3.777577771687744e-05
7.87354419040682e-05,0.00043537101831388745,0.0002717396281033882
4.1182100241943245e-05,0.0007048785138711201,0.0004936998693395259
-1.191044350848093e-05,9.120084909071711e-06,-0.00026940790230356654
3.89006561113908e-05,8.828301539052208e-05,-7.605109689455006e-05
0.00010587521978030589,-0.00028066567550783357,-0.0005048942743235368
9.209923552893002e-05,-0.00024110976557825632,-0.0005092115098101593
1.1845223395739562e-05,7.005525956243466e-05,-0.00017479006072074942
0.00016849878493206186,7.38439733998746e-05,-0.0002169765663285019
0.00011644956105829098,0.0008035619224653777,0.0006478315935566248
1.60039990054721e-05,8.253588649735726e-05,-1.4819739389960765e-05
0.00014462921548072502,0.0002737710827562986,-4.201447554238037e-06
-3.7198609801192945e-05,-0.00033260491643584704,-0.0006846222861228934
0.00011175364172968697,0.00014810096747653456,-6.916165044709303e-05
0.00014597677102092934,-3.175513809917588e-05,-0.00018551706030950056
3.243429077068273e-05,0.00023834263915691576,0.00014147869150462757
-3.051695080906778e-05,-0.0007405898079057041,-0.0009177810185574107
2.407953450189016e-05,0.0004948760417071323,0.0003772748099004895
0.00015759267790565028,0.00048621010993650857,0.0003498438014175537
-2.9174270932948577e-05,-6.463244127290956e-05,-0.00020422218552323805
6.034526180638929e-05,-2.0770481435811958e-05,-0.00022787203204026666
2.3893915720884845e-05,-5.5945068519930703e-05,-0.00011621899706295839
0.00013661385702934222,-0.0006455628755744016,-0.0009463134285863045
-8.675823726303014e-05,2.229395596938419e-05,1.947536891579754e-05
7.655788403431661e-05,0.000754632013946327,0.0005149015194575456
-0.00012642210772337555,-0.0011135703904081404,-0.001188888483578749
5.332697299068338e-05,-0.0001539593538543925,-0.00030787714248182107
-6.660405619035958e-05,0.0004709139805396132,0.00018550784705965442
0.00020295803246916716,-9.759086255758912e-05,-0.000217328805674196
1.9415321706718234e-05,-0.00035980631413083604,-0.00043538300584520064
0.00015209117969068605,0.0002108597057876877,-4.722469813631881e-05
-4.2299922037009985e-06,-0.0005649069385444968,-0.0005702308409925034
1.3848019192342655e-05,-0.0016510322857832833,-0.001738968348902727
-1.6828466300300356e-05,-0.00035764711944787043,-0.0005179471137338624
0.00016620479328696654,4.064793766976748e-05,-8.356461551913784e-05
5.889684278583706e-05,-0.0003594577510066049,-0.0006139051414288734
-4.7540827457822146e-05,-0.00015229515592203466,-0.0002685089532393658
-2.0068312180757575e-05,-0.0006319489097743313,-0.0005665133624034483
-7.758034097223759e-06,0.0005824055116272766,0.0003926263669131841
4.408037003653215e-05,-3.60122079931912e-05,-0.0002666670163976614
-3.29272667208741e-05,7.855012249730032e-05,-0.0001239879393860133
0.00011669317561805324,0.0004976877489093177,0.00036264795121964305
0.00013507029977500164,0.0005347192404143699,0.00039961008377278277
0.00011057634196398307,-0.00036677376484177307,-0.000534354959985811
7.5085756123873e-06,-0.0005869183249794111,-0.0006223536314794799
-3.4734558029187606e-05,-0.0006110194024997562,-0.0007561355488120074
1.1039797734256108e-05,-0.00041316039113583556,-0.0004989698455068997
6.158307031693864e-05,-0.00025784576948274286,-0.00043035110478466444
4.520690150768312e-06,6.782813047390691e-05,-3.907150082808555e-05
3.6218605817492334e-05,8.961212342179569e-05,-6.453618779705795e-05
-3.782062963494459e-05,-0.00035000622121075586,-0.0003654597597559663
-5.952057192871142e-05,-0.0007237909905384168,-0.0008518750309362068
0.00014377229048658774,0.0008182419455541604,0.0006258771236963274
-4.775747847429992e-05,-0.00067033610319952,-0.0008169790686094937
0.00012583875174416743,-0.00012418533714532893,-0.00035493157737807683
4.506963112847104e-05,-0.00029415616007110227,-0.0004033597538416855
2.7499453146303523e-05,2.2701689078898324e-05,-0.00011445675587714256
-4.863052982208516e-05,-0.00027707601422449876,-0.0003685612009906986
0.00012881456842454495,0.00030520717477551003,-1.3313923066020226e-05
-3.2062500617780593e-05,-0.0004496077162706531,-0.0006049640833072401
4.20385658241998e-05,-0.0010045458417837464,-0.0011580856781997243
-3.599955047561563e-05,-0.0005046281409010671,-0.0006694038610519185
1.4968105211858563e-05,-0.000674095427984236,-0.0009517417535398663
-7.321709268350563e-05,-0.0006064525199487477,-0.0007105216351209736
0.0001460825295312221,0.00019980415012004277,-0.00011342687139553626
7.001843948029555e-05,0.0004332377436567572,0.0002719780273765913
-9.113800856821105e-05,-0.0013624509190385949,-0.001501896460560132
-5.1728807712133576e-05,-0.0002626572165749323,-0.0005913495083521505
6.969303749292233e-05,-0.00034326445472503033,-0.0005194676922358487
2.625675203003151e-05,-0.0004284584957238008,-0.0005802330271087467
1.0644913690795551e-05,-0.0001097803950020529,-0.0002895562324905917
-0.00010448535528934612,-0.0002520424770657952,-0.0004713419574189204
3.824381049757618e-05,-2.2899616473964974e-06,-0.00023560205785416865
5.3767260632013884e-05,-0.0006248945643713461,-0.0007226183701119115
6.524920489266956e-06,0.00010265369285108425,2.4858964572876146e-05
9.283072193687968e-05,0.0001091638451080502,-9.080032437415534e-06
7.972545813534731e-05,0.0005757189906840926,0.00031122400066571285
1.3933724471293967e-05,-0.00030737116693276066,-0.0003810809971998869
2.764263123994129e-05,0.00022500623789936756,-0.00014331362395719223
8.189594479717904e-05,0.00072635698483649,0.0003973508094868083
-1.19958449039227e-06,-0.00024154969343516728,-0.000522606387909812
7.146674737682507e-05,0.0002407334945785922,-2.521351439242143e-05
-7.94594256548352e-05,0.00035092706949082304,0.00018819041316025687
6.400964059546364e-05,0.0006317622950885194,0.00036526735943018067
-8.043957109147453e-05,-7.592440893578622e-06,-0.00010245550268764536
-5.3228920733013215e-05,-0.0002778167256309808,-0.0004853566873778656
-6.162644643912222e-05,-0.0007349318825552885,-0.0007090718462506465
8.025505392033797e-05,0.0005203443268187081,0.00033356536267515854
0.00013577873204560884,0.0006417065048104938,0.0004800168359162229
5.462938504768096e-05,-0.00048686858880248686,-0.0005643206554377715
5.616219453549078e-05,-0.0006567250757616156,-0.0008804823287808405
-2.8040197026022907e-05,-0.00025482756617158857,-0.0003506964639807619
2.5241393988886368e-06,-1.6085179505189378e-05,-0.0001336677931574036
-3.5735605936181855e-05,0.00040614955276648543,0.00018732273232036623
-3.8564939946087264e-05,7.201912242195185e-05,-3.529397229832691e-05
5.4558390865644025e-05,0.0003310747457802855,0.00010324790299701575
5.307107481579667e-05,3.253542835583504e-05,-7.84114862523656e-05
-4.668324188310854e-05,-0.00038893701696481476,-0.0005297689520999181
7.425788455070091e-07,0.0003652686808865481,0.00014380896882464005
6.813268276750482e-05,-0.00019164086725179127,-0.0003348803778284714
-3.2773063120131375e-05,-0.0003761740048763137,-0.0004867708786165031
5.655506192195662e-05,0.00011063434536997394,-0.00011697400113935426
0.00015665754326680582,0.0005046888246396217,0.00021172937835425937
1.2525268454936767e-05,0.00013784513775799915,-0.00012060524808501125
-3.2290762220952104e-05,-0.0005082324450487263,-0.0005495644442950623
0.00012755310658842383,-4.070376439482483e-05,-0.00024243053469396686
0.00014391127213543326,0.00038348406252405236,0.00013812938759277576
6.695606151079625e-05,-1.0143031110481054e-05,-0.0001929509042481365
-0.00011304382194329506,-0.0007713569607418049,-0.0008441011353506064
8.993754961305402e-05,-0.0003456317394854999,-0.0006220912800936817
-5.6666844043359784e-05,-0.000772998460691749,-0.0008878955253509804
-0.00011677122145508582,-0.0013290794151527522,-0.0014288119756971302
-7.01007354224762e-05,-0.0009101175960484161,-0.0010646968777852648
9.260351083568118e-06,1.4662214793674413e-06,-1.4834152995535471e-05
8.794046361851373e-05,0.00023702723283749758,7.545679956353117e-05
4.441924239294225e-05,0.0002060081075392761,0.0001668381674216164
-3.9552901503605534e-05,-0.00023631800862257665,-0.00037942405892599804
7.341983858577783e-05,-0.00040381983111718064,-0.000588756030247933
-5.154344313060296e-05,-0.00014903878597764803,-0.0003614815455849666
-0.00012712604896666357,-0.0005488618201955087,-0.0006491415282139047
0.00010171671347461604,0.0001785196303541587,-4.582330503870207e-05
0.00019532000225187275,0.00051625757037684,3.25581031938436e-05
1.1084193634603947e-05,-4.342572753686445e-05,-0.0003530307681821191
-2.33899284903655e-06,-0.00047015051415804407,-0.0005730556579798872
9.438471318721364e-05,0.0006756245239468942,0.0005238841686727617
3.2677767309032934e-05,0.00020267750992570524,8.163365754873306e-05
3.848928685337694e-05,-0.00011133505496237012,-0.00027627622592885494
8.375977861067464e-05,7.137280510150252e-05,-0.0002195762031134842
0.00010142170861471113,-0.00023121209382695367,-0.0004668162983479068
0.00013852993644453626,0.0006468044073326253,0.0004105397785026918
1.4331390921182709e-05,-0.0003616083823009071,-0.0004963203840747135
-7.439671107466157e-05,-0.0002798671569827581,-0.0004523841260506764
0.00012490957810218549,-0.00040827255591595416,-0.0005654911223099474
0.00020100156552407638,0.00023361947109485243,1.52818275894155e-05
0.00013485226482468792,0.00037105233161835856,2.9503840621237623e-05
-3.5841002547494115e-05,-8.280256210357575e-05,-0.0002538589607034383
0.00011351186212711818,0.0011080150452903968,0.0009012310609129231
-1.677919902672828e-05,0.00010524856038431521,-0.00014090925422204244
0.00012381321069650868,0.0003217504407306699,0.0001705165072962136
0.00010518021651005449,0.0001373898919739226,5.41726799503258e-05
1.0657712271667174e-05,3.78902950711027e-05,-7.464912996249084e-05
0.00016519435870854875,0.0005412398420633313,0.000141445034781191
5.2148166721517223e-05,0.000752162762879306,0.0006120890927410442
5.2329688989854515e-05,0.000270403715110879,0.0001160497685978675
-1.8762435228956303e-05,-7.172200117786868e-05,-0.00015860326178216954
6.241986161271421e-05,-5.005895405914698e-05,-0.00026584902932736727
0.00017409252737996163,0.00041775069119960703,0.0002399383765478567
-8.604201365738375e-06,-1.9280027876933582e-05,-0.00028694428989823755
-0.0001240131995237663,-0.0007108228948193016,-0.0008617059256969688
-9.545983080487286e-05,-1.7575676768226943e-05,-0.0002872180947131724
-3.872807044994758e-05,0.00012375358985766805,-3.982838743207226e-05
4.774825454693777e-05,-0.0005993012282680622,-0.0007960087577576755
9.814323236727736e-05,0.0004869951238658922,0.00014178027404397608
-4.404790773464675e-06,0.0002532699967482291,-0.00011803392609051607
4.500996284285447e-05,0.00038541139272296347,0.00028492787086572174
7.39717649282939e-05,-3.133366201414292e-05,-0.00016983108469812162
2.8669296830671336e-05,-0.0003538029654728779,-0.0005801981060504198
4.076533855266212e-05,0.00037430625473546485,0.0001303375904852216
-3.121454668611652e-05,-0.000311337207935161,-0.0005002075557445024
4.642824194794784e-05,-0.00037580430921116425,-0.0006284544083688978
0.0001249017161312755,0.00023925726495191898,-0.0002075501113211667
5.364858254843589e-06,-0.0003483983146089235,-0.0003592963436854183
-1.4964164837626338e-05,0.00016417385991444137,3.600104053730295e-05
-3.248327164154539e-05,0.0001575704361870074,-3.424806170525e-05
5.99185704110143e-05,0.0002637483478618113,0.00013161475804336506
4.502966660628008e-05,0.0004107952855309093,0.00026459654490267027
6.057075017350204e-05,0.0002324843287261752,-4.127074866155738e-05
-0.00012369795810030174,-0.0006477399848109598,-0.0007193373284262848
0.0001189347469415585,-0.000503207899393957,-0.0006599915068254021
-4.275805926998215e-05,-0.0013780425928728946,-0.0015663143001969748
0.00017897043540758548,0.00036665064277146105,0.00025261365757853183
-1.1417305693236704e-05,0.00032095366529741093,0.00017489098315999588
0.00016296939960744634,0.000740064553985768,0.0004733728813230651
7.663427293331246e-05,-9.175568812223723e-05,-0.00024393698049968794
9.634126870817102e-05,0.0005521851850162822,0.00028925861977160906
1.874475820225159e-05,8.202193043680168e-05,-0.0001613212155978862
3.655318347910196e-05,-0.0005069795610776098,-0.0008060232094456612
4.666524046641288e-05,-0.0003448541619186356,-0.0004997669970154398
8.656947134333138e-05,-0.00043939234008844117,-0.0005758975278635647
-6.045749788737649e-05,-0.000785611473870739,-0.0007556116762299779
7.874418748032126e-06,6.0020396693954986e-05,-0.00015271029103054324
0.00010767170439646217,0.00014147724285370214,-5.01357555831478e-05
0.00010655963836144577,0.00013393640255645803,-1.662711626208812e-05
9.982231083400898e-05,-0.00014070215822190653,-0.00023706776031582642
0.00010015223735919485,0.00029646849447749365,-1.1678581251586487e-05
-1.7379850996357052e-05,-0.00025083881988549497,-0.00032839654719503267
0.00013653122414838403,0.00042611758957672707,0.0002543926513053738
-2.6133776743369916e-05,7.971562768320128e-05,8.079247777577293e-07
9.400276682031573e-05,-0.0005087151265300997,-0.000755564244474707
2.2889777310448386e-05,0.0006631102166535542,0.0004814640060962937
0.00014899981636465982,-0.000415977293810953,-0.0006955526658867084
1.5042767321958708e-05,-0.0007229194494215021,-0.0009735966084780903
9.956588844278519e-05,0.0002772336757123352,0.00012133811516562902
-5.4856487174344504e-05,-0.00013929871239194168,-0.00021029840352748192
6.934468530340256e-05,-0.0004096080856756928,-0.0005170565875808635
8.667244130698007e-05,0.0007443532199602005,0.0005914098175069493
-5.960802072343565e-05,0.00031607307954610066,0.00022090661221695884
-2.8026395616041614e-05,-0.00019723444689368324,-0.0003377981043911464
-9.572396329884041e-05,-0.0009213114470367162,-0.0010076015191816878
-8.112709944515289e-05,-0.0009148635592031422,-0.0010280210147154457
9.861316671128001e-05,-0.0002371682401286808,-0.0004210565307480199
1.221028787486756e-05,3.5856668388256434e-05,-0.00010874614677012237
-8.093707792018934e-05,-0.0007576788690483133,-0.000847296411839722
2.641468703881372e-05,-4.4068968241355445e-05,-0.0002692935478135703
0.00015167541495802168,-0.0003387311571651456,-0.0004704147700362556
5.402213782543399e-05,0.00021820008196357605,4.3930439032971e-05
9.212711337325551e-05,-0.00032099711413167915,-0.0006115740507649182
0.00020076404087484618,0.0008660808445155438,0.0005877546680618479
4.269443223868428e-05,-0.00042336160380036005,-0.00044130252545390426
-3.3213593156368514e-05,-0.0002299631405992142,-0.0003813059497154997
2.214447005276861e-05,1.9048537754822576e-05,-0.00019385653934736726
0.00014986664818510514,-0.00020372955269598567,-0.00043895400739100873
0.0001193631157331764,-7.742691777483959e-05,-0.0002350228161420233
0.00026926477203424417,0.0010521183861143253,0.0007588999439817579
7.852897135898467e-05,0.0007520765328482582,0.0005249051958821382
8.682332130338305e-05,4.2419320651863e-05,-5.929944520796795e-05
-9.292003331864371e-06,-0.00027589957717184745,-0.0006144148350096928
7.952285036483091e-05,-0.0004111256233464324,-0.0005133804564289293
8.76356942804576e-05,3.011673654047559e-05,-7.461355384147321e-05
3.879259572773448e-05,-0.000447102677024466,-0.0006069273560126388
4.6257444285447124e-05,0.00018782379347692627,-6.818191834083827e-05
9.06527170270931e-05,4.721087837766081e-05,-9.788297368898673e-05
0.00010792534935111044,2.896063163112435e-05,-0.00010403239652422014
-6.499867316982585e-05,-0.0003814007827970103,-0.0005468083577795464
2.0431678557076205e-05,0.0001012460958580184,-7.888063947149497e-05
-5.820697763598686e-05,0.00010526787413361747,-2.3413027893771915e-05
0.00016755236534940366,0.00029346002439372527,0.00012466664059192478
-1.7859326758236808e-05,-0.00013054935040467553,-0.0002651551565704858
6.216815034963585e-05,0.00025486303929231086,-1.8862357960804847e-06
8.704142122814397e-05,0.0004582566656248825,0.0003040583897219202
-3.836900321793659e-05,-0.0010544476198728946,-0.0010828699033388284
4.939954311050242e-05,-0.0007318447771491288,-0.0009404638787089796
0.00016223764120074332,2.3743269833060822e-05,-0.00021578617851326324
-8.792990685176048e-05,-0.0001126937578422165,-0.00033744611973604316
-5.702463487299391e-05,-0.00029287648659102677,-0.0005128079515941154
4.8250476655082436e-05,-0.0003363649839566835,-0.0005113024982817277
9.877085056346621e-05,0.00022177169807344944,8.740516082472784e-05
9.187680709353678e-05,0.00033886079144178246,0.00024640875077792354
9.691938227891978e-05,0.00017769950637072922,-5.00588942975969e-05
6.742334995952747e-05,0.00011808400740566984,-0.0001374563365833244
0.00011573540981852249,-0.0005006318323032077,-0.0005757535519157909
2.70337234279173e-05,-0.0003281058108608356,-0.00044751607277186114
1.55338252849645e-05,-0.00011631271044753498,-0.00042198067722130244
-0.00012302321853123306,-0.0005786285506829743,-0.0006268560958873253
4.057085872182078e-06,0.00024114523299922157,6.945196883376405e-05
0.00010317290459430515,0.0004801206367243716,0.0003547844667004774
7.583977899922316e-05,-0.00013783594890883516,-0.0003493764891431305
3.829065663723515e-05,0.00027842281868962614,0.00013377026951562901
3.494000735778928e-05,-0.00014896893535914658,-0.0003824090891901465
-7.736083507929592e-05,-0.0003357997082028718,-0.0005139854252694323
8.13126581717473e-06,-7.426520062211951e-05,-0.00034375989015296454
9.414944907030457e-05,0.0002697734150979277,5.1892706474664194e-05
0.00012922199496651063,-0.0005399855196706418,-0.0006461659406003645
1.9545986710450206e-05,-0.0007565374190240629,-0.0008265617186927922
4.562181020476255e-05,-0.0001464866748272417,-0.0002740135401261513
-9.840148379737146e-05,-0.0007849167753907185,-0.000919098697906411
0.0001661459392561607,4.6653587443294166e-05,-0.00014441817299657843
0.00013720806146262413,-1.526050666532554e-05,-0.00017112553470394055
8.198040336767623e-06,-0.0009576796962380868,-0.001133602126222422
-5.7090132534443175e-05,0.00011640681265784564,-1.9330304255829372e-05
0.0001102417820343873,0.00010679558573849191,-6.1862886526353885e-06
5.516839043981233e-05,0.0003633313851352373,0.00023149423332694143
9.855319248324037e-05,-0.00014808612203140892,-0.00033997001610609144
2.9949111353426772e-05,-0.0002481255513340252,-0.00040952593371699965
0.00012760582063075536,0.0004691037344038808,0.00026809285740988375
0.00010077044293235407,0.0002941759636689178,0.0001348291027679189
3.920635604254231e-05,-0.0008310928301611617,-0.0010749877433652059
4.224703951719174e-05,-0.00020638098551535187,-0.0003336702846499586
-1.046938093495178e-05,-0.0006943220710641169,-0.0008502658514881018
9.985642652066747e-05,-5.0453711499780316e-05,-0.000275633510766671
0.0001194867745637155,0.00014036751419578,4.57434360706842e-05
-6.1866936977953986e-06,9.689061339345498e-05,-0.00019201646009874953
8.69941831116229e-05,0.0008041055104641088,0.0006654156251028914
1.860216654623909e-05,0.0003224782132203708,8.727841853481809e-05
4.822048664424165e-05,0.0005829290981371634,0.0003870754512131199
0.0001001214153715707,0.00010729370238511652,-0.00010563435120063197
0.00016912545196107274,0.0009000819195188275,0.0006923070466260044
-5.3950120880545465e-05,-0.0011200604616831563,-0.001251446602469323
8.282099881342937e-05,-0.0003722496724313936,-0.0004883160211312394
-5.2489538657299177e-05,-0.0005397101592310809,-0.0005491426926297206
4.733182402170498e-05,-0.00029713776733923685,-0.00036420458725081994
4.5778171427285244e-05,-0.0006072102384432899,-0.000805543025109038
4.132725151990215e-05,0.0004881656290767289,0.0003814750378055535
7.596457608191715e-05,0.00017975200400158456,-7.958294110641191e-05
-1.121782379928985e-05,-0.0003711924674906526,-0.000583505534272236
0.00017105408337948533,0.00045597240512251,4.7411678352443794e-05
2.5301013230391697e-06,0.00038664615679543404,0.00020881739725725195
8.095246996103655e-05,-0.0003791208502405282,-0.0007513178545505277
1.9251013492064043e-05,-2.7807496564326875e-05,-0.00024040001120886282
4.860213529280362e-05,2.4956520761560742e-05,-0.00013175127243158016
0.0001476658580391805,0.00033263459383548247,-3.0647529282629274e-05
6.043680313206193e-05,-6.0404290021511025e-05,-0.0001742832434234144
0.00012498605812796007,0.00030352561425331636,0.00017042681618865504
0.00016182889243345085,0.0006430440602844686,0.00029584171473907384
-6.925848316333906e-06,-0.00017929722048338435,-0.0002526395994436329
7.461867618478481e-05,0.0001522838725450974,4.38075739705965e-05
0.00010950951193192223,-4.599028439967224e-05,-0.0002136535644902039
1.2976854620386983e-05,-0.0005005103229724416,-0.0007209340836902846
0.00011014915389042536,0.0011485853238713413,0.0007757727786918841
0.00019521449988934826,-0.00016981998274018088,-0.00047804371219328475
0.00015397520707273812,0.0008972374141503273,0.0007408388272898323
8.491162132817874e-05,-5.669452007763296e-05,-0.00016413831595296733
5.557915532989756e-05,-0.00018625758297562847,-0.0005333423955441443
7.842760334952125e-05,2.7246470674441658e-05,-0.0001403243733692451
-2.120767287147951e-05,-0.0003744630583914666,-0.0005310562639435691
5.1722796631323954e-05,0.0004419011029676335,0.0002570851457572525
5.240616345606323e-05,0.0001399332123752419,2.066506947919679e-05
8.30152025395369e-05,8.277370894895106e-05,-0.00013481493733502302
2.960184475129713e-05,6.644175692771233e-05,-0.0002732007092501528
0.00010538912154702175,-0.00029032790685527626,-0.00043837643948857225
6.12332876624273e-05,0.0004913379028776559,0.0003652321162223181
1.0425374290654429e-05,-0.00032225900553523853,-0.00048353126623431263
0.00014666742839866294,1.4766097953312142e-05,-0.0001825666559070676
0.00011305108688725715,9.74930245180612e-05,3.8091513997452116e-05
8.686577425337706e-07,0.00018948289883725377,-2.2329869116810065e-05
6.443643338225599e-05,0.0001089839400425849,8.198337482420433e-07
0.00012370728700190632,-0.0006952049510034637,-0.0008291170546329402
0.00010632865952017287,0.00033773300087051644,7.081534853088629e-05
0.00010507447006897564,-0.00014258387862982696,-0.00032708398081903725
4.989229246236238e-05,8.091785286657558e-05,-9.182676362827724e-05
0.0002410521724376867,0.0003899880596824083,0.00011351271945610967
-3.95692803729208e-05,-0.00023815731506788207,-0.000365213889173424
3.942161434333975e-05,-0.0002836670991717452,-0.0005576889990335314
6.97047826207865e-05,-0.00016635518618438654,-0.0003641355556059607
0.00010599393542927182,0.0002004037901855578,3.954187457808014e-05
-0.0001526220830534625,-0.0005567356320512835,-0.0006540418846667367
6.723366205124581e-05,0.0006006658322641274,0.00036200591199352
0.00010692116379759371,-0.000321579439833841,-0.0005101293017966452
-2.409588220513717e-06,-0.00033769136151348716,-0.0003952938199516138
0.00011342031300983114,-0.00039875598597020575,-0.0004612524923338076
3.9256284919258723e-05,0.00018161308559624037,4.265160834649644e-05
-4.810665545849658e-05,-0.0005271950073088685,-0.0007020384339135827
0.00014842603762489339,-0.00029920526864163897,-0.00048692382506632765
-6.479835863598812e-06,-0.0006785170871325797,-0.0007653850705644099
0.00012259651548392377,0.00027496048559961497,9.739398593902758e-05
4.6212805369837075e-05,0.0002519783860732308,4.723663905074793e-05
3.962616498154076e-05,-0.00048132458787499964,-0.0006461589946111959
-3.5893180677498546e-05,-0.0004757248393947045,-0.0005603280814187164
-4.130549040843711e-05,-0.0007209875762546888,-0.0006977840194076126
3.6438840212572985e-05,-5.149380334370943e-05,-0.0002718776588131953
7.277690229201246e-05,0.00028042091587821146,8.444227106362898e-05
0.00016089365794612817,0.0008363164731690587,0.0005829386404529241
6.97954951863516e-05,-0.0008309305060558835,-0.0010563259362204366
0.00015304606649997284,0.0001563009481586602,-4.4727198842338476e-05
2.9078500901641625e-05,-0.0006702572657491571,-0.000769442569336778
5.063318562626532e-05,-0.0001239045046993432,-0.0003390115789127007
-6.078785195791402e-05,0.0005131607893177533,0.0003094824137276535
6.361988283165861e-05,-0.0004200236515787205,-0.0004856356957381469
5.857161484792655e-05,-0.0002668433952709213,-0.00040327436840439126
-6.826980552466597e-05,-0.000488926416634218,-0.0006503368749432108
6.551738275478695e-05,0.00013268700863336712,5.838926247266856e-05
1.0445530641379645e-05,-0.00012934066739697002,-0.00040077844073844223
0.0001546845825641244,6.743671907817578e-06,-0.000287055499031172
2.9626652395010807e-05,0.00011323364084358864,7.165549226162589e-05
-4.72372147567052e-05,-8.42664303347413e-05,-0.00017821602730474015
0.00012272018271088412,0.00031655212182546573,0.00015977846166937432
0.00010825845346498872,1.7343012068263963e-05,-0.00012908277537255935
1.8611117291517836e-06,-0.0002358009119489419,-0.0003342566009302241
0.00012472167717515186,-1.7664837065450834e-06,-0.0003320604167256672
5.640244128395696e-05,0.0005528119320608319,0.00021373893406085166
-5.951649509946638e-06,0.00010964026783842413,-3.4340412265399675e-05
-4.446587499724422e-05,-0.00023168967482478452,-0.00033450426820493564
0.0001362352578932064,0.0010056584386748991,0.0007303150717147607
2.9529389947606047e-05,-0.0001384799228525549,-0.00017946866267816528
0.00014720927655298449,-0.0001071130152594436,-0.00024311660999516596
8.529737967092857e-05,0.00035830417459673756,0.00013106609191326578
0.0001940920358767838,-0.0003939995414769319,-0.0006094520209770068
7.719098154620316e-05,0.000248583616206735,8.551420995489502e-05
6.269623806742805e-05,0.00012038603764542045,-2.5459706308952976e-05
-4.500590739702162e-05,-4.704309393467458e-05,-0.00018876910361434275
8.115409060397333e-05,0.00045214537745348794,0.0002517013908605579
0.00011628856863164777,-5.3357891393970706e-05,-0.00030231018641253734
6.649684976188985e-05,0.00028396325931114106,0.00015069794940721684
8.272621622362549e-05,0.00046416405925871803,0.00028324636086492986
7.129783855390983e-05,-0.00011695662714004886,-0.00036678397571318004
4.7521901223182095e-06,0.0003421409927905555,8.637338420641177e-05
9.459638651112347e-05,0.0006076174858510573,0.0005087535082986664
0.00015775743060905423,0.00014090782262092452,-1.9204998405591425e-06
-6.053029100110198e-05,-0.0005253854446525049,-0.0006343631419280263
0.00012731995972418178,-0.00011995691713012694,-0.0003023387332591502
0.00013993153275346332,0.00017044140697990872,-0.00016989916462339174
0.00014964999484660355,0.00013395115036463523,-0.000111317291543707
4.9741655800546257e-05,0.00018446335557206444,8.383687736013638e-05
4.5639141066450447e-05,-0.00037078229839716847,-0.0005088005888212858
-3.4643563220966136e-05,-0.0003154073945754871,-0.00040233649681198754
-9.128289746575068e-05,-0.0009471745244324054,-0.0010137148547321815
8.279854758080001e-05,6.100449416414117e-05,-0.00010617330206360797
3.896065089495891e-05,-0.0003646876713481322,-0.0005970954059610655
0.0001832494512821534,0.0003404822603796308,5.8704485408901956e-05
-1.750223534159419e-05,0.0006469389955343542,0.00048433393457864634
-2.699968263118876e-06,-0.00015185654825169666,-0.0001996694303017388
0.0001979917241787502,0.0005960428276548128,0.000292400766255503
1.05841033621953e-05,-0.00021586498242792823,-0.0004939170633267869
4.2274125700003055e-05,-0.0004973692545505658,-0.0007990025216434801
1.4840133206575097e-05,-0.0003717939217298849,-0.000499520977140146
0.00010733281920701532,0.0004438489474577795,0.00020141430940687766
9.505555201591635e-05,-0.00026263145818794157,-0.000473053463372485
0.00014279435905863598,-0.0004855133327355905,-0.0008140887896554013
8.29715183190573e-05,0.0005269672355925753,0.00025328847499214496
-9.895847895812255e-05,-0.0007835416986298151,-0.0007932416480260006
4.599990324726116e-05,-0.0001826135525991366,-0.00023684363724602565
0.00011589201032727005,-0.00026992033013196765,-0.00041599536034702485
6.04583796448126e-05,0.00019909769749615493,-0.00014001676826320319
8.205736479066173e-05,0.0005044007994495011,0.00029896657528646735
1.5429875286836463e-05,0.00028624673225098975,0.0001670588372603769
2.1107096108290407e-05,-0.00034940515900357756,-0.0004923216949498381
-7.303435602172621e-05,-8.53031282701118e-05,-0.000345251416769652
0.00010971318630703563,0.0007812217369125254,0.0005454392189511816
7.071348745692105e-05,0.0005652475861508224,0.0004561019405696011
-1.0487563698798478e-05,-4.5563434293483714e-05,-5.785350267701761e-05
8.287574382730332e-05,0.0005045212462740902,0.0002821641785826705
-0.00010060143760935015,-0.00044947349764009085,-0.0005401242370008827
0.0001232882503887581,0.0004305685477167005,0.00017609523076558096
0.00011902937684829672,0.0007396594731116452,0.00040622744390329655
-0.0001075045156250538,-0.0002926695880625542,-0.0006564763820966627
-2.9211853232005084e-05,-0.0009294554552402524,-0.001025186536837771
-7.344421692006243e-05,-0.0002560268551778783,-0.00027609038826209207
-6.703649330649214e-05,-0.0012341976321658748,-0.0012925239059993594
-4.956961061356412e-05,-0.0004412412568772805,-0.000492685491202095
-3.462403470131967e-05,-0.0002247679823466258,-0.0005605145440949201
-6.37247979970621e-05,-0.00014264116888936407,-0.0002601017085403902
-4.645473807855991e-05,-0.00013112778902870886,-0.0002047853009587439
7.745645567916202e-05,7.013559978441002e-05,-0.00018824170900379476
-7.21472410143474e-05,-0.0001198694744445485,-0.00024683959176180037
0.00019030875194216712,-3.6163987544264922e-06,-0.00023875875451667133
2.207147886529663e-05,0.0005089514285335375,0.0003567570122341064
9.547323919926399e-05,0.0007327599896046177,0.00034435695648038684
-4.787164236749606e-05,8.309802613149897e-05,-7.97365355470408e-05
0.000250331171820618,0.0010144782803740973,0.0006706796360965636
7.562325309851104e-05,-0.0004415785003754443,-0.0006453096619427898
-2.041423519308957e-05,-0.00031549209075688097,-0.00043337767144097485
-1.496153129628772e-05,-5.244926999953712e-05,-0.0002887067851857379
0.00010573923844443451,0.00021437414496630115,-6.932033789699393e-05
7.568452842461615e-05,0.00022374490562081193,-0.00012527338542174283
-7.638787871233209e-05,-0.0004744645218418476,-0.0005570507518376214
-8.061087959313699e-05,-0.001045085672459026,-0.000999269315720119
-7.678029533120012e-05,-0.0006493563194806182,-0.0007083065562240152
1.2896676079968925e-05,-0.00021486606597418225,-0.00036307290298549094
5.622818329999792e-05,-5.464881989831299e-05,-0.00012391873565016062
-7.023948330509976e-05,-0.00010183504468438409,-0.00023840401039942593
1.3074550021984627e-05,0.00010901515812856872,2.0569133106090737e-05
0.0001153570570090224,0.0006206977692050111,0.0003790100511534699
0.00014311239195059926,0.0002454603484053703,-5.717466385678178e-06
0.00011156061665473316,0.0005758238343097051,0.0003283068933732071
0.00011609955012422191,0.00029266967431921544,0.00013150741589317743
-4.91586064102079e-05,0.00041003142181302715,0.00016941228227245373
0.00015468350055930662,0.0004001998609730858,0.00024226008762609638
4.839267239151778e-05,0.00017449043121569915,4.995991989782041e-05
0.00013737409835825622,0.00019516830212505014,-2.3775119722200952e-05
0.0001489645341697948,9.543207837942042e-05,-0.0002603285941232957
-1.9694546644757866e-05,-0.0002843804485521509,-0.0004626831699879638
6.951023648176259e-05,-0.00017921393776319404,-0.0002464876475527084
-1.347150582652477e-05,0.00011598511585615093,-2.645080410757937e-05
0.00023985837738990553,0.0010568674048162256,0.0006401569741519078
0.00012257834983100962,8.235234467311843e-05,-5.1020788031369755e-05
6.438362352029868e-05,7.378494372096442e-05,-0.00017364771686919158
0.00017315385326191064,0.0002776618016865808,9.814361322117497e-05
7.702148501535677e-05,-0.000279746613069688,-0.0003947445584748708
4.086762105470754e-05,6.739098155077801e-05,-0.00013264424135330297
3.3995512110540106e-05,-0.0007002899024067756,-0.0008335869911770254
0.00013077528130840316,2.1226975171454685e-05,-0.0003580717400877533
1.039726994687547e-05,-7.415688184896589e-05,-0.00024134019233127264
1.3637518770120711e-05,0.00033905725436971597,0.00027598818099845625
0.00013573679111808016,0.0008572720982160215,0.0006295996702427183
7.352224315027494e-05,-0.0003078354823785036,-0.00039457546232808113
-5.14262975347891e-06,-0.0004989466156969196,-0.0008578677777696626
-6.808165584416945e-05,-0.0005909649396799374,-0.0007033814018778461
-0.00019776445055609665,-0.001091075194128418,-0.001156102057261802
6.925106452458753e-05,0.0005262575071756691,0.000279278842140805
8.596794710324204e-05,0.00014575462215889716,-4.982153152221975e-05
4.170256162789584e-05,-0.0005752033599669792,-0.0006684473862425201
5.880410154178956e-05,0.00042470635708606976,0.00025448174810781043
0.00010662164479137033,-0.00032165854667843614,-0.000599823818639074
2.3799490417394784e-05,-0.0006361285491022761,-0.0007528322241764696
-8.93280924030537e-05,-0.0006755626313806219,-0.0006773557371687905
9.366020242193941e-05,0.0007432166036872872,0.0005774312968473163
-9.944773423754171e-06,-0.00029628679469491197,-0.00036785258296047997
7.781898315294105e-05,1.2157315264402216e-05,-3.9440713971869014e-05
2.2412152579268747e-05,0.00011336800660612304,-7.924447997767372e-05
4.322345057427256e-05,-0.0007610428003142084,-0.0009056423553514624
5.8131802669166976e-05,0.0001588346008949166,-6.235302535040174e-05
0.000100255460538152,-0.00011267193331704614,-0.0002052388684920238
6.99662410194246e-05,0.000490340594273308,0.00025728718720437747
2.055937812382456e-05,-7.235097555460564e-05,-0.0001811362268473156
0.0001122487662229086,-9.114164173075298e-05,-0.00014097370723861828
-0.0001283013589990765,-0.0001876100054524953,-0.00043048083051774855
-4.1392157813858227e-05,-2.430501565697469e-05,-8.456073047665204e-05
0.00014796446375022783,0.0008613145558057342,0.0006609309794072218
-5.920870514820599e-06,-0.0006239402192908207,-0.0009534840546925869
7.866302021691105e-05,0.0004141875571279465,0.00017262493851473085
-1.1631013226429972e-05,-0.000805553633078378,-0.0009813870568833884
1.025214768394657e-05,0.0003284662646228294,5.216519692178797e-05
0.00011981643536671297,-0.00040933483980000435,-0.0006967596380750965
3.204770644399881e-05,0.0001340163319371255,2.238719850435453e-05
-3.581809800921064e-05,-0.00029273101995541445,-0.00041157998114390193
1.0522825145192101e-05,0.0004512602855343184,0.00035027958783875825
0.0001156924335635815,0.0005764508040851848,0.0002888787221118705
9.720435053780786e-05,0.00018624772140440698,-0.00023538851431839284
-0.0001168134628709005,-0.000753007557786139,-0.0007761572706803414
4.979618315612782e-05,4.8422900926004594e-05,-5.5532086048243844e-05
-1.0998278934829545e-05,-0.00016340111889985925,-0.0002467716860946366
-3.058960362941796e-05,-0.0008182198245071482,-0.0009284568161492444
3.574121696466525e-05,-1.638375577221965e-05,-0.0002446584781104149
-9.61562732653689e-06,0.00012552564390273574,-3.424920671595283e-05
0.00016783983946579357,0.000499556124769198,0.0002688269978548331
2.725290559958335e-05,-0.0003360363254336008,-0.0004376522801434004
-7.787330378070172e-05,-0.0008536869286294427,-0.0010113187682870724
4.533931782808417e-05,0.00038347987024905765,4.6490892422858075e-05
6.295244991772926e-05,-0.0006997537015170042,-0.0007385705959250274
6.595245716689609e-05,0.00012462840435803206,-7.936442308583363e-05
3.16902944974939e-05,-0.0005729209115506554,-0.0007660968570227935
-1.1140382955513199e-05,-0.00012171221125058352,-0.00038879036045460537
7.158520013573471e-05,0.0005171982558911105,0.00035812164398561525
-5.5878945413766136e-05,-0.000596757345824239,-0.0007633051735497991
8.316169449579124e-05,0.00044463015632331085,0.00016353021615850234
0.00011640638382886525,0.0006737864499206297,0.0004049077639744411
-8.596165051316177e-05,-0.00038596629447182676,-0.0005401540831712926
7.752467226512333e-05,5.1938946124501054e-05,-0.000181162063543895
-4.2122000640186134e-05,0.0002547976491522406,0.00017142333050604425
8.58343689706312e-06,6.191743225801089e-07,-7.491382860565147e-05
6.759709485784686e-05,-0.00014451263059631802,-0.00018872517707688196
6.015168103095205e-05,0.00026611272893758975,2.1345967606380606e-05
8.366574248969734e-05,0.0008299740151683263,0.0006190346894915677
0.00013471152470448524,-1.1224429463587142e-05,-0.0001313953681855251
-2.4046317013132982e-05,-0.00016605197343017258,-0.00030124724491733287
4.233053934411368e-05,0.0007857138206025136,0.0005136022140644466
6.788227941525847e-06,-0.000649351521015718,-0.0007661160354955378
5.543011947684579e-05,-0.0005073265810905865,-0.0005810429147780436
1.0068133977160542e-06,-0.0002978251868684825,-0.0004980889013870141
0.00012287503330004208,-0.0004493836672175916,-0.0006551502070838595
9.02666418841117e-05,-0.00042356717185890815,-0.000617949001453051
8.261851781935802e-05,-0.00018105401184003751,-0.00048140681024033466
0.00012371087717600915,0.0006563802042301948,0.0005496193634700149
0.0002193489055783344,0.0006880010963842787,0.0003844572728682341
-9.168022401325084e-05,-7.966111871240657e-05,-0.0002349580579876973
-9.988391868525042e-06,-0.00041783038142573356,-0.0006849359177596479
1.912368492506736e-05,0.00045781493294700585,0.00021879568808769875
5.988891536686181e-05,-0.0003747430090087385,-0.0005454347669275508
0.00012589476034867805,0.00012619822200939167,-0.00011086509190218606
0.0001665100121822708,0.0005750916466889572,0.00046942203800665787
-3.954975075066427e-05,-0.0009176978898133878,-0.0009283654218329223
-3.880797199552036e-05,3.9062223192502186e-05,-0.000301530008159169
0.00011698935512587883,0.0005930272463492253,0.0003768130960762981
7.225964450190635e-07,-0.0003875519332324375,-0.0005543346729786839
-1.807341422121412e-05,-0.00014798739918557417,-0.0002909941141530109
0.00015036989256418348,0.0005680906414143311,0.0002674970634623502
0.00014739597614204115,0.0007104572205979787,0.0003985125456408676
3.2382672949788196e-05,-0.000896454823858122,-0.000953455986477089
5.969047473663986e-05,0.000296002329918605,-0.00014980712094364094
6.449450760834664e-05,-0.0005885902341904061,-0.0008520720462821278
4.6019992591205146e-05,-0.0006856564571060769,-0.0007655538466912912
8.741463276228464e-05,-0.00035085350713633665,-0.0007099701339790374
0.00016685683891524346,0.0003457721600436655,0.00015169821971615214
-6.900337010651788e-05,-0.0006962209263552324,-0.0008352003927762584
-2.8889336394601262e-05,-0.0009695706900056798,-0.000964471379555779
6.805780138166893e-05,0.00020961251923606782,3.976172272569746e-05
-3.688919769126588e-05,-0.0003063923726547165,-0.000523247760204468
9.886092515176971e-05,4.324410452392834e-05,-0.00011597051757015147
3.4747657699098184e-05,-0.0003434504190286157,-0.00046003454931397073
0.00016080713990685455,0.0006187126638795921,0.00036997630139611493
2.672587811850403e-05,-2.1429544502524152e-05,-9.617731066939548e-05
-2.2613105779626047e-05,-0.00035329056964320373,-0.0004949280231574464
-2.2884148782474547e-07,-0.00032419692412255307,-0.0004967956060684415
0.00015605638221591713,0.00020916811252825074,0.00010181512941935922
-2.694965411233674e-05,-0.0005426622868133965,-0.0005767515691577115
0.00017583502023583384,0.0005676663092232209,0.00035502949682208535
0.00011671492685483737,0.00014283782419292803,1.020505986225445e-05
5.6885716200203915e-06,-0.000913123646136651,-0.0009574806609843745
-1.730147794478751e-05,-6.40018965099581e-05,-0.00017962222820990203
-5.7795333922615875e-05,-0.0006517064987125277,-0.0007680869780112641
9.46391187103956e-05,-0.0002430024315816686,-0.00042159203705880116
0.00012051398552682073,-0.00045573763115911705,-0.0006178632112035628
7.016862570691118e-05,0.0003484175312536888,0.00013240125997040773
-3.9576512451237384e-05,0.0001502861120104145,1.7088556270684202e-05
0.0001625337011035765,0.0004286039832144289,0.00027651889845672645
-7.571636743283389e-05,-0.0003715065134726823,-0.0005406830450947491
-2.4550337075734594e-05,4.834980937137723e-05,-0.00010491334368433673
0.00011547645453427398,0.0001836789786490512,4.9336352751132046e-05
0.00016330857537782983,0.00042920992893875963,8.807777498052609e-05
2.8928225573983895e-05,-0.00027543542093748765,-0.0003706522262238917
-1.527226760179512e-05,0.00021074829798268027,5.6855305815290785e-05
7.189677425611501e-05,0.00019277855863000955,3.960039037573197e-05
4.3063705910151924e-05,-0.0001875043066531926,-0.00033109066085387935
-6.602351775141115e-05,-4.537590654643005e-05,-0.00019464503066067868
0.00012888244104481317,0.0002099403977875207,-6.810619622788018e-05
4.590324649830836e-05,-0.0001205982620109363,-0.00024390357253936744
5.824054468612681e-05,-0.0010550030118443349,-0.001073993788067837
4.027154178376478e-05,0.0004975807697467839,0.0004029837772240184
2.514957467259041e-05,0.00013941344903864675,-7.207938420787744e-05
-3.144494714822638e-05,-0.0002671962707221701,-0.000348736358893205
1.8276873310180098e-06,0.0003127271039262163,-3.180491639414673e-05
1.4937696875008325e-05,8.936940043105992e-05,-6.732331177458482e-05
-6.301444296374789e-05,-0.0007406530552157155,-0.0008123413769875064
7.07706978472512e-05,-0.0005300254253778669,-0.0008719295855184806
1.0010247761857736e-05,-0.0006162212032889698,-0.0007027580305026786
7.750672650175264e-05,0.0007850700340801349,0.0005366393869677328
4.9150681318166546e-05,-0.000956667117476484,-0.0009624592057061179
-6.271551473126255e-05,0.00034144055367265746,0.00012782685277982364
0.00011102415510670554,1.3137130616381378e-05,-0.0002369874847571241
5.461200372876995e-05,0.0006480973447655793,0.00045293867126438637
7.204198087948881e-05,2.0623120134475375e-05,-5.8207827443408435e-05
-7.159853143679607e-05,-0.0008416849537969152,-0.0010537015641818794
0.00016815325124609667,0.0005118759786093348,3.8186047912516866e-05
0.00012073841790086583,-0.0005789398553588176,-0.0006875324993083534
-4.154439248696271e-05,0.00011873516817665215,-2.216416600213104e-05
6.639185263963393e-05,4.9837845307382716e-05,-0.00015549635396068076
-6.916973429878923e-05,-0.0004457112683987992,-0.0005244711523750725
-1.0326897776471528e-05,-0.00017334402274092798,-0.0003455107509805894
5.790662677785654e-05,0.00023669286712351927,1.7771633050896754e-05
-3.4041018609012885e-06,5.361288436658966e-05,6.304143469353787e-06
-7.953525427089468e-05,-0.00048736993421459433,-0.0005167613463108157
-3.0298508930946458e-05,-0.00017524906688316268,-0.0004016824648998814
0.0001946017512808641,-6.743871238152312e-05,-0.00034265000637728255
-0.00012138998890050265,-0.0003231542167989823,-0.00040174602355869864
9.848520673977652e-05,6.332740642245348e-05,-0.0003743534392981257
9.371997111010132e-05,-0.00024245717536299118,-0.0003913372826435984
5.262008198218227e-05,-0.0006502589193997007,-0.0007719641397407718
8.09143622581651e-06,0.00025851742620406715,8.198398797310048e-05
0.00012740053410784815,-9.453754824783432e-05,-0.00020517806471951114
-3.459018439047967e-05,8.056935763888027e-06,-0.000159293755982274
-1.6915699431961374e-05,-0.0006151823053077651,-0.0008414477067846581
9.84440018329257e-05,0.0002972807296549826,-8.406706290085977e-05
-3.950294120202616e-05,-0.0002549486408192843,-0.0003808803588655973
-4.203863787491102e-05,-0.00038189878429559915,-0.0005195892689350918
5.684348073714791e-05,-0.0004691575404603431,-0.0004924154831679753
-6.114646789179748e-05,-0.0006741217415736798,-0.0007092995902162601
3.6625048827839323e-05,-0.00039067837183737186,-0.0005448720622160575
1.4502911739615776e-06,6.926987468419408e-05,-0.00012272840695411806
-7.336963802810097e-05,-0.00036063025010109404,-0.0004476566628476179
8.266066657480918e-05,0.00010910306053210314,-6.040459355517139e-05
-2.5650223356058638e-05,-0.0004644447366757802,-0.000541798282577034
8.515143557609283e-05,0.00020706200871926518,0.00013074118729423318
1.6086489258540808e-05,0.0005555235310960757,0.0001331090187249328
0.00016355468615901,0.00026732050591199105,-0.00015868190708035837
2.0065074746466956e-05,8.298394205133767e-05,-0.00023475429091762148
3.793140828105393e-05,-0.00014977215566456625,-0.00038196768354812764
5.754212726445582e-05,0.00015899293474339483,-5.975077219327134e-05
4.36185299818435e-05,-0.0001224444736115357,-0.00033543860630957077
0.00012554352770432586,0.00028653730324467537,3.1915731531730464e-05
1.2490461474447994e-05,-0.00015462832592094458,-0.00045301707388609766
8.69870339235131e-05,-0.0002764527350265924,-0.0004638413245078276
0.00019782732638682902,0.0006747712704172177,0.0005026178146381578
0.0001520002572415973,0.000697324874936063,0.00024388735410032304
2.668160386986504e-05,-0.00039905232402152814,-0.0004266038400312771
0.0001909859628675207,0.00041401617088248396,8.060451121259338e-05
9.731052936460318e-05,8.062217564933484e-05,-1.2290878292014752e-05
0.00010654245833861527,-0.00016145040781016882,-0.00046744841711091674
7.099590677119686e-05,0.0004493017021733859,0.0002435184388783007
2.070651346513494e-05,4.032285256807077e-05,-9.731320380527967e-05
1.3550447973179335e-05,-0.0003650608744020195,-0.0006528621831749144
6.870013703532633e-06,-0.00029818383528560396,-0.000463457206768052
-1.528947638941439e-05,1.0945820688987849e-05,-0.00011449374870709346
2.8591128995113458e-05,-5.7822777673504874e-05,-0.00016468169148012537
0.00020549576055586762,0.0004007464212145991,0.00016246002120614083
0.00015652871850779475,0.00044550328219797786,0.00015032451710728111
-3.503611796131095e-05,-0.0005497947548657171,-0.0006720457973607624
6.170461819143252e-05,-0.0003100995047672642,-0.0005658448633333588
0.0001222723304391784,-0.00023257922402782478,-0.00032948602752842944
5.2007795328985117e-05,-0.0002631570069122678,-0.00033366553625432266
6.117809103010904e-05,4.600119332245334e-05,-0.0001636033019958499
0.00010141509014437026,0.00013913443529581907,-9.248968714843268e-05
6.172030852890834e-05,-0.0003342171591564297,-0.0006144342902610859
0.00013570431273417233,-0.00039114581020684657,-0.00045819532301216617
6.260665634340469e-05,-0.00045728984162371754,-0.0006418593681686152
5.087671070765987e-05,2.0857661176064494e-05,-9.001679208711813e-05
-7.662351984094866e-05,-0.0002617652564359692,-0.0004726038709605376
-9.847205319340332e-05,-5.2442655955944276e-05,-0.0002073417797411336
-1.727538523098638e-05,0.00022196182747931568,9.002207208620232e-05
7.609101613322263e-05,-0.0002699428965547366,-0.0006022410981278408
6.50810597081966e-05,-0.00025968220749367644,-0.00043991219301709296
-1.1919864610003376e-08,-0.0006539475826200665,-0.0006434076139565013
-2.1275955899915634e-05,-0.0003661956912984701,-0.0006383543206629849
-5.415840285023001e-06,-0.0006810990550818776,-0.0008190109162579076
2.1918315301610263e-05,-0.0009005744409026071,-0.000996097386936018
7.134480125154154e-05,0.0011839342253162988,0.000926984428463917
-9.502589458466017e-05,-0.0005273776848292801,-0.0006862944559562913
-0.00010785729067202786,-0.00023837253602548432,-0.0003345499766572234
5.362226249433974e-05,1.707184364250049e-05,-3.736110337552827e-05
9.89171284925848e-06,-0.0008386541739081596,-0.0012178091328573174
7.322447572977471e-05,0.00016786607357302037,1.263164948885008e-05
8.062007955266751e-05,-0.00032346312194713595,-0.0007162968404021597
-4.441821891685346e-05,0.0003364629600863662,0.0002557480356072519
2.5718713470903573e-05,-8.03693146750556e-06,-0.00013098913052271224
4.148609034968519e-05,0.0007461432924747929,0.000649170805659466
-9.647562531844188e-05,2.3503397685083454e-05,-0.00013482712331823308
2.9900429348204472e-05,0.00019573246951898579,5.3987309068044374e-05
4.198897801328008e-05,-0.00023926955423602837,-0.0003736828631710402
-1.4113858654556154e-05,-8.054771245310469e-06,-0.0001932468220243362
5.950291944032291e-05,-0.0006701179463202647,-0.0007572806380465582
6.83901439576105e-05,-0.00036807666005328823,-0.00032178750196274906
0.00010118524735813902,-2.8713367675914272e-05,-0.0002706709389686164
-6.334938777735651e-05,1.8214486863534933e-05,-8.886919288282478e-05
5.5242159695173966e-05,3.408164139139739e-05,-0.00016723825100880608
1.2329984744236753e-05,0.00017641333129364263,-5.240301017750651e-05
8.964014877014409e-05,0.000395163499435032,9.088851479583949e-05
-1.8039935327020338e-05,-0.0003580593178658708,-0.0004247516361110439
-6.2473012180798535e-06,-6.881543765729559e-05,-0.00024452728171369005
0.00010530083324411177,-0.0006555207578820834,-0.0009144222627021544
2.9181414576493934e-05,-0.0004827490327263908,-0.0004587049855894433
8.18876329980347e-05,8.782603166591869e-05,-0.0001635395507491888
-7.458926949434602e-05,-0.0007118044375708456,-0.0009063397726518931
4.9979845616138165e-06,-0.00034048399779362034,-0.0004708737782751841
-2.6234619645824675e-05,-6.423482709470548e-05,-0.0002725143608267026
1.0764924927877636e-05,0.0001337156936539372,2.5854331406586107e-05
0.00012205910337858726,-2.9464303356358955e-06,-0.00025493595756206596
5.7466707534622005e-05,-0.00032550464080575574,-0.00042771332816068713
-4.489372332454691e-05,-0.0009063290927280279,-0.001071787823050331
-3.0490825583315024e-05,3.454679448150748e-05,-0.00018527664763811494
4.238610260068291e-05,0.00031891275378391406,0.00015979357936522266
8.300323133037061e-05,0.0004513491289485809,0.0002186472116806881
6.5849042897276e-05,0.00013735383933182493,-0.0002898518665115583
-1.6836977745513296e-05,-0.00043419252745750006,-0.0005015970981610718
3.3898881095589887e-06,0.00026149625312764423,0.00013586980257727872
5.165277926934118e-05,-0.00012747368043020907,-0.00017185223673515205
-1.930031280604258e-05,-0.00022644119754858675,-0.00033474443776978856
0.00020841955268287917,0.0008453808190176717,0.0005380228428790867
2.8413258737649077e-05,0.00042017468188130635,0.0002663746337177693
-9.866123709318305e-05,-0.0013405078017441918,-0.001316302673965579
3.848873464200534e-05,-0.00022861535676109012,-0.0003201325900514876
0.00012861041466464808,0.00010781276533700586,-0.00013780267088039436
8.427208295599823e-05,8.2087673881134e-05,-0.00023465758203259198
4.643257843671601e-05,-0.0006619408384522661,-0.0007934151624840366
8.798889684676861e-05,-0.00040419160255290116,-0.0006100761116631529
4.81439723622353e-05,-0.0003999124491838948,-0.0005186900610669497
-1.2086870732577341e-05,-0.0005995389824220382,-0.0006886992345437073
2.8229404347490932e-05,-0.0004725731445916619,-0.0005903175953451917
0.00010503193284415501,0.0004539624285910042,0.00024258060742952232
-2.62736738113751e-05,0.0002877697587606971,3.206477391804835e-06
-1.4808534091604708e-06,-0.0006065384230524782,-0.0008280679824726189
7.848385000692762e-05,-0.00017040049297786572,-0.0003156706170537641
-1.0338940594373854e-05,-3.9682921020168176e-05,-0.00016874779874266705
3.367857707756096e-05,0.00039437636368564344,0.00020061854257161156
-2.037774588927169e-05,-5.378497700183123e-05,-7.805132445503427e-05
2.0034697810247714e-05,0.0004519037185271054,0.00033700929884187674
-7.239636134795198e-05,2.737317424603245e-05,-0.0001848465324948327
7.789547480291224e-05,-0.0003654853970385528,-0.0004773414562634656
9.859059649994779e-05,0.00027500689649701416,5.913139356660159e-05
-8.593130352358084e-05,-0.0006637465539850113,-0.0009780726214474083
4.5228446796467873e-05,-0.00019553375571177938,-0.0004251842493212211
9.788070825479835e-06,0.0003847680390016363,0.00019799456477377454
0.00018552942452237627,0.00035998425864332674,-1.4123111086956962e-05
6.815112330853015e-05,-0.00020355562946772587,-0.0003505132929879992
8.692617418407903e-05,-0.00017013409357111885,-0.00047089393216872156
3.202697745331446e-05,-9.204211085084844e-05,-0.00022472826141391362
-0.0001013649795838279,-0.00045915230225822783,-0.0006246243725144657
-0.0001720505817042835,0.000173600921948012,-5.260171305152545e-05
3.7677278620071024e-05,7.45157841829222e-05,-7.768470654785565e-05
7.768453783916251e-05,4.1810309455440556e-05,-0.00017079307742567297
9.202321738529063e-05,8.976359519152786e-05,6.17008385040545e-06
8.202633847304849e-05,-0.0005553022414946904,-0.0008622861283776667
-4.2757000288044366e-05,-0.0005521967108529217,-0.000644848021777356
1.9138191952874906e-05,-0.000340933192973988,-0.0004211469195405805
-4.2694220414815165e-05,-0.00012063602270635617,-0.00020599498360531632
8.470696575525727e-05,9.084663600541937e-05,-0.00017265350458457124
6.408662949274285e-05,5.212538739655222e-05,-0.0001342956883925276
2.5892977649716325e-05,-0.00045207222742967197,-0.0006260913711279646
-5.7128618330248534e-05,9.234139032088918e-05,-0.00019788063942708517
9.226817437946225e-05,7.937036310193054e-05,-0.00016419112908619475
0.00011216060959327685,0.0003897940110228602,0.00021846143606115247
0.00021700202775809283,-0.00035584287976607703,-0.0005463803581063731
0.00012288372393788084,0.00039341068818265384,1.5823859743908973e-05
9.721439271816393e-05,-0.00010177844433436223,-0.0002824707571923743
5.397438943215786e-05,0.0003799210941329258,0.00021417355160892104
3.766352606793865e-05,5.163510429101356e-05,-0.00024447170045011383
7.435644810515065e-05,0.00024575849054380935,7.016994835824095e-05
0.00014647672060802498,0.0003571878391397562,8.045875528849553e-05
-6.361852323008227e-05,-0.0005718511705498769,-0.0006182553385647611
-6.919768859671342e-05,-0.0003314240871145749,-0.00046213770341144015
8.868588919128725e-06,0.0003894652176696798,0.00021660914390214594
0.00010469959547209349,3.126655145051246e-05,-0.0003748695835144554
5.434453780569373e-05,-0.000309628805325475,-0.0004653330602411729
9.427821764889754e-07,-9.115432497317232e-05,-0.00044956452807158994
1.105751334340202e-05,-0.0002584767296877386,-0.000446715455830247
1.1661087350987848e-05,-0.0003817893384135963,-0.0006127576102340057
2.1377021049317802e-05,-0.0008898154900012148,-0.0009987248589965825
7.571073250216826e-05,-4.437178035009509e-05,-0.00013986772585752261
5.3388161634096947e-05,-0.0003528199527170731,-0.0006449974941840767
0.00010532690398434394,0.000491900079368757,0.0002900115742612787
-1.8761936021923902e-05,0.0001666064775737777,-0.0002618213036167292
0.00010395847822927082,-0.00022881474317287074,-0.0003263682423471151
5.727250543582701e-05,8.640788270951238e-05,-3.9665675628918135e-05
0.00014086138225895715,0.0004664876526720009,0.000122911430107707
1.7984076148612558e-05,-0.0006962890269510434,-0.0007919032017286564
0.0001199069848607928,6.105495592808655e-05,-0.0002247376922605429
5.874260250328026e-05,0.00045900087385002033,0.00015952073506065383
1.6481578030863646e-05,8.698241530787277e-05,-4.3254158083638413e-05
7.431977975829346e-05,-0.0006056674343669446,-0.0009369071119337478
4.1680282366420116e-05,0.00027760188069693507,-0.00011138440200366453
8.387772021279185e-05,0.0004791943442523863,0.00021862026353360552
6.493826981737247e-05,0.0005156700983567173,0.0002810598843751089
1.9090685309356933e-05,-0.00016859523307114383,-0.0003245691215011278
7.658687025320708e-05,-0.00015292710145812545,-0.0004973558604753065
4.5827882102952145e-05,0.00016302159740212496,-0.000122762845866655
1.2708204286722115e-05,-0.0001587062793020512,-0.0002503147718955633
-4.187353749049308e-05,0.0002756586453101529,8.390672382348907e-05
7.089137375739305e-05,-0.00018634049144040292,-0.00028694096527394244
0.00015860080330248275,0.0007067628831376438,0.0005443440411585518
-6.071745067323244e-05,-0.0003316559966816217,-0.0005364223369237167
7.750753356311618e-06,0.000511002494188871,0.0003085508111895629
-2.4709715662006283e-05,-0.00032434051950192173,-0.0003908632202929746
0.0001244886225925705,-0.0002465261649400505,-0.000493195079105268
-1.8960546090146594e-05,-9.776964134333931e-05,-0.00017848144693387703
3.657723558776559e-05,-0.0003059274906955498,-0.0006303069483749105
8.984992955239781e-06,0.00015306094648356286,-8.563480847376354e-06
-8.511504518922685e-05,-0.000975813047343394,-0.0010411138873740514
8.739017786623993e-06,0.0004955601026979365,0.0002730286577257837
9.452622209145338e-05,-0.00033994280252926974,-0.0005652598628129934
0.000140760206137045,0.00036189356025189475,0.00022002020406316532
3.548528928009588e-05,1.7342953583700824e-05,-0.00014195429111837134
0.00019046392562479137,-0.00012974014375877283,-0.00022063045032778259
0.00015466234968696874,0.0005425934628394895,0.0003970539487117994
0.00012051429813830699,-0.00029784467091805084,-0.0004989001886465242
-7.232640752760503e-07,0.00024011971433726906,-1.3262883574225636e-05
9.009749622515301e-06,0.00047583975706416346,0.0002959549996388303
0.0001233178733528891,0.00017740296179041674,-2.0769683938211286e-05
-2.4418273992557926e-05,-6.99937639484286e-05,-0.00020422870428257677
0.00010585142961305077,-0.0005227814720286313,-0.0006530260353440962
2.07544134439323e-05,0.0001496050256795127,4.836598333241929e-05
7.168139205581168e-05,8.07899779286875e-05,-7.313273606128444e-05
-2.5269986610038206e-05,0.0002699963744045587,0.0001505533604431315
0.00019946295549793945,0.00011498964461558123,9.936164374941712e-07
2.6641034874877188e-05,-0.0002685422286133061,-0.0004179678846750982
0.00017640552763882556,0.0001922939713465272,-0.0001888594524281682
4.590849277563084e-05,-0.00013071181748259506,-0.00030821567866969794
-0.00010012711466886274,-0.00022898992355243036,-0.00030991614740829367
0.00017946447946804505,-0.0008008855240711947,-0.0011268277818188086
3.8506879111953955e-05,0.00014490001482420276,-2.3283835287315457e-05
6.406008376870986e-05,-0.00039211488288602085,-0.0005616180517289054
0.00010569428360389079,-0.0002529695409475378,-0.0004410641217578892
-4.726016277516724e-06,-0.00036234827066983796,-0.000668745797246337
0.00015926672725747907,0.0004023647723900973,0.0002578463619721746
0.00014825343437735572,0.00032108256424985283,0.00014608362535860992
3.076386912876619e-05,0.000409866662637541,0.00012509935480995663
0.00014899398060227916,4.3539836266168094e-05,-0.00010071209863959493
1.3300476323271649e-05,-0.0006980478394521383,-0.0008303173148010332
3.774551744665318e-06,-0.0003779423696238073,-0.0005571848963221435
0.00019181915813629375,0.0003201961068226316,0.0001969139301790402
4.929503390910451e-06,-7.45888422531895e-05,-0.0002342143984957847
0.0001453776306298338,-0.00023043312397837975,-0.00045862389636535435
1.0206654032028056e-05,3.29649327264362e-05,-4.422315093995048e-05
4.0240994916442656e-05,-2.703735821779995e-05,-0.00023298300166118893
5.427534779473105e-05,8.239667279642448e-05,-3.491739655723379e-05
0.00014449390861192982,0.0005324901388647324,0.000283967205892889
-1.5315295113782083e-05,-0.0005321074449371148,-0.0006008711917978877
2.1915526362433372e-05,0.0003079708585678534,0.00013104345192642327
5.971566180315848e-06,-2.012763053389046e-05,-7.086323998036528e-05
3.570045547559886e-05,0.0004054026406211988,0.0002906061524681343
3.084797287503479e-05,-0.0002628243911477488,-0.0003465448801375535
0.00011402899291408094,0.0002158586678208488,7.356658986250509e-05
-7.512732561275196e-06,-6.469932770473364e-05,-0.000246326021556212
5.3562874743332076e-05,-0.00019996428903197615,-0.000409432519791927
-5.758148331877158e-05,-0.00023562202937772663,-0.000388411446235262
-3.258412499406906e-05,-6.95808482111177e-05,-0.0002998820302651418
-3.370289912920686e-05,0.0002446995421104712,3.412895726773938e-05
0.00014644854801023054,-0.0002712357571518014,-0.0004581362235996668
-0.00011955404661909635,-0.0009870415354425424,-0.001177758677154721
7.59887133286734e-05,-4.2559620439540493e-05,-0.00015297227125709816
-4.8104760563429794e-05,-0.0004628598273219689,-0.0005166622734231785
-3.106511196933315e-05,4.800735181201987e-05,-0.0002483119878381128
-0.00010078714242450036,-0.00045479020108270306,-0.0005696404737956046
6.574691161744233e-06,-0.0005046650215585594,-0.0008096055787570477
-4.4089425282628074e-05,-0.0009407037989298513,-0.0011057992227889771
2.1938715307243375e-05,0.0010673901394401308,0.000795811035471481
5.758436120589574e-05,4.080391040436573e-05,-0.0002859603192797648
0.0001777488362565231,0.0002280475739283752,0.0001254395591043112
6.30789751193061e-05,0.0006390011359081819,0.0004235261421491173
1.7622206906909427e-06,0.00018163859354488674,5.459645094991512e-05
8.492571836453449e-05,-0.000165041614978453,-0.0003375410727814961
9.713588888024633e-05,0.0006179443490011259,0.0004149923734788117
1.2179618798341865e-05,0.0005597751135231818,0.0004385941040361988
-9.225372922155173e-06,-0.00029792866856950703,-0.0003694809810099864
6.134232170073832e-05,-0.00040396972636285176,-0.000619004107186312
9.340524736730342e-05,-3.8829514666509e-05,-0.0002155990789328688
3.405892564793256e-05,-0.0005281350429844822,-0.000596069056183882
9.254211581688208e-05,-0.0006747178815537584,-0.0010624668880743796
-0.0001246123124768678,-0.000549200319609046,-0.0006737949797339503
0.00010350279149901932,0.0003333439824278569,0.00017583237490673012
-3.194883975386455e-05,-0.00040110992224614346,-0.00046539874848392307
0.00013058494860309982,-0.0003807358761730628,-0.0005224487920371853
0.00010160709443063392,-0.00032668721615238515,-0.0003479667923362723
0.00013829065442549338,0.0006010256255200023,0.0003606068585282116
7.941548357774027e-05,0.00023627336850740052,0.00015016949941047512
-3.289112396343887e-05,-0.00026096496917784706,-0.00028682511961307877
0.00010149820450536568,0.00043822855520496965,0.00028227195895938614
4.115019769259428e-06,0.00014766741328337126,-1.2829798680642003e-05
0.00012414104244216624,0.00047497874814920234,0.00018897275373262122
9.657148861723559e-07,0.00013986947207490668,1.965826918402664e-05
-2.1453120383725042e-05,-0.00041175153202703725,-0.0005591392073694189
3.990486644468269e-05,-0.0006967794001910355,-0.0008069748564076407
6.212966458578174e-05,-0.00035386785819044536,-0.0005194483334030927
5.1400054017246895e-06,-0.0005880139791156293,-0.0006299863759046732
-8.331441106063634e-06,-1.7585052450229437e-05,-0.00025218793204532033
-7.865908174960876e-05,-0.0007264166061888849,-0.0008720898373095456
0.00014017965691363413,2.0159214777378507e-05,-8.051137151334747e-05
0.0001226812001172176,0.0005221717897837608,0.00023155378287743878
-0.00011585382186984273,-0.0004480715797668578,-0.0007983863145647702
7.675306407414383e-05,-0.0001235274947576631,-0.00020498748615993092
-6.257113458131934e-05,-0.00034959667279625456,-0.0003508205305609162
-2.282541789793216e-05,-0.0002722759237856145,-0.0004278508025433353
9.347616660804439e-05,-0.0004043435743072887,-0.000654103369582761
9.466424738232123e-05,-0.00019528495309929252,-0.0004772604232020518
-5.6775532264543676e-05,-0.00076874025520501,-0.0007627996188487213
0.00015277808679649022,-0.0002884292746064723,-0.0006150588809792454
7.087212716752286e-05,-0.00014260446398982633,-0.0004643412292747893
5.582365202733047e-05,-0.00028207800737093807,-0.0002982387478562842
-2.0629345008396752e-05,-0.0008757812956146525,-0.0010082384085118002
0.00012132330699393638,-0.0003173839118582498,-0.00037869109404667595
0.00017965405944811701,0.0005913762662537636,0.00020400957304669647
-2.7604584416702723e-05,0.00017652608303813635,1.0083772267569261e-06
0.0001991642208679802,0.0004470697618318461,0.000318445135447885
0.00011179142109439999,9.653670286990097e-05,-0.0001894671771141424
4.57248092868862e-06,1.660849293041494e-05,-0.00020393976944235563
-3.634464307438818e-05,-0.0005011983487713427,-0.0006377573307387678
-9.400214465586198e-06,-5.0865496130729444e-05,-0.00017628491372557206
-1.761240340903436e-05,-0.0001712334148858027,-0.00030671134445012477
5.652935181885008e-06,-0.00047160154624000276,-0.0006330020472368346
4.62690834233023e-05,-0.0004262997576159357,-0.0006098084194288744
-8.946981017881239e-05,-0.00034671600882850396,-0.00040909048596467614
0.0001745350555821663,0.00038831065626803227,0.00014995456208743378
0.00010028032506436598,-0.00028007867069588654,-0.0006176912471505848
0.00015264041368363667,0.0005294850117538495,0.0002863082108655366
6.536850069310495e-05,0.00027242585196031964,6.489757704084955e-05
-6.234078334069147e-05,-0.000593220759870712,-0.0006477791717876207
2.0203247442674446e-05,0.0001306589094743144,3.882727297390987e-06
-2.3272905672194917e-05,6.265532754292264e-05,-5.207144008644398e-05
8.011529327393861e-05,0.0002511998313637645,9.00097440415497e-05
5.552666910896634e-05,8.89454320741059e-05,-0.00011249979384668176
8.769965625337337e-05,0.000353850993670853,0.00021788320000362164
4.543190801108922e-06,-0.0001372383461988666,-0.00022336391699309286
2.5862418557600882e-05,-0.0005314312053369922,-0.0008065574639848196
6.345571731143296e-05,-9.75153549456027e-05,-0.0003803240288515549
7.059147289326414e-05,0.0002726374701515437,8.037844919114834e-05
7.702862660108446e-05,-2.015337938891164e-05,-0.0001591836563266273
0.00016901426146128455,4.103800230478418e-05,-0.00019684107136196032
0.00011100886974801546,4.3995384525025334e-05,-6.276463676139369e-05
-1.787518392567543e-05,-0.00023554379837290132,-0.0005015696342506528
-5.785826911626164e-05,-0.0002133712972878816,-0.0002938478786667871
-3.3199660230043385e-05,-0.0003586756621176164,-0.000584398795861232
9.875751265750926e-06,0.0001449625508041192,-2.9333400522713748e-05
0.00010491967736256657,-0.0005792248307080379,-0.0007652505619990269
1.1740068811036506e-05,0.00011840959399417371,-1.9182176756102532e-05
0.00016820829515841348,0.0005793499745237624,0.0002776355019786386
7.616336422529676e-05,0.00043063501172230386,0.0003323149516974071
-2.7245342707228983e-05,0.0003925806140112353,0.00014056940228797336
0.00012391036457734815,0.0004532058898287073,0.00021861405990039365
0.00011163767038114211,0.0007724248171534642,0.0005723230801263242
-4.827908326434597e-05,-0.0002934325384155672,-0.0005447949023759465
-6.143645923112616e-06,-0.0003739390462654425,-0.0005353924126865269
2.3216593355359234e-05,-0.00012292098027194675,-0.00028532764521002434
5.484505920003179e-05,-0.0006210003388063599,-0.0008167331281557274
0.00013341811597432232,0.0011473654168666567,0.000881947703610563
0.0001433847463424176,-0.0006631795582412805,-0.0008093896869151321
-3.3009608542213496e-05,-0.0003549350577720826,-0.0005389810715489744
5.963055369021924e-05,0.0004846244821469006,0.0003523114416642793
-1.825133971067509e-05,-0.00042726285259004737,-0.0005472102993814897
0.0001268566389488406,0.0007306563664378752,0.0005424362339580766
1.6178914379710925e-05,0.0002117709691354461,4.2722461393050314e-05
7.976868116952915e-05,-0.0003059697071726357,-0.00042550768101945994
5.9772970249352605e-05,-0.0008499686099242274,-0.0010413781183567215
-4.6346559900569e-05,-0.0007020704189298762,-0.0007230633911501276
7.280313167814135e-05,-0.00024888303075653586,-0.000353965108194941
3.228941830644313e-05,0.0008383149700451648,0.0005582227224812178
0.000125199093753179,-0.0008672666386003047,-0.0010505443898277285
6.258954616821004e-05,0.0005438169975422279,0.0003484869772327877
5.260996623361681e-05,0.00012440147838485533,-0.0001189840253309188
8.64954576156915e-05,2.5195409761225105e-05,-0.0002996567107142646
-3.111554079433351e-05,-0.0008461269011836915,-0.0009222452811425794
0.00012297446765128367,-0.00015688483086676784,-0.00029795850726470113
8.548709354033032e-05,-1.1029326772411937e-05,-0.0001634311447493579
-0.0001240157304960362,-0.0011936230426897916,-0.0012379932950913396
-5.928408112629356e-05,-0.0005968758459900478,-0.0007513257633133534
-4.459321517062448e-05,-0.00037408785713016014,-0.0004992391332104895
0.00010069926490594064,-2.0361252381060756e-05,-0.00012890937526436182
5.47334719492612e-05,0.0005805876120349945,0.00040637708554984973
4.0911357381873175e-05,0.00023799564446904992,6.865004107906757e-05
5.112779017585961e-05,0.00011217873108536257,7.69570639597447e-06
4.100329952378026e-05,0.0007516870939150772,0.0005997962646599781
-1.0697941518463531e-05,-0.00016678169472625966,-0.00033748593420635995
-4.5197985834817975e-05,-7.95824168092319e-05,-0.00016018096989454467
6.041942080441717e-05,-0.00034951553970661436,-0.0005628444058968634
2.433479858516855e-05,0.0006440039751017646,0.0003510733592307511
-9.535652615604958e-05,0.000316023290588926,8.598480664588572e-05
-0.0001218527308015184,-0.001173102853992403,-0.0013704149651652736
4.425962092478359e-05,-0.0002886894866349347,-0.0004332182832097037
8.724394675739726e-05,-0.00014805416155492068,-0.0003183157621227989
2.7951243513402494e-05,8.702228103292346e-05,-8.763256579572375e-05
-3.3353259709838017e-06,-5.4454105820783076e-05,-0.0002905603670040786
3.840490083349456e-05,0.00015193450507719112,7.693027303519142e-05
0.00010515818429926178,0.0005665864092581999,0.00035573660738235616
7.810145233105283e-05,-6.204604351584979e-05,-0.00015388464918704483
-1.041313015210323e-05,-0.0006658838553237333,-0.0008737620935101075
-5.2372090864733075e-05,-0.0008147894670897626,-0.0009598191398838018
-4.33891705357147e-05,-0.0005039947637539798,-0.000510188908855772
-9.331408503388962e-05,-3.873595165024445e-05,-0.00018559546880778086
-1.7387676876098534e-05,-2.4410134555550355e-05,-5.824368479705602e-05
8.067300690027323e-05,0.00021951905906445588,-5.562924179557344e-07
-2.4015149618567867e-05,-0.00039145748005322656,-0.0005389978936279684
0.0001141648217398445,0.00037282982804156585,0.00017304878206017926
7.600623413361907e-05,0.00044382613423479497,0.00021174141372792897
0.00012714916844449917,0.00022349303762007056,0.000106583323021667
9.202870336265284e-05,0.00027258211346257804,0.00014680383281322578
-4.45209485078597e-05,-0.0005453653377594464,-0.0006440302332816597
4.535187278423603e-05,0.00019856765843959638,-4.966500044199359e-05
4.370719891467559e-05,-0.00034954011327139505,-0.00046895139440739
9.874042221272699e-05,-0.0005821142973732072,-0.0007825602245540445
-3.855694174476239e-05,-0.0001359283716464625,-0.000306497008381934
9.339090245280998e-05,5.755352634441934e-05,-7.337872411703348e-05
0.00012928999241409018,0.00047873540818170533,0.00031737823075341637
6.526123957281043e-06,-0.0010161648073120815,-0.0009480228159151487
3.01667446332998e-05,0.00027438173644452025,0.00017875822647884967
5.4727463402010876e-05,0.0008434805806945766,0.0006418264929253321
9.650916930885485e-05,0.0005736581677469687,0.00022009858584570334
-3.5996057919741485e-05,-0.0005976385892058129,-0.0006701494864057829
3.519938774355696e-05,0.0006236255706718316,0.0004296050683758068
4.3144252109922896e-05,-3.2637757801851997e-05,-0.000166411754647691
-1.2047998008060255e-08,-9.280316159813803e-05,-0.00020288514254873045
1.920182737941663e-05,-0.00017726734004007004,-0.00040542436978546856
6.640552667508962e-05,-0.00022327528642848894,-0.0003249485743630983
-3.806093350421861e-05,-0.0010917801620362463,-0.0012308050851143847
-1.4617659630115557e-05,0.00027649487967151744,0.00014697306232595167
-3.547772500829235e-05,-0.00045095467101106154,-0.0005271061151061487
9.143488841473579e-05,0.00020083192563755099,-3.608991819484833e-05
6.800722033628554e-06,-0.0004886089983449215,-0.0005786357052168484
1.7896634923553315e-05,-7.587964051021141e-05,-0.00025965115446182957
0.00018152438822517506,-0.000687306616323837,-0.0008508447496447172
7.598562071250975e-05,0.0003949007162716644,0.0002667609929405039
9.118908543963457e-05,-0.00022629143652044289,-0.00042152128747958225
5.735760308039594e-05,-0.0007146674428386517,-0.0008450766198693104
9.065844337942779e-05,0.00029376999667368183,0.000205864476372301
0.00012787762725415713,0.000457564040639691,0.0002484931979355132
3.7779240263684455e-05,-2.7290025035381393e-05,-0.0003379924864837134
2.479877174408219e-05,6.78545666685075e-05,-0.00019147441620208266
9.109074994707842e-05,0.00014258116232852505,5.075760622271076e-05
0.0001265579747218185,-0.00019245863483812866,-0.0004590177225724586
0.0001271821693313505,0.00046252216316515894,0.0001246615030220145
6.8416362306013224e-06,-0.00035663400193073627,-0.0003820348856725861
-3.626045127704168e-05,-0.00018105418144173056,-0.000387219471134615
0.00013091620453057048,0.00023701099882357464,7.581076094997867e-05
8.745272172119048e-05,0.00020348408548010323,-6.914850361478945e-05
9.05019320004624e-05,0.00019013166479194,-1.769834830719101e-05
4.999793812750079e-05,-0.0006586020159163881,-0.0007374510691718524
1.8932733133244665e-05,-0.0010539146976201084,-0.0011940406330474215
-5.0820144466790044e-05,0.00017477714431215756,4.248085266924401e-05
1.3916305128735125e-05,-0.00012779406460900288,-0.00037633538219653326
0.00010271689740465366,0.0004339623464853791,0.00024231002587797603
3.200369167780207e-05,-0.0008399487631982102,-0.0009738690629840418
0.00017390028657960634,0.00025207420338625144,6.11274071012417e-05
4.770899771342754e-05,0.0005452159148256946,0.00034771961416958923
7.050806067559177e-05,8.76996033650122e-05,-0.00016721988457344084
3.783267956865425e-05,0.00016591885490488452,-8.771082668320717e-05
-1.7665079644660727e-05,0.00031996379748851103,0.00013425241628019186
7.050022052508164e-05,0.0003681866735904457,0.00022330104130712555
-2.4356828895760198e-05,-0.0009869490101460422,-0.001154271694126663
4.778893648570349e-05,4.5062848388191333e-05,-2.785577942269786e-05
4.417748267304873e-05,-0.0003384739172521369,-0.00057717369876884
-5.4227190929654595e-05,9.765139030740966e-05,2.530110283895592e-05
1.4266857158328665e-05,0.00018647043161673098,-1.1722586200387799e-05
6.947604450145375e-05,7.50179638768597e-05,-0.00012275834699178323
2.8884677195672493e-06,0.00031693759451983293,0.0001258564636552061
-1.6265802025296525e-05,0.00055021007943228,0.0003352974886875066
4.9571607734627126e-05,-7.290323169639444e-05,-0.00031186731228549484
4.3016750718221226e-05,-0.00011684116302994056,-0.0002864029976387153
6.36508305900934e-05,0.00027119474508243975,-7.299150763950422e-06
7.083213409419864e-05,0.00040441385061347154,7.990855608536727e-05
6.373993604622615e-05,0.0004041421938708482,0.000132801626325673
5.323972246474299e-05,-8.727964788558112e-07,-0.0002647766310650189
2.0819413978933644e-08,-0.0006506940133662368,-0.0007045512275047365
0.00010837920237974732,0.00017167110412727026,-7.541594683137845e-06
0.00018022291074687902,-0.0007248321017736851,-0.0009078455622125633
0.00016009803574805833,8.126788959785387e-05,-0.00010708587051693564
-2.1973349705477386e-05,0.00014515342928268676,-2.1231754012784664e-05
4.30845019370133e-05,-0.00012598749124595902,-0.00025982479022043436
3.35066823725175e-05,-0.0006367671561510299,-0.00070640168119879
7.160097413342942e-05,-0.0003577366532476562,-0.0004742470317133199
-6.814659334613716e-05,-0.000922079026799451,-0.0011747250183895665
2.4768905692448194e-05,2.3629209436166787e-05,-0.0001361605458644455
0.00010403050122786815,-0.0006305325401928805,-0.0008289957608959464
6.386474968237332e-05,0.0008420467126758008,0.0005851973087921743
-2.3530872277144964e-05,-2.1370764389282523e-05,-0.00016758196707214207
-4.5909966587353164e-05,-0.00030398914925329555,-0.00047932593773141764
-5.430108320486298e-05,-0.0002539678411042855,-0.0003386764648728805
8.017661288019028e-06,-0.00041629052320151004,-0.0004117405567475524
6.557501707865431e-05,-0.0004503607866944247,-0.0008594174018200833
-4.7541963471355877e-07,0.00025895479353606356,0.00015820397775827586
5.6425747209096926e-05,-0.00044322710034379797,-0.0005993386943581713
3.09087219106236e-05,-3.486942743305695e-05,-0.0003273230743901283
0.00018085210978830603,-3.112259459898083e-05,-0.00040603438099901673
5.576986608299905e-05,-0.0002979771773890705,-0.0004315776089092311
9.82187121012959e-05,0.0003311391724016416,-3.7068920231694846e-05
2.3001656968227682e-05,0.00017536920987839847,-1.8362840527519993e-05
9.448511045999217e-05,0.00019128004689622039,1.527136476186974e-05
6.998496835897676e-06,-5.677560638183947e-05,-0.00018181014395029355
5.3588108452401115e-05,0.0003032018014582686,0.00016856045126286141
8.658978339583644e-05,-0.00023362507986877918,-0.0004825915295524328
0.0001240160067303492,0.0004194231913291171,8.784979015041352e-05
6.371935755977514e-05,-8.567956812078283e-05,-0.0002156496135342329
-5.189896120090699e-05,-0.001043044879393332,-0.0012176722146193656
3.681606448902909e-05,-0.0002785121048578475,-0.000373660222493291
1.6934857523661587e-06,0.00012866007883336142,-5.1863432967334594e-05
0.00020276288806637073,0.00039720093390368367,9.56629975504052e-05
0.0002524907354487954,0.00017852226980322183,-0.0001968974313081535
-5.60582243185493e-06,-0.00035835667943744955,-0.0004440734953579356
0.00015884557931665407,0.00031674060545087057,0.00013742871937767387
1.393514532808959e-05,0.00018219099445546344,4.4708415086864585e-05
5.543315383000125e-05,-0.0006833208299755313,-0.0008758111886170611
0.00017840451659824626,0.0005180118163490792,0.000256532240714515
-3.4418547487706586e-05,-0.0002936008004611007,-0.000364968736955346
-7.463597581866294e-05,-0.0003492541418995442,-0.000530061049802589
3.7293781731571006e-05,-0.0007200309396504848,-0.000842581748112953
6.779271141349794e-06,-0.0004698093341830344,-0.0006032460850302115
0.00014107451480769437,-1.3649196600514071e-05,-0.00019988993274673765
2.1152188359238963e-05,-0.00010427287604313791,-0.00019440698636477512
0.00012346747084884932,-0.00013425585789046316,-0.0002800388440685569
8.598646223648002e-05,0.00014751605132607936,-0.00022005690589218402
0.00015871604476819118,0.0004931279986223726,0.00011745594133841215
-7.889836955735855e-06,-0.0005796628409939269,-0.0007136689208867327
0.00012113995751001871,0.00040519275911012466,0.00012874112981457926
-0.0001281403614379534,-0.00132475435185997,-0.0014000742502217039
7.548021622929508e-05,0.00019385168051140234,-0.00019830490159772546
-4.7923877100210924e-05,0.00016377762107866415,-1.4561657530734625e-05
-2.5714637502322123e-05,-5.708302855403436e-05,-0.00021976136604021746
5.705960304046759e-05,5.240160682381764e-05,-8.445594893204768e-05
7.683395245880863e-05,-0.00012351500513754836,-0.00023133768595788316
3.193932460363188e-05,-0.00026172402074665127,-0.0005110354293009041
9.792013276833323e-05,0.0007794761695565485,0.0005255883857056452
4.363605524009153e-05,-0.0002428028980592645,-0.0004009395613047966
2.63084885325921e-05,3.802010025452524e-05,-0.0001570129476284786
4.578764596886622e-05,-0.0002671919257058663,-0.00034816659068440353
2.5144349984460523e-05,-0.00027364848687998916,-0.0003607943293916303
0.00018091570388476655,-0.00013944961373980945,-0.00023490879576582745
4.299513787818111e-05,9.667048900215751e-05,3.6617098327303323e-06
0.00014232905918377064,-9.070940960411564e-05,-0.0002748806637238634
-8.75684586892301e-06,0.00036004896157823877,0.0002474039661098863
-3.0163847809404538e-05,-0.0009392553544677996,-0.0009748774236179662
0.0001191273413524193,-0.00012796649648598194,-0.00037138161183667556
0.00013637455281981673,-0.0002017080257791325,-0.00024124811446234548
2.3965555429211798e-05,-0.0001627766591765855,-0.000269777924120059
2.43956268271582e-05,8.160516414651263e-05,8.872847807710977e-06
2.8571404945513558e-05,-0.0003471092344631782,-0.00042420568306819617
-4.18321153218085e-05,-0.00018666394765133688,-0.0004354043765141653
7.568263630542484e-05,-0.00012571122272599336,-0.0003650959473802123
4.951684727385721e-05,0.00028343934315950767,0.0002221340212419768
-5.360434265580993e-05,-0.0003805043936717728,-0.0005711076812836569
4.274737162741188e-06,0.0001811789642585448,1.2044465587844302e-05
2.7532074573494386e-05,-2.7126279977225076e-05,-0.00018624616962385467
-1.196529552823975e-06,-0.0008342399748942031,-0.0011062504561062394
9.063446241887012e-05,0.00039949345936472183,0.0002066312616101017
5.0405727226266e-05,-0.0009940109994539502,-0.001204769866287156
7.15717829708429e-05,-8.16665103433689e-06,-0.00012784516228510324
-4.641449547045028e-05,-0.0008694904356631521,-0.0010088055605797838
-1.2202865451051728e-05,-0.0005597809740120198,-0.0007197809067977492
-2.186869424696466e-05,0.00023229583162516444,-2.034234311894736e-05
-8.38669604209287e-06,-0.0003217786961334951,-0.0004912981167673207
9.587167960811886e-06,9.609937264463343e-05,-3.658463326911346e-05
3.486356014443886e-05,5.345940923698838e-05,-0.0001126797383872014
3.823267670207698e-05,-4.421331577870683e-05,-0.00018390793521324894
5.8143291183649975e-05,0.0002579229547642253,5.3781538919031694e-05
-8.265690370701839e-06,0.0004266102636244725,0.00025379557822502506
-3.855873682016614e-05,-0.0007772032319997911,-0.0009095023200386491
0.0001890349228185615,-0.0003885741182135681,-0.00047161765247997534
2.8346521262890303e-05,-0.0003834210396813627,-0.000573871474769528
2.0128346893613343e-05,-0.0006444492643631641,-0.0006824083603954704
-8.135115805980517e-05,-0.00016898361530586138,-0.0002731584263314749
-8.251267741653538e-05,-0.0004742927845194124,-0.0004936281491202818
0.00017943877716415437,6.269453281561012e-05,-9.585259496954992e-05
0.0001163110400179748,0.0009854210209904568,0.0008093017759550965
-6.244960408450251e-05,-0.0007097710936695996,-0.0006759005226864831
-8.461097238791462e-05,-0.0004354565116381157,-0.0005629824721442589
-4.449637806432715e-05,-0.0005737866381339088,-0.0006963301216593281
6.66215049555595e-05,-0.0002111372160743861,-0.00040568892683347235
-2.9324072205202184e-05,-0.0001845834393432034,-0.0002350783754349011
7.360400448772365e-05,0.00012217409161287244,-7.741093919935049e-05
5.7657985435561704e-05,-0.00033895210236902553,-0.0005784580313942446
0.00014911054933075286,0.00015652098761008627,3.743027095794243e-05
4.70233346869112e-06,0.00038915087277153674,0.00019129294846788442
5.7729526125184044e-05,-0.0007106845570629676,-0.00081916101975563
-6.514291649471448e-05,-0.0008517547973671294,-0.0009763641833220527
-2.9704288646049363e-05,-0.0004111605268029939,-0.0006516187632892573
0.00017960224729726373,-0.00010803424067098381,-0.0002581946268077381
-1.4636215584372348e-05,-0.00029896828500220645,-0.0004554045622742435
8.693595051293389e-06,-0.0002476733793654691,-0.0003570292602379689
-7.927155587968124e-05,-0.0010224822656764358,-0.0010614445168675337
0.0001082045760033027,0.0001618294829898031,4.631475644637814e-05
6.464827524538209e-05,2.522733676025207e-05,-0.00015433376725198445
6.578406521268945e-05,0.00014326739653309128,1.8519951188550887e-05
0.0001717686970274926,0.0006007914554200759,0.00019594917705258218
9.205684872777559e-05,-0.0006355007502653891,-0.0006503426736867875
-1.8980985799268128e-05,0.000384173910624948,0.0002777537903082877
5.482801801032293e-06,-0.0002309309557139577,-0.0003500899457148616
5.659166595802396e-05,-7.40256807950414e-05,-0.00029957457620201426
0.00010941648402436417,-0.000817045917001749,-0.0010648894802758946
-1.9808811441239245e-05,-0.00010314895656759527,-0.00023259662157215207
1.0690203788646298e-05,-0.0001508698523241862,-0.000286942946964068
2.5738322976509554e-05,-0.00033430746215480677,-0.00046584165782308614
-1.8725245280411007e-05,-0.000771327976247329,-0.0007889444282433739
5.9299975615910856e-05,-9.553667999140678e-05,-0.00019013239613855718
-1.3775949005790126e-05,-9.608896049441041e-05,-0.00010068486319843721
9.091964335319528e-05,-0.0005144730853826287,-0.0006035051407257427
4.2982724479767074e-05,-0.0006159472547611126,-0.0006973917521027815
0.00013540264281739625,0.0005800032548786549,0.00019699434025554933
-2.9805608721686925e-05,-0.0009212743467777651,-0.0009012477739224641
-1.999170806506057e-05,-0.00011805749961807404,-0.0002528367094385048
-0.00010673151189797954,-0.0012617785678117116,-0.0012581392778844415
0.000180922691085815,0.00026361173423879245,7.279454548429449e-05
9.216716931979393e-05,0.000402644034141126,0.00030948250634686594
9.318618655736102e-05,-6.579039822896869e-05,-0.00018934496335825578
-4.743920283994245e-05,-3.114687052000751e-05,-0.00016348223959092607
0.00010841190254944484,0.0003990636682839042,0.00017810378019854364
3.420027332050329e-05,-0.00017990387870951382,-0.00029038431056511695
2.2354842653644395e-05,-0.00010665475030575267,-0.0001654156390778445
-4.172419514817863e-06,-0.0001684343558573217,-0.00026712785257463034
-5.827614232317668e-05,-7.1704733027528125e-06,-8.943253041932533e-05
0.00015103339508460632,-9.127162588070498e-06,-0.00020637268273897212
6.335219147992691e-05,-0.0007707067688267672,-0.0009033093204556761
0.00010319855034096269,0.0006735194730345246,0.0004894358313045584
0.00010628218557466354,0.00017690571255450985,-7.484106269090891e-05
3.635138032525255e-05,1.1544639303793684e-05,-9.491096012444795e-05
-7.403863311749207e-05,-0.00021857025123239328,-0.0004135916356384792
0.00012132868341356497,0.00034835246846374557,-1.1174221575495445e-05
5.898875396679587e-05,-0.0002186377570691734,-0.00038251120768203735
1.892896508308298e-05,0.00015626352616704387,8.656925798934907e-05
0.0001313830947990478,0.00026347695934988833,-0.00010065885208735407
0.00010822128673424294,0.0006759433098548383,0.000456710092151629
3.711441647189671e-05,0.00035121653588348505,0.0002508613261512192
-6.107492860860894e-05,-0.0003296857965372292,-0.00043025806011190936
0.00022085976973649647,0.0005973679077569154,0.0003028779178399773
0.00022841419252253554,-0.00021994201371479223,-0.0002962469474587275
8.569153156750085e-05,0.00024845296598666514,1.803367957377313e-05
5.825863641736225e-05,-0.0004266081632361477,-0.0005167450367628218
7.557000390051523e-05,-0.0004664335165830001,-0.0006468411335930436
-4.8536426892052616e-05,-0.0004589125298514928,-0.0006104661567846093
-4.0087258023303526e-05,-0.00031618255575924454,-0.0003450835295276799
0.00019618221494234565,0.0006061661894188036,0.00048152402900993133
3.415989495124768e-05,6.833774072802658e-05,-7.676654569523903e-05
3.6475306615960776e-05,-0.000137837270804992,-0.0003028582306882932
-2.7058894665313483e-05,-0.0008120378817554637,-0.0009121592343473934
2.6554037375881284e-07,0.00016196599633512183,-2.545993229019207e-05
4.368239925031444e-05,-0.0005896263730858788,-0.0007347643333177102
1.9104261198098237e-05,9.597875557418428e-05,1.2085488401730629e-05
4.415732346517223e-05,0.00047188064937412407,0.00029686215163022726
-2.0018314061854225e-05,1.5849229066539652e-05,-0.00017986497814085934
-2.0859796387702364e-05,8.055032049443739e-05,-9.903123706673424e-05
0.00015339858497616398,0.0008341275305277771,0.000542785135188449
1.0265474455666186e-05,0.0003724929234919213,0.00022338150011921344
-5.167662437976204e-06,-0.00048510713880549165,-0.0006506222725299396
4.0114891161810906e-05,0.0004946093540866357,0.00010798605696419491
-4.448685220126151e-05,-0.0010797400932605992,-0.0010413008769167443
6.010768443370261e-05,-0.000227322065049028,-0.0005588549054259234
0.00018497257907409734,0.0010848129845995682,0.0008465082365623138
0.0001355463753955941,-0.00023559038344846893,-0.000551510960497761
-7.999210030783748e-05,-0.0009565785690249087,-0.0011268001967641961
-3.594563860125267e-05,-0.0006767228636606005,-0.0007815206956378035
2.853452460750469e-05,-0.00011605471347865933,-0.0002428694434637543
8.564239788609796e-05,0.00012130878980971992,-0.00013876636850311644
0.0001135660797182958,6.0324982765899964e-05,-6.339024940849027e-05
0.00022528176062284298,-4.748036786867354e-05,-0.00038734569634133495
-2.21203325798605e-05,-0.0010222930997432931,-0.001271116574594511
-1.929533927077243e-05,-0.0001848939453377113,-0.00038848328068691004
4.141423874871137e-05,-0.0008104969112949065,-0.0009957072610252624
-4.084114680280622e-06,7.347193390604358e-05,-0.00013079085664609609
0.00014612229147252387,0.0001891981129178044,8.447761328440222e-05
8.529555237918329e-05,-0.00011069036321832853,-0.00030197010245616013
-3.232087185089621e-05,-0.0004095604419971763,-0.0006133861481009142
3.327015734340199e-05,-0.0007473378630725718,-0.0009080589862519478
0.00012873799713072036,0.0002452043323143668,-1.643313017949183e-05
2.260169861874171e-05,-0.000587945299293329,-0.0006260030143456659
-2.6917145966955347e-05,-0.0008872242516367282,-0.0008735191611530925
-0.00013534540268535992,-0.000884744452825417,-0.0009257362821274255
8.112760964197176e-05,0.0003239887158828346,0.00010344531466577736
5.2169511971031184e-05,-1.995005844692999e-05,-0.0001637288697819927
-3.786337957272721e-05,7.697975757117785e-05,-5.4464092607453294e-05
0.00013006365847796826,-7.118928343289183e-05,-0.00032877281317800504
-5.3654184857749617e-05,-3.922854588428738e-05,-0.0001487279024882851
7.92086154540318e-05,-7.381265375402369e-05,-0.0003594796489776261
5.785669955173605e-05,-0.00021638169516070108,-0.0003452010509524023
6.81004055938176e-05,-0.00015704061535322782,-0.00047182700479561553
0.00011498569556503885,-8.333011596356623e-06,-0.0002580469049436452
4.546786106337527e-05,-0.000847065675055091,-0.0012023985348443723
6.444549234282157e-05,0.00031436983881825867,0.00013283906503795765
2.4915942309326137e-05,-0.00012419789388086358,-0.00018626828380236026
-4.554107025235216e-05,-0.000667404292077707,-0.0007730874222004233
-1.2867494288087061e-05,-0.0001406943414847447,-0.0002063748946470585
2.5910046826246915e-05,-0.00030974474203764404,-0.0003816263742515308
4.4587003834680605e-05,0.00040392097840570985,0.00010155664081687633
7.924443759568933e-05,0.0013525915929272266,0.0010922368715555347
1.5170369587757295e-05,0.0006640259451140118,0.00044207157705886433
-8.181572057707853e-08,-0.0004019417152472635,-0.0005078634844096993
-9.940998788525083e-05,-0.000684303157458198,-0.0008881385312748386
0.00012535184380706732,6.68041635800522e-05,-0.00012361504694938374
0.00011895497720524248,0.0007438601452432003,0.0005145475151566339
0.00012019214491404398,0.00010442790847025999,-9.171960014151849e-05
9.470080977204447e-05,0.0003069956750210679,-4.0873658663203704e-05
6.879248136979551e-06,-0.00017625573364236905,-0.00034263425168578
4.640231878138721e-05,-0.0004350031312760278,-0.0005950730734946836
4.402944096203591e-05,-4.1974920794010364e-05,-0.00034734678998308264
8.255010283837803e-05,2.9788460896407323e-05,-0.00012841676547699306
-3.842767719512515e-05,0.0001745620922100003,0.00010809858586818587
7.138495477029944e-05,2.3621203213799584e-05,-0.00016995356115962466
6.333271673347399e-05,0.00025630016652989664,-2.4272746351117994e-05
2.6966705910650665e-05,-0.00036857088076121025,-0.00042631739295181204
6.819602058739994e-05,0.00011089735687513604,-3.195471899500047e-05
-1.832767897518009e-05,-0.0005206428175625232,-0.0005045164650533681
0.00011026936496591963,0.00031539135700048293,0.00017607785801596366
0.00014053912153196916,0.000564979929303611,0.00023375985684537834
5.48361578097819e-05,-0.00040324883099517245,-0.00047183915576193606
-6.531647230636274e-05,-0.0001439496898693917,-0.00024934613056085787
0.00012773044735153141,-0.00021074140160372873,-0.0004948471575200186
3.397439531264778e-05,0.0003760068772839221,9.290116409535316e-05
3.1927164079638705e-05,-0.00015642192857102187,-0.0003272707652468197
-7.002361285345278e-05,-0.0004909339040933725,-0.0008116152185382142
8.294528307123874e-05,8.23397368467958e-05,-9.155542850620198e-05
3.3262882399641793e-06,-0.0005989562179730978,-0.0005696682028491023
0.00011135692178824736,9.824829660642516e-05,3.432459371961429e-05
0.00028029320098447953,0.0013676941998973103,0.0011226545236962913
0.00013791692667555115,9.021862855613079e-05,-8.189067846522892e-05
0.00010077092552835751,-0.0004278848088090276,-0.00044658076670342576
-6.362393592723091e-05,-0.00034804889600092347,-0.0005270133044047142
4.2684392130004045e-05,0.0006242217895069666,0.00042669784630163204
4.137178789684677e-05,0.00030176713515372717,0.0001588575397649897
3.9641913238088215e-05,-0.001041382694131023,-0.0011596151816650898
2.8340228212971974e-05,0.0002938905738257614,0.00012202820753599934
-2.211241640369963e-05,-0.0007694311523955451,-0.0008172305713171785
0.00013952605007384777,0.0003499404192755388,0.00015967238600922708
-2.481924048460637e-05,-0.0004412986263408918,-0.0005450916858297515
-0.00017967834032906483,-0.0011878083339869198,-0.0012784559375668529
-1.1827887551163051e-05,0.00031670509094875143,0.0002716070395578714
-3.714876920373409e-05,0.0005615734768894114,0.00047926598578072033
5.283079438107358e-05,-2.173987175134288e-06,-0.000129278993990464
0.00010614922861792601,0.0006009815121283006,0.0004340041065186906
-5.170684882340986e-05,-0.0011087868315782516,-0.0011947925321255076
4.593954336009164e-05,-0.00051019922334784,-0.0006641742551371254
8.947692265926928e-05,-0.0007708832931941371,-0.0011237028539318994
1.1444484752108497e-05,0.00040191126544788917,0.00015382926148063437
0.0001598843732238633,0.0004786803765970018,0.0001481737181400819
8.519975977166578e-05,0.0007300474935530933,0.0005821111906381795
0.00011881433432783917,-0.0002072525581527869,-0.00035906231310435814
-1.5078378850147183e-05,-0.0002190173923144052,-0.0002735824696885532
5.1653092796048584e-05,0.0001307431502714539,7.37158002450405e-05
-9.46586700002099e-07,-0.0009897862095021226,-0.0014142077852497222
-1.653227013406793e-05,-5.0942149702071595e-05,-0.00010269122956702242
7.947811402451828e-05,0.00044016901220564054,0.0003299777806719793
8.873825128152154e-05,-8.242423650043379e-05,-9.011520387368665e-05
3.096782357871951e-05,-0.0003541684294804015,-0.0005543979994226932
-1.7914932695059293e-05,0.00040365696775093143,0.0002877509267512138
1.726833478128673e-05,-5.2819434497451185e-05,-5.904076719326075e-05
1.8353446719083063e-05,0.0005879814400791745,0.00038876404309173807
4.066858910880069e-05,-0.00032985420851289557,-0.0004968779886493638
-3.202746851645676e-05,-0.0006903803345528292,-0.0008624061856730836
6.929171728484952e-05,-0.0013324932192996476,-0.001359477204695745
4.3659992369192175e-07,-0.0004928338814309855,-0.000519839681452741
-7.7942169484113e-05,-0.0008565417779051958,-0.0009048960523849964
0.00020935421108339444,0.0004978324920934278,0.00021469160029327934
6.657605841401226e-05,-0.0002774338149662482,-0.00038771738483517706
9.308583451208416e-05,-9.72609757598914e-06,-0.0001488453992508061
4.9706947574019766e-05,0.000717967384668442,0.00035731106054932176
5.625306450312163e-06,-0.0009333544436017397,-0.0011933777796792736
9.33645749452258e-05,0.0003695262202371339,0.00014676227615589285
0.00014905213262434358,0.0006432549170230686,0.0003084983710032016
3.4471381346037514e-05,0.00013801038798343107,-0.00016158699070649985
7.050620876513476e-05,0.00013262409995175588,-0.00016628581046579063
-1.6022393820372028e-05,-5.061006150150565e-05,-0.00010874404113720959
0.00014995214076162278,0.0005181533351445091,0.00013762991806038363
2.7153096462650627e-05,0.0002952504506672443,0.0001207221316948674
-8.663338476914636e-07,-0.00045445944091023047,-0.0006185944495279894
0.00021448815042038634,0.0003443203575907672,0.00015969709491046562
0.00010732688943092036,0.0004982208659420944,0.0002846693235376253
-3.129467097622135e-05,-0.0004590924316829218,-0.0005767339618842702
7.042933525250745e-05,0.0003159537098141856,2.0281711680963542e-07
4.963381130603158e-05,-0.00045669087587131384,-0.0006957472033536254
3.199476914817018e-05,-7.338133337826317e-05,-0.0001096756303027653
2.253662051315174e-05,-0.00021783036000671326,-0.00038573384875548243
0.00017675410746189308,3.496652661440783e-05,-0.00017480794709849796
-7.672214108387667e-06,0.0005830893729713027,0.0002993626722460675
0.00020143387957186157,0.0003270849389608939,-0.00018651182252812291
8.020283869800287e-05,-0.0002274031919472895,-0.0004693683765709458
-6.042137513160285e-05,-0.0006729997027825179,-0.0006555932855914142
-1.2905551901435156e-05,0.00029069195942124957,3.7320499702543126e-05
-3.905183688859395e-05,-0.000201144010427588,-0.0004214294724353719
5.189071475342704e-05,-0.00013018654535239748,-0.0005569958491171638
-3.712466896249063e-05,-0.0007059846736168456,-0.0008767403204415836
7.381110496231162e-05,-0.000407084785423219,-0.0005340710842860845
3.0233015387222644e-05,-0.00016482263762944018,-0.00039541339879049927
8.779023113076815e-05,0.0003595932838829673,2.0028821596948073e-05
-0.00018315288378890597,-0.0009851245540903636,-0.0009553781931625666
0.0001724172482586302,0.0010502384540077444,0.0008101642613981876
0.00018770111363573575,-0.00032973880765307603,-0.0005170685642969182
6.774555120549208e-05,-4.45969915665475e-06,-0.00014010870078107787
9.977786134275673e-05,0.00018411010453042555,4.189926136210134e-05
0.00011926661767875499,0.000283703430654604,8.78981841047997e-05
0.00010391129100349535,-0.0005881771925276255,-0.0007468602808205277
-8.573615178178196e-05,-0.0002686559575838505,-0.0004587525876894884
9.126905018563882e-05,0.0002579075470804151,-0.00010610995483973696
1.7088445668399547e-05,0.00011281068131128733,-2.8469780675121405e-05
0.00012750769189960896,-0.000397576155983707,-0.0006721837969173084
-5.954732056554597e-05,-0.0006798852810036636,-0.0008298065819799725
1.5009883820926701e-05,0.00021804018848711675,2.1241917003283144e-05
0.0001326883570237677,7.974968310062534e-05,2.9128208690583853e-05
2.501101231020347e-05,0.0005006990493916117,0.00025753256071493806
3.526000108556684e-05,4.446802218450229e-05,-0.00021789985642122644
-9.837730187309474e-05,-0.0009083178496549337,-0.0011993385634643972
4.0443338207779415e-05,-0.0006366201941606092,-0.0007801740064800719
5.743187811162322e-06,1.095771873073817e-05,-0.0001369961797473247
2.5297772783845106e-05,2.8812434845603124e-05,-0.00015899487000244316
8.641136205740201e-05,6.194902877684118e-05,-0.00019169905321813886
6.445038889391975e-06,-0.00047758158327998305,-0.0006058746212792032
-1.8360122212812143e-05,-9.847685799412785e-05,-0.00018466804265610323
6.039177613831914e-05,0.00025638438662716097,7.011502515237483e-05
0.0001616037603553857,-0.00037156050754774905,-0.0004827972301627016
2.410143738769673e-05,-0.0001823169196384132,-0.00028140549126944047
4.425807815677278e-05,0.00010868679536307947,2.749485289245953e-06
-8.443617645503311e-05,-0.0008629981781104888,-0.0009362430521306836
-7.477088860693309e-06,-0.001229584326541342,-0.0012462074512307054
-7.46293940218542e-05,-0.0005410150269203278,-0.0005908733971538064
5.147160883425429e-05,-0.00011838228746500795,-0.0004627002946297107
3.8791995974467045e-05,-7.896246495491675e-05,-0.00023484624673401991
5.983456536978301e-05,0.00041758218340801274,0.00027960294895498946
-2.9046057473091003e-05,0.0001230192795103499,-0.00014080973823035644
9.488093296199993e-05,0.0003700521186976083,0.00012994375716206673
-1.763020181970104e-05,0.00012038300431253285,6.142899088881488e-05
3.008776703889796e-05,0.00043870363633552933,0.0002556698576379008
0.00022458558240109989,0.0003094035534641796,0.00011753725497072812
6.646692440009165e-05,3.184451668636156e-06,-0.00031119264536427023
1.7895920423378225e-05,-8.99479506238447e-05,-0.0002265927985607161
9.266024887962887e-05,-0.0008926689367166061,-0.0009305045787056396
0.00011708044663650505,-0.0003266557449536558,-0.0005385688841233255
8.578553420378255e-05,0.00043759964184411046,0.0001651964055645857
0.00010872571177184022,-0.00022211671385829275,-0.0004468450393883414
-7.41894887383644e-06,-0.00024680677486156415,-0.0004869228936933689
9.4565157939256e-05,0.00032473232730045697,0.00018600621823834827
1.5798020764577558e-05,0.0001980691616135621,7.463407087613842e-06
0.00019222730088228507,7.546903669614235e-05,-0.00025542745431924706
4.8115791504975734e-05,-0.00021250361940801347,-0.0003149913021503242
-0.00015131850861713883,-0.001179092697392874,-0.0012975334965727556
0.0001446683920894475,0.0004922015750540408,0.00025205211912944357
-1.8993523836394725e-05,-0.0005767209252327642,-0.0006573978957191283
6.618692740021324e-05,9.97410367372585e-06,-0.0002208134645239942
0.0001559569699803269,0.00035655389615043133,-4.197003078428607e-05
9.183838247692924e-05,0.0003838142170064044,0.00016445679295148892
4.943240957639111e-05,-6.54871425878122e-05,-0.00013975222418887562
9.417659226135068e-05,6.195662668111762e-05,-0.00011216782159189625
0.00015710068417475236,0.0004544046031479405,0.0003016959087849231
0.00014000918574835877,0.0005228564508084242,0.00030753911846278224
5.69867354313036e-05,-0.00022245369544317083,-0.00040798505712141543
0.00010948283530808444,0.00010762364545328787,-0.00017806164180675675
-8.119171300595497e-05,-0.0008904687617367753,-0.0009489292524144858
0.00019821285262119654,0.00020859034223823944,-7.22136181020143e-05
-9.850498254865004e-05,-0.0005437003081126773,-0.000789870932504433
0.00010784561146709047,2.2655101913072578e-05,-0.0001123678306709585
-5.2548529265566025e-05,-0.0005218794015682795,-0.0005818729199491132
-8.720803518393793e-05,-0.0007531782446061478,-0.0010527851631294488
4.716079541255147e-05,-0.00041390389459436253,-0.00047339624436236515
8.511635804453886e-05,-6.402303539612182e-05,-0.0003563739880010959
0.0001019227744234624,6.416841288012351e-05,-0.00016880204385807683
4.846302189722153e-05,-0.0007405090996908625,-0.0009508535807417382
0.00010528058266756897,-0.0004103861873737814,-0.0006516866603213977
-7.917002484474946e-06,-0.0003210035367560641,-0.00042874879902369384
6.69326022042208e-05,9.324618506078119e-05,-0.00012008205611965385
3.934318177226223e-05,0.00023310815702805976,8.483145607924773e-05
6.907926956209703e-05,-0.00015356967851889883,-0.00039902103401837313
-1.540105646088925e-05,0.00014670682098156902,3.414657015409335e-05
-4.776102183679128e-05,-0.0005506190784770079,-0.0006525539530594393
4.505433452082583e-05,-0.00046365898232801384,-0.0004912353139179626
2.1013435634612134e-05,-0.0004912874940325219,-0.0006041072544738415
0.00014400172774588346,0.0003488321616887984,0.00014274759877143216
5.063215379543483e-05,0.000409292961437247,0.0002650969976481095
-3.595929936269708e-06,-0.0011166701604017422,-0.0011708686192776997
1.7481422174290065e-05,-0.00047929290770607467,-0.0005785213971270276
2.3069446186783977e-05,0.00016897569818082305,9.693550458776613e-06
3.8670163435338404e-05,-0.00032089616861968683,-0.000585921510617598
8.21312428137034e-05,-0.0002750594172801354,-0.0003988530298168681
5.7002150004926375e-05,0.00013705037368043097,-0.0001610501312218118
0.00019099930580903946,0.0005660651354530901,0.0003579852655543588
7.781455130326804e-05,-0.0005719168905751156,-0.0007689739423596396
0.00010698581677881316,0.0004405198738797436,0.000297334415515923
2.4525688494935122e-05,-0.00017067120208502114,-0.0004710095247076997
0.00010737470695448831,-0.0004314921856464274,-0.0005848312327693391
0.00011702485370921364,0.0002565749465127401,3.47430163484089e-05
7.867225231273593e-05,-0.0007343492362160302,-0.0009204382297747734
-8.12143724142778e-05,1.1602191907566486e-05,-0.0002070764708741973
4.317803374849873e-06,0.0003855249631990133,0.00020281324736911766
0.0001309433994094042,-0.0005312757978971503,-0.0006996803621275759
-2.894451125871558e-05,-0.0005088155019234298,-0.0006343937925874193
5.012760641285525e-05,0.0008561250655543002,0.0005985379057914797
0.0001189068521022785,-0.00010781515465140234,-0.00022524152690989104
-8.677312816780819e-06,6.370723460788511e-05,-6.710217466936377e-05
9.011053310225772e-05,0.00041570919853560625,0.0002208170709017702
0.00021159845398960355,0.00033487746550494804,0.000150414801198878
6.622131311031016e-05,-0.0003503479323474188,-0.0005125200131276615
5.492499489078052e-05,0.00022181121934322602,4.885067580014357e-06
6.98015823553885e-05,-4.4021602723400124e-05,-0.00029284826245093643
2.5359475352879237e-05,-0.0003887622039650214,-0.0005174360868350612
9.601495621028633e-05,1.3123974014641677e-05,-0.00026366839362893576
3.642252176538376e-06,0.00029676967271823247,0.00010388157267686375
-2.4780030056182576e-05,0.0003682543580206014,0.0002687969466601165
7.018448389068245e-05,0.00019008420455866718,8.693772657970313e-06
6.72720269124285e-05,-0.0005964928919281619,-0.0006314020470173353
3.6755705537695944e-05,3.737148829816104e-05,-0.00014719140993709669
6.362544540062924e-05,0.00037039600319520435,7.400433507007866e-05
7.347400129739507e-05,0.00015618210790538,-0.00014581406737646183
4.639978608657089e-05,0.0005581406578798374,0.00040688606301869006
9.72870221845585e-05,0.000647056244144985,0.0005015855582781352
-3.89386989101211e-05,-0.0006591003610340721,-0.0008437365804250144
-1.7224141887910475e-05,-0.0007119241019562945,-0.0009214329098596101
5.0954975236989635e-05,0.00016650111335584345,-9.624857658091228e-05
0.000125231214343484,-0.0004321871505636399,-0.0007651215526318755
4.0855240245235667e-05,-0.0009145954268632221,-0.0010161337293258283
0.00011065167260907572,0.0001386415897111759,-4.1036075789337254e-05
1.0075695773205097e-05,0.0006370741192971335,0.0004490171508401056
3.861711822630918e-06,-0.00041278195437386453,-0.0005174392346311024
3.0265144803737654e-05,7.864097653122393e-05,-0.00012871665039851206
-4.1495755121800004e-05,-0.0005349174821054985,-0.0007010225671286944
0.00016876544382441263,0.0001212647078888861,-6.879034481940529e-05
-4.9004014056267333e-05,-0.0006611895687176409,-0.0006630783246672895
2.6922837827324117e-05,-0.0005771552004957631,-0.0005868480808742542
-1.682277658697487e-05,-0.0009252722781103869,-0.0009416015430958776
3.5141890603172435e-05,0.00023244699801875865,0.00011346031965412405
-5.724934583499323e-05,0.000275187749929778,5.637499786807196e-05
7.417608835217601e-05,0.00031362246405313706,8.72669116239313e-05
0.00016905282609037869,0.000443627309549819,0.00022079521391522533
-1.8656510027201386e-05,-0.00012937366862561826,-0.0003457474228521862
9.566293560742809e-05,-0.00028620886435720564,-0.0006151069475798392
6.789926701656287e-05,0.00020149084551313455,0.00011796469490061434
-6.279897932902603e-05,-0.0007877212293492394,-0.0011360815218859508
9.724828130507704e-05,0.0006530581959514621,0.00039078802417888945
0.00016911834864328476,0.0007047205035167692,0.0003204929893470862
-7.384550519722896e-05,0.0001338478937491501,-4.744249989969962e-06
4.6445155450497764e-05,-0.00016941042031549182,-0.0004979127497844425
5.228267066042066e-05,9.445913161080385e-05,-0.0002517922335389061
0.00016022634176741468,0.0009105918062910842,0.0007186153832679324
0.00017726972571259798,0.0006490694638884118,0.00045896068464244897
0.0001303286350235093,-0.00010120421506324529,-0.00033411244210673145
3.2910159474868324e-05,-0.00038839949323061953,-0.0005284938579526459
5.127989034394052e-05,0.00020986506879919702,5.8446937160123026e-05
0.00010014001030487758,3.095426768563324e-05,-0.00033148463576526243
4.267250102899089e-05,0.00023477917907685007,-3.3669557220938125e-06
8.588218919194424e-05,0.0006033671902271717,0.0004230072682829565
1.976762079443665e-05,0.00015812673462442224,6.335776787005367e-05
-1.6270846186131153e-05,-0.0003074481852431704,-0.00042350788268456926
-6.026427848603713e-05,-0.0005603295360566878,-0.0006566048702254561
5.0292040736571965e-05,-0.00022243865100838597,-0.0003586049149286901
0.000106869561210358,1.0262502956485194e-06,-0.00017480034943043125
1.0091301073056021e-06,0.00020644050208847681,-3.337173994323432e-05
2.6572988918570448e-05,-0.0010451723923493536,-0.0012506495974167345
4.3183825308116115e-05,-0.0004703542980176172,-0.0005463404957936273
-1.0668455571278185e-05,0.00033787662680619183,0.00010818763910201487
5.7141695254352164e-05,-0.0001591102732812775,-0.0002882964682963135
9.955843159272198e-05,-0.000515372641857372,-0.0006125472451502199
5.0408432127046286e-05,0.0001508539736563238,4.42733117335825e-05
-4.029048983564303e-05,6.322501419540042e-06,-7.779513338744394e-05
0.00014406818627811044,0.00028215352966483217,-0.00023073440931922979
4.5632173485252896e-05,-0.0004379363509171932,-0.000765294860913805
3.718403270772168e-05,-0.0008733635834297149,-0.0011818213381453852
0.00013812856693773477,0.0001652971436648884,-7.833419300688947e-05
0.00010724907766729663,0.0003197631436548384,0.00019480485565267428
4.887032957294127e-05,-0.00026321484052205257,-0.00047140166644079175
7.825825492589263e-05,0.0002203744500726338,0.0001069165626445725
0.00011478583606030755,0.0005716967387036604,0.0002870975741841906
4.2038268951205836e-05,-0.00046658657822133784,-0.0005485360163775749
3.726255892912717e-05,-0.0001942347208747813,-0.00033409414861719993
9.62026411017987e-05,-0.0004912503555112773,-0.0006320321792395972
2.6270043413215518e-05,0.0003891566926893359,5.321431335156523e-05
8.942185536038903e-05,-0.00017974336986179714,-0.00043029206330526655
5.714815594698368e-05,0.000468970822364328,0.0002739866812514737
-8.630267867450219e-05,-0.0005748526831788213,-0.0006747358485207449
-3.950724304082248e-05,-0.0005171479095189932,-0.0005843489368141284
1.1167201843928422e-06,-0.0009619660718222041,-0.001135777616431751
-3.9695572271380096e-05,-0.0001175907623193459,-0.00016190293908906943
6.574662669767828e-05,-0.00047469511539932944,-0.0006752584700694315
8.275338746588847e-05,0.00015761956274099628,-9.712551822414048e-06
0.00012872391150774376,-2.1327228680092733e-05,-0.00011773299374615037
-3.549852447991102e-05,-0.0007068536267763289,-0.0011099445448899295
8.325746652699685e-05,0.0005084151270144699,0.00018091662474935914
4.90860919111472e-05,-0.0005658609922134402,-0.0007516788533029794
5.461937553704936e-05,-0.0004770126470252698,-0.0005132861101111005
0.00012936203174595355,0.00048579108391406023,0.0002626780978018703
0.00016183080008950486,0.00011466265394951111,-5.118896751611738e-05
7.784489172194694e-05,0.0003527432481111603,0.00022329977508621607
0.00011091330783847967,0.0005293447185794708,0.0002803061936297027
9.53375559304729e-05,0.0004982840780242905,0.0002421329452896458
9.116840792430496e-05,8.892065075006181e-05,-0.00017671379855313489
0.00016309034840908615,0.00023339181463492723,-0.00010954449924590438
2.2459669406249436e-05,-0.00017500311695236166,-0.0004422847771068599
-1.1459974223540178e-05,-0.001410850460566606,-0.0016213369856281099
2.2053010753223928e-05,-0.0004377962715646031,-0.0005299051183187446
5.2877335740696016e-05,4.4510195022969066e-05,-0.0001865697595603262
-5.502590765852364e-06,0.00042918034330418335,0.00018490516950826058
7.600453628253486e-05,0.0004663250436609108,0.00034143279509164017
8.95298176007479e-05,-2.468732307903774e-05,-0.0002902900687367702
1.6051573012123942e-05,7.734854684204883e-05,-0.00018670531013764938
3.457674565193289e-05,-0.00018349099928188575,-0.00023867930319276391
9.082980720156111e-05,7.178726706430201e-05,-6.461313182526887e-05
8.402077783465522e-05,0.0005945766162746423,0.0003599641666157614
9.862628501035471e-07,-0.0007311338522005689,-0.0009007546397943642
-1.520877804448269e-06,-0.0002670502821630792,-0.00046635391013787747
8.822489931077819e-05,-9.916867511241504e-06,-0.0001644799026901508
0.00016316643169189048,0.00020638503344247208,-4.1676554543955825e-06
0.00011262487073512828,0.0006860652545742335,0.00037258380490660774
0.00010500362294717805,-0.00045876426194371386,-0.0006565180405209303
-8.703718127195704e-05,-0.0005392523506400918,-0.0007374895130112613
0.00013555986753469536,0.0005383584760428996,0.0004056875047188996
-4.1631488155322e-05,-0.00020274610182270393,-0.000244155722535911
0.00017309619058476837,0.0006539117433575116,0.0003613662118715637
0.00010759372842112085,0.0005412687794818376,0.0001751498871899255
4.097928300102305e-05,0.000248471151655993,3.1586533826551626e-06
4.044215326800323e-05,-8.472735086832408e-05,-0.00029233267340614765
-3.3936018176656478e-06,0.00026213349613612123,8.121958482228412e-05
-4.6624759381781516e-05,-0.00040140653432105164,-0.0005057051545593011
1.8224480859236497e-05,-7.84119095841005e-05,-0.0003027420645803816
9.354150232335966e-05,-8.128924480533953e-05,-0.0003017124412303099
0.00010717376987746244,0.0001472827782778735,-5.161527581698508e-05
8.709823302482288e-06,-0.0007735698500512338,-0.000960159934077879
8.80308003212664e-05,0.0004319836355312758,0.00031002361165900094
-1.7436693900051365e-06,-0.000501283487994593,-0.000587544357513201
-1.981477000156335e-05,-0.0003784269476700405,-0.0004513179265771639
8.573323202479329e-05,0.0003289218841538887,0.00015055146934551437
-6.995410085284799e-05,-0.0006493359369355943,-0.0007247268833998696
5.4618856875580485e-05,-0.0003045010905679504,-0.00037664183965289066
6.61690661986925e-05,0.00017135147709956876,4.356244464102856e-05
0.00018838984529618547,0.0005392190349585265,0.00031869024450547533
-2.1288761211472846e-05,-0.00016602570752494004,-0.0003000797661077355
3.305266939652253e-05,-0.0010117140020069102,-0.0011744675049795486
0.00012745476041284547,0.00022691379736261013,7.738433944257363e-05
-2.633267485693873e-06,-0.001014705523438598,-0.0010077275320705904
3.8872498568961035e-06,-0.00024384624120388543,-0.00034483664856540283
4.165809374051985e-05,0.00039674921016388874,0.00016003632747232566
9.907820573272116e-05,0.0004084392962660265,0.0002696711661478504
2.726516241710997e-05,-0.00030777855474677725,-0.0004121100133794069
-5.939992475485393e-06,-0.0003317824349276245,-0.0005262081470772744
-0.0001263259240631411,-0.0008666954750084665,-0.0009603234984071258
3.087292927242874e-05,-0.0002272420187740783,-0.00047309783524942845
4.330075306871551e-05,0.00028213741560299214,0.00014864127552742377
-8.088465877288065e-05,-0.0008131484172191744,-0.0008901315725524464
9.677767048222135e-05,-0.00012562937452155668,-0.00047318570719291544
-3.7921380557386024e-05,2.8218726080605586e-05,-9.909217869182245e-05
0.00011003888740274107,0.0007364669646826586,0.0005287320869044519
0.00010053635583199636,0.0002785487302171954,0.00011156967750833805
0.0001390777467936078,-6.082703266586844e-05,-0.00036148553662191166
-0.00011281836499388865,-0.0009258189292486219,-0.0009910400657261182
6.47729690694181e-05,0.00039870830070219595,0.00018837517048954106
-8.377611026593376e-05,-0.0007718731681678435,-0.0008387086506271934
7.868888301960103e-05,-1.0129528282139277e-05,-0.00014678226332452357
2.3800755939668917e-06,-0.000685750544553941,-0.0009324871169552526
9.342271863444701e-05,0.0005575308408984551,0.0003730829747430061
7.319779818209572e-05,-2.2207065430880385e-05,-0.00017359937399612888
5.699275358224005e-05,0.00019372651444176834,-0.00012190265873925814
0.00012525930776979583,2.7120493188156517e-05,-7.625944003064493e-05
0.00012940859074404907,0.0003219951276648447,0.00016462245661023466
2.7007127188460428e-05,-0.0005557401765331314,-0.000672905829195483
6.0736714811629466e-05,6.884226802552913e-05,-0.0001550520529244616
6.6789242142162e-05,-0.0017363416554110707,-0.0018413748919118107
0.00010219804763692653,-5.016251355432583e-06,-0.00012398217450859802
4.84739340567942e-05,0.0002398895472705906,-3.466877454091983e-05
-7.127772269000627e-05,-0.0007144758456045137,-0.0007647572554381017
-4.566409047848801e-05,-0.000504524529201984,-0.0006761233385676857
9.275359499159738e-05,0.000695148984936126,0.00042756027582729536
0.00015937175479318068,-0.00021938952075014194,-0.0003282326868766185
5.859605895247088e-05,-0.000110376848978211,-0.00024461331526263167
-6.040650274839958e-05,0.0003669342249549923,0.00025122215347939055
1.0473569979248525e-06,-0.000380253952807137,-0.0005210550471934625
9.194538462227632e-05,-0.00030530480990805084,-0.00032044365183246263
0.00013070510013640297,0.00021202074453940446,0.00011955044476225976
3.497863723237748e-05,-0.00027531973515024027,-0.0004609250034589865
-0.0001177448756004055,-0.0009054291028967563,-0.0009895273155655002
7.518838984270576e-05,-0.00041254685054812115,-0.0006237361155425234
5.4541499906637914e-05,0.00028953792580692275,0.00010530810876008807
4.55837727937989e-05,-5.540730437844543e-05,-0.0004522094427930566
1.4822756525573647e-05,-0.0003646298391661359,-0.000536274074617284
-4.847123161688929e-05,-0.00024977357956267786,-0.00035737431973778056
0.00011163583736645798,6.0067642523944714e-05,-4.470355473504338e-05
0.00012670205377789275,-0.00040418666957083124,-0.000687913966477219
0.00015863507329282896,0.0014213668966293902,0.0011714955288593166
-6.960561942941535e-06,-0.0003200690420248098,-0.0004511020626697613
4.932430552697823e-05,-0.0001104405891772537,-0.00024264456029202144
8.666191060139884e-05,-0.00026016296441345993,-0.0005052105775049751
7.076201680693492e-06,0.00013518155958101673,-8.021853039584095e-05
2.3715968805459114e-05,-0.00020999879500101405,-0.00043932230123217865
-0.0002236161607956164,-0.0004875902415433982,-0.0005837535468741837
0.00012228211630470817,7.621847509245417e-05,-0.00012219343454091322
4.5734133399819856e-05,-0.0007813352240964118,-0.0008384286702448687
9.174790550547805e-05,0.00015340986785064562,-8.926876715317104e-05
-9.950302182137899e-06,-0.0001984651922981843,-0.00042847163602178557
1.8772456837807427e-06,-0.00023349981478297896,-0.00034886045484046866
1.722020924080017e-05,-0.0002854858194569261,-0.0005653204248988077
-4.183988357581987e-05,-0.0006194489697084044,-0.000655262249614105
3.272864925420846e-05,-0.00020368255797731445,-0.000429898546076173
3.870745181600943e-06,-0.0005006309991573358,-0.0006405429919353631
0.00011089618083272464,-0.00017124138733943845,-0.000423591851710207
-7.767424842640465e-05,-0.0001925846725570531,-0.0003824407719154665
-2.205238372970952e-05,-0.00020360149537416517,-0.0003945443735584429
1.7274600068778912e-06,-0.00026767727325072794,-0.0004229623021699813
2.9229102336901703e-05,0.00041663499677793556,0.0001081192613280714
4.526151988119213e-05,-0.0006931450826830198,-0.000751580785122669
9.525246351288128e-05,-0.0005558430519788172,-0.0008553286832477991
9.163338534648783e-05,4.54925344247576e-06,-0.00026938515504930025
9.221847394809795e-05,-0.0008378242997338799,-0.0010646257606100225
-3.8566743116640566e-05,-0.0007791205102015899,-0.000839430908138444
0.00013589796944473006,0.00017499750690667072,6.053050178063179e-06
2.539469452533375e-05,-0.00020136038465571509,-0.00026212112792387167
9.020127757861592e-05,-0.0003496025521339546,-0.0004753668052882642
7.996856649389325e-05,-0.0003289641925243391,-0.00043400080195211906
8.477211591374678e-05,-3.982120585512244e-05,-0.000303143902921003
0.00010524719936204815,0.00028329577692360583,7.374149354213197e-05
0.00012828543400583248,0.00025349697928763045,-0.00010663539163195709
-0.00014520675946288447,-0.0018376706761767689,-0.0017713474629663397
-2.3217151727346797e-06,-0.0006767671753279977,-0.0009941043081656807
0.00012054648890720904,9.649081873090387e-05,-0.00018795411271025497
4.7408634647905386e-05,-0.0005323021457752051,-0.0006283457080775207
-5.273864776694987e-05,0.00012627458732192344,-0.000202118285407183
2.9440264420145152e-05,-1.6440484084515703e-05,-0.00012737347996304922
5.2741870900310176e-05,0.00029680483890116047,7.223460468539216e-05
0.00011736739267426057,3.3079417562947475e-05,-0.00023627426361136364
4.687922331441275e-07,3.858644640806721e-07,-5.324003048792258e-05
0.00011981840683146321,0.0006296418594859885,0.00040300897602721787
7.12968091363779e-05,-0.0008245550545898561,-0.001049207454328577
5.933370796413218e-05,-2.5431304537091367e-05,-0.00012230655356981296
-6.378926372883878e-05,-0.0005296644402218146,-0.0007364041577285317
0.00017996616886603906,0.0010306613344632115,0.0007919083541314748
8.715667342957343e-05,1.8290375584370668e-05,-0.000233493945104262
2.7862630661896267e-05,0.00038757282316684283,0.00023774359949336506
0.00015533517095157892,0.0005019665191801164,0.0003271642234772749
9.58917960494331e-05,0.0008467347528309314,0.0007031709534140368
7.381903864878198e-05,-8.480341100477735e-05,-0.00021696814439183798
1.848621750527506e-05,-0.000445931559740537,-0.0004817769607377218
6.691382119314415e-05,0.00019614214313761684,5.080072722701976e-05
1.7405504218828867e-05,0.00029394922125056827,0.00018021674187728272
0.00011494594664564924,-0.00030578954831207673,-0.0004972259330394615
0.00010461371212146966,-0.0007549779722530826,-0.0009046146733234961
-2.9506755280666837e-05,-0.00040461340205059015,-0.0004663852564465063
3.5520407731041135e-05,0.00019697281790681312,-4.721487521531901e-05
-8.818533327882084e-06,-1.6596448458205184e-05,-0.00010186695173434326
-5.444975577169236e-05,-0.00025714443821192806,-0.0003485641818312749
1.1702605015182855e-05,-0.0007864044692197207,-0.0007883184635355764
0.0001390924409376929,0.0011299274010309307,0.0008075473510243213
7.17336635904656e-05,-0.00031866408876078537,-0.00045003780578150703
0.00013538286734521044,-3.989704207156867e-05,-0.0001810241774254577
7.05775934554939e-05,0.0006364873081286212,0.0005079507485360221
3.0766372699684154e-05,0.00033495437832970236,5.665348405479049e-05
8.393975154848307e-05,4.6719578952402605e-05,-0.00013655799675183267
8.130840751731644e-05,-0.0005705485933708567,-0.000600618921112925
1.3606433166511196e-05,0.00043296650985008214,0.0002789393530351919
-2.5979794993186844e-05,-0.0007170792237700561,-0.0008876417801504466
6.606015146139391e-05,0.00021236968110008105,0.00011885996163024375
2.936429460859605e-05,-0.0004327386771037636,-0.0004748400100986717
-5.268677926480907e-06,-0.00011949423931301148,-0.00030517829759444054
7.656713763915115e-05,-2.1827266819564984e-05,-0.00012322222026897215
-2.191022204619774e-05,-0.0003224881771976381,-0.0006249158535374884
0.00017541698470744345,0.00012368619294830457,-9.085642870517959e-05
3.113719056660995e-05,-0.0007350069819336584,-0.0008257699805357106
-1.6027576165428167e-05,-0.00035871173846189233,-0.00037792102317794776
6.367243983641127e-05,7.762548470193307e-05,-0.00016729635645203048
5.7216506393903565e-05,-0.00028537386177051476,-0.00039600193124637997
5.174278217780428e-05,0.00017326671878861776,1.0397454074348626e-05
1.9968343777950804e-05,-0.0010493471272396177,-0.0013977652157500518
9.779466540045057e-05,0.0003474593455311079,0.00014696540882214195
7.909886612431216e-05,0.0002722231522581061,9.577447860116388e-05
0.0001420737887074643,0.00016725100245942293,8.799747707145342e-05
-6.159423147247993e-05,-0.0015031909605479276,-0.0016175895389818065
-5.9957643866059775e-05,-0.0013395730203693789,-0.0013278747701129033
3.005621357228205e-05,-0.0007828776928695031,-0.0010466190773603286
0.00012189790492474533,0.0005102209211938312,0.0003703263366211235
0.0001294952352198142,0.00033849248218838126,0.00018512212130737421
0.00017265153090249044,0.0002921095674590074,-3.1146807403736876e-05
-5.405270313490614e-05,-0.0007780632398000052,-0.0008597913314216925
0.00011948420767927904,7.775811721710531e-07,-0.0002943064964544816
-4.313228242380879e-05,-0.00011788466315327788,-0.0002409848081011651
9.792094437892373e-05,0.0001031470455188117,-2.096151739162659e-05
6.141235504377888e-06,-0.0003336102776281309,-0.00037514074381245384
-2.211483994285561e-05,-0.00015158666843640117,-0.0003200113691676056
-1.1151492985155318e-05,-0.00026376417288730505,-0.00025889645009477416
-7.748332896727293e-05,-0.000744497131495664,-0.0007257884010999375
2.6088952309932692e-05,0.00021861114505582788,4.745672987167772e-05
4.267569647230502e-05,0.00028458777968073576,0.00012043155484401895
-0.00012119465493644013,-0.0004144446275551744,-0.00048788269799426664
-2.766407392675835e-05,-0.0007213020048202483,-0.0008012683694681199
5.465317324951168e-05,3.7824198644833244e-05,-0.00019741105983600097
2.5902059636850346e-05,-0.0002522596493493123,-0.00038768147142509044
1.6417828397948927e-05,3.209013649764565e-05,-4.2330749645099654e-05
9.724340457222002e-06,0.00017638382758617893,5.9439775269512106e-06
7.093047407478327e-05,0.00017580193467828554,0.00012349950095584376
3.2772473161675264e-05,6.229493027792483e-05,-5.056383851128888e-05
8.171268225812357e-05,-0.00026038525233733047,-0.00044360452307485156
0.00010822437762850052,0.0006204165801493161,0.00041575740596735565
0.00017391788277914042,0.00031453595391668665,0.00011521517045648526
-1.7690848660744545e-05,0.00022493228755404954,3.9033333407619835e-05
3.847328855402076e-09,5.016950251533463e-05,-7.907903561000326e-05
8.748830195576355e-05,-0.00035169646753317534,-0.000470610167535769
0.00011131721423648522,0.0005327943719841923,0.0003570417402478795
9.537846789792613e-05,0.0005438192085101474,0.0004218184492673798
1.8891538297645546e-06,-0.0003375494672744541,-0.00039340371483600025
4.383999227833239e-05,0.000277080244912293,0.00011468181787016254
5.2599659050563705e-05,-0.0006461540746494637,-0.0008673959262960112
4.1040604628463114e-05,0.0006571510616561848,0.000495797292947967
9.83014376608682e-05,0.0003048781945083916,0.00014882239207260738
6.0713583608163884e-05,0.00026143867323981157,7.84605365890449e-05
0.00012802862030715178,0.0006085231186194695,0.0004494912275934637
7.825810884780368e-05,-2.870992415980505e-05,-0.00034576341103541275
1.4291708414445218e-05,-4.3828442412445086e-05,-0.00013938977236079372
7.541616200968721e-05,-5.761924442045948e-05,-0.00014639908503969568
-6.542542788540466e-08,-0.0001988629208865016,-0.00040232371281850345
-2.715467924189899e-05,-0.0006762787156407519,-0.00073593758515867
8.668402966251573e-06,-0.00037077396708687425,-0.0005533532381590185
8.176002018349418e-05,-0.0001416961342927831,-0.0004885903387963265
0.00011059294525909001,-0.0006448056728228437,-0.0008597006698663611
-9.212351507130565e-07,-0.0006597331787971399,-0.0007427355377204447
9.299849037858139e-05,-0.0005040202826206602,-0.0008770613639238806
5.659626864738861e-05,-2.953031016399778e-05,-0.000256177284490256
8.67390014275905e-05,0.00016462071769870305,-9.08063736403883e-05
0.000160037809945174,0.00011810943033511653,-0.0001203094409314066
1.375075308417882e-05,-0.00022411103330493163,-0.0004524617730331592
0.00014805849073052437,0.00024648075856400494,7.088359187454863e-05
9.205856448396554e-06,-0.0004682622081009175,-0.0005749724576211894
-4.350020583792898e-05,0.000179270967448979,-3.401731438644736e-05
-6.73523872390818e-05,0.0001720308310907443,8.607827075342994e-08
4.537160359834261e-05,-0.00021730710781821093,-0.0002931370957573496
3.6659482089942025e-05,-0.00022027609009485726,-0.0004334187646106356
3.0055169820400007e-05,0.0006026836345101977,0.00039542801439234037
4.133854685429994e-05,-9.326868313420863e-05,-0.00019074147071548628
-1.6546350625012518e-05,-0.0002376460704727111,-0.0003056781274535475
0.00015195219883036066,7.060151513460354e-05,-0.00020821569909932654
7.471657049560346e-05,5.042163152949208e-05,-7.678968191485036e-05
8.032294476550191e-05,0.0007891076857406945,0.0006868985131004792
7.87707152259635e-05,-0.00033812288980347575,-0.00047580081294353613
6.691948380764023e-05,-0.0005142103477178369,-0.0005315256577186273
4.836946536335997e-06,0.00047943776548127644,0.0003512404074285904
5.5533910641823096e-05,-0.0003529597743995812,-0.0003587919468566152
4.48455825133872e-05,0.00016832759336272567,0.00012276410151733217
0.00010733879889142798,0.00012698779481255267,-0.00017234679235280214
4.597048292792272e-05,-0.0008846629078942357,-0.0010003865113211137
7.644861866363253e-05,0.00014105068611445362,-3.634843550278111e-05
7.090632291297322e-05,5.895949830538169e-05,-0.0001849058002940699
3.121464744908846e-05,0.00015261063596220788,-0.00020754573336330523
-8.645503990272304e-05,-0.0005427575090336912,-0.0006368732832566691
8.274770049352962e-05,0.0010626314803480557,0.0007463855653561699
5.630470670644046e-05,0.0002412389305315674,0.00010576417843362359
0.00016232482016828828,0.0006237070551427626,0.00037801749656862674
7.679055518869215e-05,3.395601402921079e-06,-0.00010141568641953317
0.00011950498944556881,0.0005588110104092092,0.00016546850581229374
1.5883839603243846e-05,-0.0003269808239096816,-0.000404399625042658
3.1539306102494667e-06,3.500600784035312e-05,-0.00018139038367280205
3.2310302297127374e-05,0.0002859918414214169,3.921144151774634e-05
4.121824666750506e-06,0.00024047159923677822,5.739743007517093e-05
-1.0466575407487138e-05,4.31694708181242e-06,-0.00021217826822595028
0.00013012039453605477,-0.0011661852940932846,-0.0013546450372067767
-7.710301459489135e-05,-0.00016678352706570365,-0.00041755020874168674
0.00011433354841826275,0.0001998660520165406,9.131696517944128e-07
0.00014750369712305451,0.00010092679443119372,-6.8826132922362e-05
1.1600969980693325e-05,-0.0005964982787470415,-0.0006594344686317123
2.521248125051225e-07,-0.0005331287819124782,-0.0006575792690076258
8.495248900164686e-05,-3.986393418862054e-05,-0.00018547200377244357
-7.142544581377681e-06,-0.00023598546476121522,-0.00042050581420646077
5.859657526942321e-05,0.0001339454574943331,-3.729361015830272e-05
9.694930447478659e-05,0.0005466596593911956,0.00041522816374493505
-5.0387684633948347e-05,5.9407653858307134e-05,-0.00023055061636853612
0.00018681799461673794,-0.00042063887075833857,-0.0005672329463859947
3.844871238353902e-05,-0.0003846743270692986,-0.0006628859019246712
9.683964491889789e-05,-0.0004034953810977671,-0.0005940640176037874
0.00012812005753889,0.00013194044643537986,-0.0001923915020247638
2.0674017052553826e-05,-0.0005464244756072621,-0.0006826552772483314
0.00012699994723467254,0.0005793553224346929,0.00044814605865507154
3.611921880410581e-05,-0.00037442426641760173,-0.0005571120730527459
0.00018325143098581247,0.0008499773710334037,0.0006473566587792531
-2.9939826078642488e-05,-0.00120626617455876,-0.0012139510644323661
6.941037806155429e-05,-0.00014012351154385009,-0.00017539217965240075
5.325091062252566e-05,0.00010464462081167228,-9.419471065498412e-05
4.7842944595281314e-05,0.00027897748895736794,0.0001540928498660018
-1.5937075606490896e-05,-0.00015780817343652754,-0.00039483963648669334
5.339241960999216e-05,0.00011128081734320286,-0.00015543684537220538
-8.42555503665038e-05,2.2869321600486734e-05,-9.471493676328291e-05
7.403213487994781e-05,-0.00014332889125351516,-0.00020380603023762627
1.4991170861907203e-05,-0.0008158741329741304,-0.0009252056826925422
0.0001130307322816353,0.0003094449909801112,0.00012006935761712725
-8.861570409203704e-05,-0.0010909351546941816,-0.00117477120451699
-6.337989148838747e-05,-0.000685891979586267,-0.0007990809236567592
-3.988063020782614e-05,-0.0008664409624083466,-0.0010221472527390091
5.394270264882613e-06,-0.0003732591870542405,-0.00046036255369456824
2.475350020743748e-05,-0.0005569464172758382,-0.0005686426134413143
7.264949638293212e-05,-0.0002731041054320057,-0.0003591106381130708
4.830597285083798e-05,-0.00020205527664324713,-0.0002973040855630683
7.877841697625205e-05,-0.00030021528390659555,-0.000608135415756665
6.0861810757724275e-05,-0.0005139148905703027,-0.0005987030198318972
8.01397513785121e-05,0.0007708108682159356,0.00046757372957838446
-3.6429460688855946e-05,-0.00017860366156459108,-0.0002939668562997598
-6.0141068786837086e-05,-0.00034691579266622963,-0.00045575891546536374
-6.309152513622461e-05,-0.0013640114027427728,-0.0014262337441628703
7.555384968984931e-05,8.15602650656341e-05,1.3253348710859982e-05
-3.618458053325621e-05,-0.0008554837484457085,-0.0008974871001660521
0.00011343465805333601,0.0003363984379299077,0.00011502520580720861
1.8873209380152898e-06,-7.019766476099441e-05,-0.00022050129351494042
0.00019430841122253947,0.00019698265806831954,-5.59848895615833e-05
9.76944004330867e-06,-0.00038175278611340133,-0.0004596162361617262
2.600879187702012e-05,-0.0005753140220263697,-0.000717433519442198
1.3992766009947067e-05,-0.00037021058091088054,-0.00045822770662379123
0.00024971600722062653,0.0003479827274293117,-8.404216550953391e-05
0.00010358836977239136,-0.0009605800902170987,-0.0009810804548711753
2.9117189060104255e-05,0.00034231299649667456,0.00014051715851661988
3.06962028234321e-05,0.00025460783385005954,6.581374435391637e-05
9.345785941066915e-05,0.0004472335988841506,0.0003135911552852185
0.00010971246093544618,0.0002062202243199651,-3.615635538050627e-05
0.00021797064963767363,-0.00017275714883558123,-0.0004654419959524877
0.00018085991477121308,-0.00025366768059059485,-0.0004301578175628551
-2.9186427280721833e-05,-6.769969880840633e-05,-0.0001732800953207779
7.085622447903527e-05,-0.00013525331840088132,-0.00026767765467166325
-3.612826121103036e-05,-0.0004148826427903701,-0.0007150893068908879
-0.0001168363928338472,-0.00029607758345543474,-0.0004562063997954865
6.139541046802099e-05,0.00017078770464123869,3.9575456976610374e-05
-5.986729567110087e-05,-0.0010049252474591242,-0.00118949389017512
0.0001130009293528181,0.0006630074616940627,0.000509025971556232
7.684816733428894e-05,-0.00034006822682165977,-0.0005361427204853977
5.347178747617691e-05,0.000253589793504469,4.554896558897688e-05
0.00010523575352038088,2.488267038898179e-05,-0.00029775698961535216
-4.3691183610105526e-05,-7.4129578493005975e-06,-0.00019511792273821575
-0.00011792429753400816,-0.00019739845581851184,-0.00031663708504842483
7.084623488960739e-08,9.947278261371523e-05,-9.990438917401642e-06
0.00013180078797784883,0.00024261684080963792,3.1107915467776563e-06
7.552581628392665e-05,-0.00024286413316019096,-0.00034052309689242585
0.00015649889071915436,-0.00021973546300281006,-0.0004868791959905819
6.639439065811034e-05,9.645193847477948e-05,3.122159960051234e-05
1.3284091429668134e-05,0.0003038313156816428,0.000140976673629364
-1.0256424837552715e-05,0.0002575164947628718,8.762617771938802e-05
9.68116551516703e-05,0.0005870114474074013,0.0004370283960007114
8.510473093428892e-05,0.0001786610463588881,-7.233847872613236e-05
3.256532725335825e-05,-0.00019328281599149946,-0.0005079164840929161
5.604659326691625e-05,-0.0002010397175904296,-0.0003822382321198229
1.198421407654093e-05,-7.875852481055299e-06,-0.00018044719099545735
-8.518431829171598e-07,-0.0003840880476506022,-0.0007163987781554939
1.735754816831612e-05,4.978363014492858e-05,-0.00017921525591848832
-2.4579829236709433e-05,-0.00025745238844928004,-0.00038107626706179384
5.790286730862001e-05,6.36240179444579e-05,3.612749262789548e-05
0.00010785381973230277,0.0003239115683130882,0.0001294954803458106
2.299643955550085e-05,0.0005796540826404233,0.0004587008379596831
6.543580176135482e-05,-0.0005642476919983151,-0.0008172125306090624
8.74844033844145e-05,0.0004033225451526573,0.00026852084072679283
6.054067039974455e-05,0.0004067591770725459,0.00018255226793460766
4.2057453111151024e-05,8.989834025109513e-05,-9.967266645941668e-05
2.314696666203038e-05,0.00018498231787952984,9.20764916076378e-06
0.00010768544104058868,-7.625552416137997e-05,-0.00017219585021214763
2.9181655916360482e-05,0.000761130722001549,0.0004649912883053401
6.392956262406366e-05,0.00029346340231683836,7.656560850946048e-05
7.147312359313014e-05,0.00025904066113301263,6.964360715832756e-06
6.724642544534036e-05,-0.00016832749244378583,-0.0004091352961529351
0.00014285058203842047,-7.28125395253089e-05,-0.0003312555027597571
7.030232684774245e-05,-0.00022201852749845864,-0.0003692497152249324
3.563865917950151e-05,-0.00026074833133353135,-0.00035876381118223895
0.0001851455199998634,-0.00034171868514096,-0.0005485196277647733
-1.7763346970798812e-05,-0.00015752951962679662,-0.000390691242492116
-1.4891994723772756e-05,-0.0004363844086665259,-0.0005810260419253247
1.0814605402097968e-05,0.00022829703001587761,-5.441537676430854e-05
6.33193311342007e-05,-0.00010687860267090334,-0.000295591565647814
6.0247582830112834e-05,-0.00017310092625681732,-0.00032000500670371045
8.973234813772712e-05,0.00027109001687212147,0.00014457733298494326
0.000211399129017868,0.00030251370444129704,0.00012554214407779635
5.130110794460425e-05,1.2532901846899969e-05,-0.0002250671840016665
0.00010908043957765149,-0.0002825777605303648,-0.0006473638408617229
4.306341236732809e-05,-0.00017550766036677926,-0.000448885057381891
-9.088206459591697e-06,6.975802477906731e-05,-1.6970329796921917e-05
6.700069437116577e-05,0.0005080582065512224,0.0003864708075782894
5.4142001664756546e-05,-0.0002677605655242842,-0.0003742516630933527
8.971681807121162e-05,0.0001501369928428563,-0.00015784669388605298
6.435930180597913e-06,-6.922050953826213e-05,-0.00016400351727375898
3.707629028996506e-05,-0.001274592416554213,-0.0013620096484952275
-5.431848286504732e-05,-0.0006836619322535477,-0.0007315289124088754
6.21643225398443e-05,-0.0006204693018677519,-0.0010140222515279715
7.578416317666721e-05,0.0006945883737145178,0.0004769349746666611
3.596816104324026e-05,2.9097669367366232e-05,-0.00018020868360787062
9.410786399839746e-05,0.0006485786229145382,0.00033065054625884977
9.581937949346695e-05,-0.0004000090556621323,-0.0005701856728634995
5.082280540450204e-05,0.00021544789090504186,0.00010347890549728042
-5.2288159536911674e-06,-0.0006011898002128779,-0.0007116884797679206
3.381127243844194e-05,-0.00018233644809476765,-0.0004912551285944651
-5.014670368368003e-05,-0.0005503656632219916,-0.0006154800567619444
-6.916388532315264e-05,0.0004198391948488216,0.00020550586537374215
5.3453472876360334e-05,0.00040129126503327334,0.00025210396868078174
0.0001584826122556732,3.157007802749302e-05,-0.0002113371005980693
2.2524310276729958e-05,-7.15102836155183e-05,-0.0002356243101849189
-1.869237109741216e-05,-0.00026432510683391383,-0.0005555665090870823
6.0795779010536975e-05,8.963308195197072e-05,-0.00013748949453032335
2.9108191540881537e-05,-0.0003770504515605501,-0.0004581475513929811
7.774857875748501e-05,0.00018167536313126265,-0.00010848743898626929
3.0889813576436887e-06,-0.00010946210079972296,-0.0002873457087179222
-5.199482232760665e-05,0.00039041422934453344,0.00020668974195816458
0.0001270467657049774,0.0005953132772491302,0.0003413172979581306
0.00011756266611368018,0.0003740530813854736,9.740021413832153e-05
2.525678882887535e-05,-3.775186833537313e-05,-0.00015852949763082045
4.685238880217693e-05,0.00016503850126885767,-2.669937542636988e-05
2.4036947407904093e-05,-0.0001773200128957697,-0.00031659205880025983
2.3086871285310422e-05,4.595604096500639e-06,-0.0001669297721088279
2.281351168026535e-05,-0.0002728401105428485,-0.000509653672182807
9.765422607305686e-05,0.0005895909436577961,0.00032912899876175986
-1.7217151270865281e-06,0.000409103869025771,0.00021652131114498918
0.0002755354797834589,0.000279995539423878,-5.361806961424876e-05
2.0908183133926383e-05,0.00023527739457897877,5.2246656107514335e-05
9.768960248485048e-06,-0.0002367074998077868,-0.00034680999966705747
2.9163932948367884e-05,0.0004043710834645619,0.00020377140740771558
0.00012463777118360992,3.4549462503152405e-05,-0.00019593208107878418
-2.0532526721365877e-05,-0.00037741997476742903,-0.0005299274289081162
6.937603089292939e-05,0.00016922792695095023,3.794596644509259e-05
-2.4878180075243035e-05,4.121527955663361e-05,-0.0002652147669226197
4.669095330851632e-05,-0.0003022590919973444,-0.0004822297187683253
0.00013708109347830566,0.00020158865085868213,-1.13441633886492e-05
6.988797961957711e-05,0.0006625838330500652,0.0005049352464385823
-4.494045880516767e-05,-0.00077992922573743,-0.0008122486825820063
0.00013129012540197537,-0.00012678042790579468,-0.00040513095108627985
-2.7435704278909874e-05,0.00033743674021674883,0.00017989708380084342
0.00018025354348826195,0.00035615643708739487,0.00016222756517598439
5.944811277949945e-05,0.00013895913825225727,-7.301447963998137e-05
-2.7233837677920832e-05,-0.0002817345332176595,-0.00045976739531039144
4.7323902092503365e-05,-0.00034641046550114757,-0.0005147721563697412
3.418600877335386e-05,0.0006941698219247341,0.0004334963380092758
5.930961174251832e-05,0.0003651701762204569,0.00013425790567551113
9.019030651680689e-05,7.035038924146288e-05,-2.8907092807563432e-05
9.138114942893933e-05,-0.0007018410832240551,-0.0009014225843385472
2.182816795831991e-05,-0.00014605803588824644,-0.0005124474847716394
6.867779518788684e-06,-0.0005424089636095414,-0.0007588108507332184
-1.4752796447838287e-05,-0.00016128227719979218,-0.0002431599018700284
0.00014340995488302762,0.0006880649815582231,0.0004847951828075187
2.8393850205279562e-05,-0.000255069501002251,-0.00033325959786679847
0.00017516444324054643,0.000117569755340551,-4.876580359551919e-05
3.971992499645915e-05,3.5602745923950946e-05,-8.642697417259798e-05
6.606888222324519e-05,-6.126001364179512e-05,-0.0003493437291331523
1.8711646097401333e-05,-0.0003963562321289728,-0.0005547617430534812
7.555503707400442e-05,-0.0001587904617579463,-0.00024004935343720818
0.00011323007497408198,-0.0005817133890656635,-0.0009452173216254437
1.4234916626794554e-05,-0.0002500817992820251,-0.0004728592250707314
5.757524637450072e-05,0.0004049645788869652,0.0001720840372603402
8.902486125840579e-05,-9.731949966583973e-05,-0.00033980756816711223
2.9447095465901912e-05,0.00015477177956840942,1.764222739869336e-05
6.158892809204224e-05,-0.00036674598646176885,-0.0006292175872686588
0.0001994830059380821,0.00043009621198155767,0.00026087360210805917
-1.5731031527744827e-06,-0.0004439734913038685,-0.00058338254903194
9.444807078678422e-05,4.932666822841654e-06,-0.0001372199215829421
1.9360972804986147e-05,-0.0008012637225227603,-0.0008637185115146816
-6.463111736206947e-05,0.00022147784363730897,0.0001318653235108739
9.872550960630456e-05,0.0004372957251565035,0.0003037253376738698
0.00010390228584123299,-0.0003011021879903062,-0.00041736074479081407
-9.783654689885467e-05,-0.0005168018276868129,-0.000656329342030662
-2.980771955506708e-05,0.00019252259460531115,-9.110027516684492e-05
0.00012722538939615466,-3.2859198496943944e-05,-0.0003025203324135338
0.00011276530191773538,0.0003152420194754796,-1.3796615367965407e-05
5.6241197883794073e-05,0.0007106118826795582,0.00039945552166992585
-3.16673657451462e-05,-0.0004787625038372395,-0.0005234552999270291
-6.22103612711252e-05,-8.63185622595039e-05,-0.00021298428391365156
0.0001295850178886806,0.0006201978186421789,0.00046143872713996857
3.328707909639997e-05,-0.0001817703870224092,-0.00024638006130051483
7.52791161666908e-05,-0.0009239307338651908,-0.0010087796010054904
7.154384155602455e-05,-0.0006700437942256856,-0.0008882206230665947
4.889934859097063e-06,-4.333075310604192e-05,-0.00014710764391404882
-1.9021665865869312e-05,-0.0008674058247330358,-0.0009134898435357886
2.763107049175953e-05,-0.0004154552163362845,-0.000650521339718127
0.00014401857734721752,0.0005531761997666788,0.0004086990397767883
6.68882659830979e-05,-0.0006218877849329091,-0.0008444233706737513
-4.6060592390360564e-05,-0.0002672781819324927,-0.00039829897626667693
0.00016013601522894645,0.0011162749027303967,0.0008334963883519023
0.00015440245412289298,-5.600447770023469e-05,-0.0005257403225591042
9.662044131737883e-05,-0.0002960758466110725,-0.00045931628923892
0.00010670884585590066,0.0003300626439568878,-1.3743983864086644e-07
0.00010150729030875878,-0.0001882053426372065,-0.0004413034859887798
3.442933884552552e-05,-0.0008275433148909571,-0.0009639436917067611
6.841445819162045e-05,-0.00011270930338156497,-0.00040759688998287535
8.699804479368991e-05,0.0001600415963982455,3.025635683244119e-05
-9.644026095556628e-05,-0.0003277615708681124,-0.00038112927031541536
3.1711351197634256e-05,-0.00019013009234586638,-0.0003061813190892295
0.00010204911235078435,0.0004592193661491919,0.0003325220233900315
-1.7701593634533686e-05,-0.0005320451716935033,-0.0006844318275127304
0.00010467290660508329,-0.0001008403640479883,-0.0004467990766185227
5.9822552969182174e-05,0.00036930409483536936,0.00021716202968677443
7.925818250055143e-05,0.0009190814391172662,0.0007663715722653401
6.0295965542654406e-05,-3.814560628270626e-05,-0.0003032655112973909
0.00010158918949569907,0.0007601773527280041,0.0004616739311647796
0.00016708845097045322,0.0004397719603753992,0.0003206506267166234
9.593811864592378e-05,0.0001051385856065885,-1.1651212785246103e-05
0.00017324581665999826,0.0008915657737865992,0.000624790217809674
4.3112122242782753e-05,-8.669364998964757e-05,-0.00035355596691509115
1.559579303179998e-05,-0.00048634307517599886,-0.0005109430295079834
-6.796350142480257e-05,-0.0013777733994770078,-0.0014072546306999247
3.245518604902699e-05,0.0004474111154976419,0.00024839141209965875
0.00018461711749346796,0.0007855655841194798,0.0005436382867984711
-2.9369689855271008e-05,-0.0004620840176275765,-0.0005546979766770477
-8.370710004903804e-06,-0.000517080350490555,-0.0006466762775800724
9.58624465563931e-05,0.0003000930708542699,-7.371755605639862e-05
5.947036896941611e-05,0.0002647719965610838,0.00016626798973486064
-1.1151183008531115e-05,-0.0009114439883489134,-0.0009738018610012832
-0.00010543528790667682,-0.000524850647106981,-0.0006059411893453005
1.8100503525884893e-05,5.815283143523138e-06,-0.0001574100193142128
-9.907935565347926e-05,-0.00038380564341793035,-0.00047784861115198146
-0.00010657214196597436,-0.0007457908418515437,-0.000809102878677366
-3.102036926028344e-05,-8.162293062070875e-05,-0.0003342199984147167
1.953725910308927e-06,-0.00032288181662788295,-0.000344683036497286
1.0125733256078782e-05,2.4310943493514804e-05,-0.00015543863355042904
2.295121000684601e-07,-0.0006545748790764575,-0.0006285902527366785
3.955770242194858e-05,-0.0001537058171490989,-0.00027387406375604863
9.685490108537548e-06,-0.0004058191800347591,-0.0005360219990552409
0.00014349454823998697,0.000187276376894651,-1.2417274271485189e-05
-0.00013336529229192608,-0.0004945709319229887,-0.0005458489906947284
4.740864614983053e-05,0.00015692138647631872,-9.193293977335175e-05
-7.443691418216919e-05,-0.00047776293990739276,-0.000567501649299782
0.00022648518268404008,0.0007785433827021076,0.00042064364620197746
-9.451097541657641e-06,0.00014047804168905778,1.1098682978545648e-05
-4.730942505545984e-05,-0.0008605559577415523,-0.0011133407012103593
5.3929006248625374e-05,0.00011994249347293133,-5.6306739669562036e-05
0.00015380883208476393,2.9340348793265687e-05,-0.0003088627454472865
1.1496965231380256e-05,-0.0004594872126294666,-0.0005172311670442718
9.918977637194624e-05,-0.00034852300089315734,-0.0006246556240573622
2.5143077168467417e-05,-9.098973481420062e-05,-0.00018395017038938234
-6.961234084070154e-05,0.0003527858240068853,0.0001063807401412174
4.5197800307405085e-05,7.648174879603501e-05,-7.416040404586673e-05
-2.999252233729018e-05,-0.00013478312171700936,-0.0002927991408464104
0.00012802182841734926,-5.386771906719837e-05,-0.0005267226740705541
5.699754679652086e-05,-0.000272996621864525,-0.0003340889690233177
-5.933344512601567e-05,-0.000460689227513192,-0.0005734672184331393
1.2484631259365673e-05,-2.3102721283639258e-05,-8.962982806546564e-05
-1.462856534280711e-07,5.886099898132541e-05,-0.00012261666985249333
-1.4248895919307427e-05,-0.0007867028959033901,-0.0009306302731776877
2.4145736608130008e-05,0.00023467640765248307,-4.883595470200181e-06
9.759288416891083e-05,-0.0004999814844951881,-0.000536527544473407
6.19685344559241e-05,-0.0007263885610713697,-0.0009598553567449821
7.526838129949081e-05,0.00011845951058678951,-0.0001389923979441651
-3.765523952692205e-05,-0.00018496049650943127,-0.0002371889443378636
5.564185454618519e-05,-1.3578168689038823e-05,-0.00022527450722791922
3.189564756098372e-05,0.00023149460431764527,0.00010312187294596911
4.842187711232647e-05,0.0002451697670538502,6.654489667128161e-05
6.0980734911691916e-05,0.00028152198021881743,4.3089515641207176e-05
0.00010830836097750664,0.0005264566254724721,0.0003280224557855033
9.806581994687422e-06,-0.00033047146809419523,-0.0006035070795184966
-1.3599303448107397e-05,-3.841842804689976e-05,-0.0001329141636925722
0.00013708571769115887,5.147877685251576e-05,-0.00011244572412279897
4.320725528489882e-05,0.00022674094328441896,6.437186307809498e-05
0.00013920424561809724,0.0002625918342035359,8.29883842312526e-05
-2.6167299146832396e-05,-0.00020927320066230803,-0.00040256717570276413
7.048429319720818e-05,0.00023911215279593783,-3.601578982040908e-07
3.2943687675717544e-05,-3.948769335544974e-06,-6.422071256193343e-08
0.00013947573943741474,0.0007909694215734502,0.000547448808762422
-3.499687716836388e-05,-0.00041217134137333685,-0.0005707968857516859
6.649594070938226e-05,0.0002243927509705925,-6.197443809852768e-06
-3.144371583762456e-05,-0.0005070696618002533,-0.0006401834433324898
6.1094771345119e-05,0.0006432734286877467,0.0004235222727006984
7.609695431221584e-05,0.000297716165271618,7.371438287073371e-05
-1.1243096483605258e-05,3.2720665906604135e-05,-5.641651143304356e-05
-4.805419629516175e-05,-0.00045069416440432844,-0.0005342603653421975
7.614686786215871e-05,-0.0003641369217147842,-0.00077676035394698
0.00011357679180929153,0.0008708949405872325,0.0006230440402706832
2.8046558304237418e-05,-0.00037165556313720975,-0.0004818432726171079
5.215945133281414e-05,-9.006820532283196e-05,-0.00017139084868271798
5.6382384488575936e-05,6.921722615227826e-05,-1.7179133212957652e-05
2.286226421681806e-05,-0.00023065699223711374,-0.00035465730640811945
2.182198999885047e-05,8.0986169217335e-05,-0.00015855971168292883
5.254083328414699e-05,-0.0002240633445556369,-0.0004610203480388986
2.785457099005131e-05,0.00023417941535501278,2.9844982131962245e-05
0.00015453835013441668,0.00017213092197506942,-0.00019810335239594075
-4.693794277570851e-05,-0.0004237213679333398,-0.0006115386089597268
5.041015974563195e-05,0.000277228984201872,9.275271684004859e-05
-5.35883043694059e-05,-0.0007174018099842618,-0.0008394070396893719
4.3796340254654895e-05,0.00042687897329549287,7.187774181349956e-05
6.658244884927683e-05,-0.0001688887314525954,-0.0003308017333210971
5.3815944155695736e-05,-2.9829142309762758e-05,-0.00021283372159977413
-3.703711442506409e-05,1.870813999994405e-05,-0.0002673902138143755
-7.73186850622426e-05,-0.00013221585810042989,-0.00021514542057589963
0.00011207459788859224,0.0002908557493145447,0.00011887371088253586
1.701994960100427e-05,7.217468373194624e-05,4.3303471480003695e-05
1.855150917561612e-05,-0.00038579103637557304,-0.00042715934244055923
0.00010241565592803155,0.0005528459420138649,0.00037284572421963013
1.9668533243362256e-05,-0.00038836041210665287,-0.0005877719919300827
-5.213627020049673e-05,-0.0004172282770198273,-0.0004721530555082611
-3.897961756433655e-06,0.0001316487326560156,-0.0001647593673886141
7.570090703213217e-05,0.0005226288516269908,0.0002960125408404481
5.452964641310293e-05,0.00035687472193868947,0.00020247390330422986
-7.741836094166007e-06,-0.0004066456017674404,-0.00048164120259397913
3.5955509293230436e-05,-9.508913180852695e-05,-0.00024352952070164516
-4.79499010741595e-05,-0.0008611060488387138,-0.0010924611782462514
0.00013124605054124893,0.00026082954420914234,8.724580554063591e-05
8.567176815638702e-05,0.0004994342946403949,0.000148161705358911
8.878945831212245e-05,0.00026575950192038147,0.0001450362313584919
5.266528470773856e-05,0.00031023052304905826,0.00013545494040673154
4.0679225607514476e-05,-0.0005529686584466969,-0.0007004469892541976
3.6601747981865204e-05,-0.00020321099471727288,-0.00044303627924791776
-4.3523687613801845e-05,-0.00024543225556929,-0.0002734504956234668
8.620251267361202e-06,9.743187967464264e-05,-7.26638838626451e-05
0.00010461767321380844,0.0003246970199012781,0.0001735863046868354
1.199872593560399e-05,-0.0007930963662972738,-0.0009486562438872647
5.245508233747253e-05,-3.804686120347303e-05,-0.00029121322207408787
7.987263166064833e-05,-0.00012369386195432,-0.0004394138757781205
5.1937025182207516e-05,0.00033565067423232074,9.932678467274502e-05
2.0993476094744568e-05,-0.00013418264523154758,-0.0003469863436151824
0.00011865915987093633,-7.959011240804537e-05,-0.00023674672602074794
7.584260868101612e-05,0.0003924084545613418,0.00027385033429066586
4.971316607153088e-05,0.00013258909584538118,-5.394162320784117e-05
0.00018191391763734208,3.9640907715614336e-05,-0.00017283653906580238
0.00017033335937568958,-0.00012478091484996977,-0.0002443658806895291
0.00012212676451204378,-0.0001517938191346459,-0.00034416590761604076
9.206947862009714e-05,0.00024177503600616242,9.994701281348031e-05
1.2479539734119947e-06,-0.0011647376036166448,-0.001347737440599228
0.0001529605971556653,-0.0001375981349955845,-0.0002962377375379586
-0.00012784962456406266,-0.0004552909867422331,-0.0005428456649945769
2.1418913115965697e-05,5.4580658430122256e-05,-7.744855114567674e-05
0.00016984304201768358,0.0006916999654046254,0.0005393756873308712
0.00012354385701398223,0.00035110318282989393,0.00022223156385178642
6.135746285910838e-05,-0.00028416344033854995,-0.00040382256973069705
1.285020433060204e-06,-0.00014162468864212233,-0.0003067921036578095
8.7727410770976e-06,-8.187405485446779e-05,-0.0002442498612423322
4.823200823770378e-05,-0.00014229605599460398,-0.00023534883890692344
-1.0501710205039201e-05,-6.774927711576697e-05,-0.00022417135450550205
8.535863300966119e-05,-0.0002335597230902417,-0.0004698973117136263
-7.914532225800891e-05,2.343106103799394e-05,-0.00011490137722194312
-8.870125108470156e-05,-0.001173480829415451,-0.0010725165877565322
5.685822771103738e-05,-0.0004994953473657409,-0.0005810425867100902
0.00015370791733981554,0.0003209949360856268,-7.248500582769681e-05
5.153128403904977e-06,0.0005025531561666224,0.00031151276634192493
2.902883775734736e-05,0.00017140593523550993,-1.7385290850203727e-05
0.00011610984714079798,0.0003893035555768929,0.0002927942046150346
-4.632946823781252e-05,-0.0006106782529079997,-0.0008627476239097703
0.00010552257518526331,0.0004107666604255734,0.0002732276368551561
0.00011832558425662548,-0.0005581351018234066,-0.0007113686338789403
9.665936887180045e-05,-4.0605839832208776e-05,-0.00031498240728632554
-2.2858860128504828e-05,-0.0011960203861014482,-0.0012798581986043628
1.2875704681680088e-05,-0.00048659518565049957,-0.0006816128785791434
-5.5529253249218217e-05,-0.0011217262475034864,-0.0011866713073523663
8.046392033913638e-05,-2.249861530265304e-05,-0.00015254697006376528
1.3464484557800628e-05,-0.0008902540754871143,-0.0010881105374039557
8.821657597748509e-05,-8.7527725871007e-05,-0.0003687263493086854
-1.4013766585666394e-05,-4.13988811580515e-05,-0.00015190300688631416
6.637889362105817e-05,-0.00023763848179818054,-0.00037151531734493906
7.485936368283638e-06,-0.0004194142728169,-0.0005813195406916418
4.8420813651858834e-05,-0.0001414419025562426,-0.0002987920580464664
0.00013000455838544405,0.00048574065813211957,0.00023160596531904311
0.00015745682641613511,0.0006519652069671771,0.0005539303708483604
0.00013983533773160507,0.0005120396574560135,0.0003690270579344662
4.8963403498215944e-05,-0.0004317441244076573,-0.0004390198349696349
5.3434874431932127e-05,0.0002598481371243233,5.64853314622419e-05
-3.59830737761716e-05,-0.00018713713735372034,-0.00033758271520842716
0.00014090211807501026,0.00010189577130918702,-0.00026775802374843854
-5.9969212813822196e-05,-0.00016745941896207793,-0.0003513229567452142
6.371024306838573e-05,0.0003018625468604943,-4.473166111122637e-05
0.00011760209255603837,-0.0002892339181335607,-0.00039786283134222685
5.196444318310636e-05,0.00011521119008946844,-0.00016538184526170805
5.12238966730465e-05,-0.00013950707820260848,-0.00015936669052634471
2.1689407644828485e-05,-0.0005164658200075786,-0.0006136964285910833
5.03767870441799e-05,-0.00025741959752676705,-0.0003034258137270743
0.00012778766123685103,0.00017571641366237776,4.521527787716677e-05
8.229673154091957e-05,-0.0001238783931663149,-0.0002641046080780965
5.4126498280528536e-05,0.0002647853671292952,0.00012114934722880088
4.2481553457642755e-05,0.00012171587813404958,-1.1746613101158403e-05
8.697690097167222e-05,5.6912476078130016e-05,-0.00021456106124120077
-1.325377388877971e-05,-0.0005535803965638878,-0.0006838514230625157
1.7441790250073046e-05,0.00012050080922866905,-0.00016272176172965147
4.46384349265752e-05,-0.00032798425224001384,-0.0005298495816088131
5.767340026033502e-05,-8.449842839283134e-05,-0.0003070018875809661
3.5361116341450717e-06,-0.00017964580137998034,-0.00038512655740699395
8.099232047434912e-05,0.000328171985999088,0.00012839641788229406
4.8532514798445547e-05,-0.00046436932664375985,-0.0005869259058770512
5.305048304367135e-05,-0.00010919299360296434,-0.00040743808255842265
6.881389591584307e-05,-0.0002228433298516615,-0.00047674107539410966
9.278612566792634e-05,0.00010451627780635623,-5.132333541158502e-05
0.00014330947981153888,-0.000623590600594315,-0.0009674286084264642
9.622935538756974e-06,0.00029352418033361477,0.00017911593125994024
-3.6416237745385795e-05,0.00016516419466152966,5.284904316509252e-05
6.2406286398701614e-06,-9.953581883800981e-06,-0.00022624858032849294
6.502927696896173e-05,0.0005167992677081176,0.000410289235206168
1.148437311411144e-05,-0.0003219066263580022,-0.00033654293888708776
5.006834421545514e-05,-0.00011123466214153297,-0.00030616454834881855
0.00017568114105359075,0.0005194581195694331,0.00033180689568462545
7.090332510150126e-06,-0.0005182560420138268,-0.0006597655925655948
4.445404979099837e-05,8.192639854089748e-06,-5.976269992708309e-05
8.26103278203897e-05,-7.675272071586684e-05,-0.0001225770195616568
8.250036597690175e-05,0.0004768582994853873,0.00010471773985911247
8.368566321621869e-05,5.662511188011674e-05,-0.0002232453545810723
3.7745965429484795e-05,0.0001769617229117627,-4.597047080810182e-05
0.00015356567558199818,0.0004938597696213579,0.00025367821323236435
4.843061635735968e-05,0.0006945590500238022,0.00047889248343927344
0.00015376043825221034,0.00026715616157201515,0.00010405786588041867
-4.012390793380378e-05,-0.0006857867784814421,-0.0007992188720200123
5.506205459659127e-05,0.0003853923300311628,0.00021324631890886727
0.00013737024640167464,0.0002835270385344703,9.126489040134104e-05
3.9989725627504196e-05,0.0003571217287616226,0.00011966920127555225
7.419090791728575e-05,0.0007718704243131391,0.0005189766095830696
0.0001096001360960898,0.00022702399505306845,0.00010715873526525307
2.2920091536552756e-05,-0.0009149288790889696,-0.0011091701509449766
0.00015187619010561748,0.000462685170289963,0.00016786728727683823
0.0001103793831525933,4.0620170350849665e-05,-9.642452626765662e-05
4.579709567551511e-05,0.0005695446075631241,0.0003314830225816888
6.467053392537696e-06,5.823628762498571e-05,-6.201556315638633e-06
0.00012892615324348931,0.000428208126359341,0.0003029695715345555
6.389026863964803e-05,-0.00010567927829193663,-0.0002610985344248896
0.0001352570986095867,0.0007452278796240699,0.0004920956836546634
1.7268723851867658e-05,-0.0005285069760293033,-0.0006018540145163134
0.00013723254137656285,-0.00016279655776562786,-0.00045600311913841774
-8.861859275259072e-05,-0.0003125331540599262,-0.0005418865049658865
4.0136778349074913e-05,0.0003168273144134665,0.00011940271431215132
3.343477529971636e-05,0.00025820469595463176,-8.596981900294454e-06
6.585021818236717e-05,0.00023067165749955347,5.125592978655932e-05
5.721987420368413e-05,0.00011929574395951125,-8.214957060270959e-06
9.811433155497347e-05,0.00011515306435861956,-0.0003167955420353772
3.412754646638718e-05,-0.0009137374651871751,-0.0010434488736541494
8.846587338806508e-05,-0.0008926247729743647,-0.0010763625064135471
-2.2969064644091136e-05,0.0004878416147297507,0.0003132912062147184
2.936480639091472e-05,-0.0005796611123754582,-0.0006952251517692877
0.00018250233594864767,0.0006204247873617356,0.0003188606981223391
4.825512797319167e-05,-0.0005354239458932525,-0.0007031376257418806
1.2859253999353228e-05,0.0001669564002544562,0.00010792492604384571
6.502573879637527e-05,0.00019218911887653343,3.479439111230276e-05
5.002048624554975e-05,-0.00034084683501062717,-0.00045721519021994946
-7.321649548158661e-06,-0.000787678833672477,-0.000792986373096268
7.50121236757239e-05,-5.1581313989171204e-05,-0.00016522395025286705
0.0001402495117201927,-0.00012256849116647314,-0.0002713276941905515
-7.90279766388051e-06,-7.18013023120041e-05,-0.00022475387398294974
6.638954249066313e-05,0.0004191236334641974,0.00021478545913764273
2.8613477357047206e-05,-3.757228118911953e-05,-0.0002557490522110508
5.596947776860282e-06,0.00031446060994281004,0.00022000891694792774
6.0429923563233134e-05,-0.0005933155872904857,-0.0009309166406772437
2.9763175610043847e-05,0.00024802196111060036,3.768790988837605e-05
3.68370732984601e-05,2.216351396768971e-05,-0.0001341040715562057
7.966074862317412e-05,0.0004910371480538144,0.0002536447856157011
0.00017693862111129206,0.0005630245832509366,0.00024273648635333964
-0.000116733334168004,-4.2575505628291316e-05,-0.00022044219555962703
1.4466404072628635e-06,-0.0002718619680773099,-0.00049744607432772
0.00023618000354133696,0.00044207912745652174,0.0001061515294489644
-1.4672717846168302e-05,0.0003174700522147705,0.0001066764513077011
3.475176978767018e-05,2.6965499049357147e-05,-0.00016735382031934283
-4.9439349855862595e-05,-0.0008242666073991124,-0.000940545391623072
6.54920610225681e-05,0.0001249085813695118,1.9179446471839087e-05
-8.333093191499618e-05,-8.338770845146701e-05,-0.000333693934113718
-3.526932123393476e-05,-0.0002471300637902674,-0.00048304957428084287
6.489658030389486e-05,0.00028166268175744977,0.00010967232506175704
-1.7686287200757716e-05,-0.00032375650170466373,-0.0005445921279524832
2.949403166014735e-05,2.2316164064743705e-05,-0.0002146087683870137
9.233979555016623e-05,0.0005161823040428284,0.0004180263465852938
2.3877358914161116e-05,0.00021391385711942376,7.731680178996961e-05
-6.446269530515844e-05,-0.0008690234818578562,-0.0008577993629246636
3.9297348053924725e-05,-0.0006068123330609735,-0.0006223847524685565
-2.0072264127847706e-05,-0.0002164680921240671,-0.00034186677041086826
0.00011978561835089584,0.00034231616132132826,0.0001308082150320981
0.0001122594612660717,-6.4319947505391765e-06,-0.00032259308824002936
0.00013079263714203647,0.0006674906322480254,0.00048526000044445193
-2.563232122099643e-05,-0.0009320474705977324,-0.0009453936210819267
0.00012599526310144778,-0.000513116448515944,-0.0008280523226521319
1.2430448914173387e-05,2.9436645558485717e-05,-4.370100387074511e-05
0.00011857793537637369,-0.00023076493974087933,-0.0003158642961929557
-3.461592405573118e-05,-0.0002547268023534459,-0.00032385875746730524
6.013021621392619e-05,9.554656795466502e-05,-4.353200377893459e-05
0.0001461566121591154,-8.499431470292916e-05,-0.00035280361862412036
3.681289013379583e-05,-4.753406942927327e-05,-0.00048650695025442207
2.4667579691781976e-05,-0.0005292430694520799,-0.0005616437272260949
0.00015758843865965673,0.00038037718182761004,5.590863143422096e-05
6.490767624386126e-05,-9.550971652879105e-05,-0.00031733515094579967
-3.600582701266232e-05,0.00033111877903459284,0.00012294050446983042
4.1986711471875325e-05,-9.700189370847276e-05,-0.00014259877422682536
-3.0241615502599447e-05,0.0001129681984763291,-5.1860992978703164e-05
0.0001024963113380059,0.00032480091759469693,4.678892022779791e-05
-3.0250128859275196e-05,-0.0005430318170619464,-0.0005921653280957254
-1.2995092484950274e-05,-0.000478854065614439,-0.00063530426299845
2.2717287939759038e-05,-0.0003457783396969695,-0.00047198443988794893
6.497152648257104e-05,-0.00012584888443298555,-0.0002238520671888599
-7.908359315143699e-06,0.0003360700191182452,0.00021070136671800307
5.946226964127874e-05,0.0005777882351130783,0.0002943453690880031
2.3744248397313157e-05,-2.071274352700856e-05,-0.00021215063934528356
5.905181054341403e-05,0.0007146825053974146,0.0005442392092798991
7.66685154075087e-05,-0.0004435863342314777,-0.0006126313529478448
-2.0939026249333528e-05,-0.00015526746160876548,-0.00028450631783691094
8.126793461366038e-06,7.182555826020404e-05,2.1319717681707225e-05
-8.93605147112025e-06,0.00012402148689331764,-6.938112844230541e-05
0.00013410230361705038,4.731116762005344e-05,-0.00010806630827703972
0.00014421542042577625,6.218990391140564e-05,-0.00024974842799208355
-2.1302227512932763e-05,-0.0003321715616098308,-0.0004685650741906704
0.00012531773099962255,-0.00010530073189053438,-0.00021589327570155576
0.00011615877128711761,1.5104548853770317e-05,-0.00016787643313780816
0.00012180577431704522,-0.0002117901566598555,-0.00047082323144206217
4.7603139932423245e-05,0.0003423998275573969,0.0001650073641897107
-8.220915927110008e-05,-0.00031852493899528397,-0.000697773279469696
4.113075419523061e-05,-0.0008936876517625797,-0.0010146727235478032
0.00018998390151059798,0.0011845429907012314,0.0008306152220059122
-4.629411550235836e-05,0.00020004878312107055,3.011644492112168e-05
7.894358042108955e-05,-0.00038226629076702594,-0.0005656769257521702
9.573287435388442e-05,0.0003296362683315382,0.00010606144517246217
0.00015255486916195064,-6.31112920184938e-05,-0.000204592680408468
7.995278296926132e-05,-7.146819118882862e-05,-0.0001939078739986905
6.141668302828458e-05,7.759025794349471e-05,-0.0001285594501924856
6.442333953691146e-05,3.9789937830477374e-06,-0.00016046292859909838
0.00013986305441288818,-0.0005002201313139429,-0.00073811259627425
0.00010487057988269215,0.0002423828130241967,-9.030253490965198e-06
3.795619123075759e-05,0.00022195189836125644,-7.444083769774217e-06
6.855040417971537e-05,0.0005522018608223446,0.00024280270163039427
1.1850083652166374e-05,-0.0004342036566239215,-0.0005834777766819994
0.0001823610743471209,0.00033416464355121906,0.00010552227144328886
5.711276207705259e-05,-0.00011479247452632054,-0.0003194147711223041
9.211913144397684e-05,0.00010775913007754906,-7.639255519355803e-05
-9.335537739988436e-05,-0.0006745926654459448,-0.0007587624846461241
4.222469985561996e-05,-0.00047999462898616185,-0.0005767099508844983
7.347037086738755e-05,0.00018080186045260372,4.067510561469528e-05
4.15409820365371e-05,-8.760673459326914e-05,-0.00018006382062145713
6.596095840858094e-05,0.0003063873988872094,7.857950095675016e-05
-1.040306055534427e-05,-0.0004685602373142626,-0.00043791454128260486
0.00011418531535320478,0.00041083874610123425,0.00022397923376104008
8.287953022392266e-05,0.0002613223210145356,9.731947172098785e-05
2.044575779437785e-05,-5.089536766845988e-05,-0.0002444600554034874
-6.005798936707004e-05,-0.0003086152549693993,-0.00043679869676584886
0.00010740221674794326,0.00019411185857002016,-0.00016262356745415387
0.0001321765667081534,0.0004001305712549708,0.00018595082356787969
1.095127323124027e-05,-0.0005666449367667416,-0.0007134776447995041
4.479573844622274e-06,-0.0004230372037972899,-0.0005087009653751637
1.8631103848378903e-05,-0.0007701942483512273,-0.0008065709125115042
0.00018836558517137798,0.00026584365635068163,0.00013279899097719085
5.897179463463801e-05,0.0002555140408778983,0.0001729095533424586
6.52380696850886e-05,0.0003484760621309714,0.00024456101714367257
6.805555336712146e-05,-0.00044365113969026466,-0.0005944627422394053
-4.6771366694987624e-05,-3.1623225928884425e-05,-0.00024168111916081294
1.5622360332114265e-05,-4.9495712952676645e-05,-0.00019931430312720706
0.00013503539783547296,0.00017673068370895092,-1.5045741639232627e-05
8.26043791963181e-06,0.00042488569217103366,0.00023836859455444708
3.049172325255987e-05,-0.000565033292638438,-0.000728291534170966
8.327442553456206e-07,-0.00048232874260159997,-0.0006121553636101101
-8.284316153612086e-05,-0.0003017321784457862,-0.00035529680368314896
2.197952542692163e-06,-0.0004704986419112533,-0.0005881967055379293
1.9182153726677242e-05,-0.0008655477068935302,-0.0009353826396720457
0.00013806174681211072,0.0003045313935655565,9.736924122131401e-05
7.691095300345426e-05,2.709759136649416e-05,-3.648042300020918e-05
-7.860675553385046e-05,-0.0008057823853264311,-0.0009321136271223054
6.529070754607215e-06,9.069454555615308e-05,2.898528061609832e-06
0.00014306828199878385,0.0005298714516261684,0.00030791658581751514
0.00018410201148294289,0.00045042808056616263,0.0001553073547185308
8.054710095835118e-05,0.0002772223582253921,0.00010683329550144991
1.4830762940431282e-05,6.486925075002025e-06,-0.00016555501505635743
0.00010241850406938883,0.0006429497126664642,0.00035378348418332645
5.1943698058026924e-05,-0.0002213395237308171,-0.00042554008105850227
-9.575302933796675e-07,2.7302830824147087e-05,-0.00016510569585470591
6.127988739706232e-05,-0.0002659452662612178,-0.00035833843352455874
-1.1199723520141788e-05,-0.0008159976439044501,-0.0009949513505384988
-2.1343797454707983e-05,-0.0007687601733030857,-0.0009213654795381086
7.604309198908111e-05,2.700149090969238e-05,-2.2499934358386454e-05
4.799652592169017e-05,0.00027367245963117636,5.459552570393568e-05
-0.00013611503781649513,-0.00043996659409571557,-0.0006004701342314767
0.00010667795304350041,0.0006254199485540095,0.0004642306869521954
-3.301033628153372e-05,-0.0005209735032128816,-0.0006899191638187502
3.5892082864365666e-05,0.00018194546566071936,-6.725600518906253e-05
5.871259925051519e-05,0.00026240432830032046,-4.051355292250864e-05
9.879821293273623e-05,0.0007225502785090885,0.0003420029678410406
4.450374048724286e-06,-0.0006770744416202517,-0.0008083105889492031
0.00010103645713565074,0.00048127066768588575,0.0003086892294987266
6.168392735848589e-05,-6.824159174671069e-05,-0.0003453066318864974
0.00019257162195184723,0.0004476519515734139,0.00022377200793294842
-1.4086736439812764e-05,-4.623362469773155e-05,-0.0002346527012971158
5.763599565338247e-05,0.00015944159497717134,-3.302119550113074e-05
-5.596911999690359e-05,0.0001839347242803232,6.864590784252939e-05
1.552377309923836e-05,0.00027239659286455183,-0.00010610075576534533
0.00021692546488105455,0.00028196427090005033,-9.731171360138189e-05
-9.405582016902748e-05,-0.0006932283711514438,-0.0008485547047065485
-4.385121129699178e-05,-3.5222223755762924e-05,-0.0002147942206166789
3.642260086159625e-05,-0.00013822447502228463,-0.00022583945265644597
9.769689245433963e-05,0.00039466777245053476,0.00014718516067432097
-3.347817824069871e-05,-0.0005574241517933004,-0.0006141416130539047
0.00010323244085252739,0.0002315769006780157,5.693268427107301e-05
6.306081536250379e-05,0.0005460182671651756,0.00038933311623843257
5.464065935857916e-05,-0.0003722306997549474,-0.0005372948136513117
0.00010634712425960783,6.799018290374361e-05,-0.00010106472195267621
6.52263639351349e-05,0.0002582475082332299,7.741553073300365e-05
0.0001568804130510373,0.00020092503826031765,8.540926814166208e-06
2.8731575293541747e-05,-0.0005819533339319429,-0.0006927949610255899
0.0002457599216807812,0.00048625369540352623,0.0003400945828630509
0.00017323608027217607,0.0007589766092881476,0.0004326962252629241
0.00024703797026151455,0.0008633911324492518,0.0005908582858253615
0.00021596238132699802,0.0005060107679496573,0.00026622844577096395
4.4176995485664054e-05,0.00041948368520874457,0.0002363775808605103
2.9036160977285292e-05,-0.0002571173166950149,-0.0003753239749313278
4.5418067684286864e-05,0.00012401193560996967,-0.0001966515157889869
0.00014005168889032898,0.00047754414049589594,7.048182090955746e-05
9.35928470221765e-05,-0.0003095039588614019,-0.0004499804002812813
2.608252733563169e-05,0.00038912935588752783,0.0002831155697660354
-3.701870454890223e-05,0.0001595188392130792,7.902644405649698e-07
7.343233196652598e-05,-0.000178494611325363,-0.0003024718136900071
1.6243386536367774e-05,-0.0004628323383185787,-0.00047905172464921756
0.00014596092737894113,0.000143756995431633,-0.00011394670160121199
0.00012694008937180358,0.00013770601465185194,-5.36761295565792e-05
0.00014317258241434427,0.0003823092792576267,-8.293005781076767e-05
7.777271387576064e-05,-0.00018230636574103693,-0.00026247555559034025
0.0001823441299619947,0.00099501463294682,0.0007213517446192671
2.2861432329698324e-05,0.00011721977019936745,-0.00018589661437332482
1.7634542877543823e-05,3.841152474288271e-05,-0.00011281373807890517
6.346162453914214e-05,0.0002347020520628575,0.0001410675862522537
6.124392209946506e-05,0.00023905817514774537,3.0690367487168834e-05
-2.9509282737739327e-05,-0.0005025306329227577,-0.000579649690240461
9.383523878409226e-05,0.0006541101884438305,0.0004558267696943459
4.684155526971348e-05,0.0004458517099642488,0.00011979210264909628
0.00011434357560395572,-1.6252648085322407e-05,-0.00010508890152640486
0.00014255708546239798,0.0001224690817899715,-0.00015425636180693277
-0.00013292851385195842,-0.0011207921843908993,-0.0011045716810511536
-1.3283193785653351e-05,-0.000456434728077971,-0.0005964346564403149
2.898815374945528e-05,0.00014434331357332297,3.572168334965874e-05
4.741813341703992e-06,0.0007253316036049556,0.0006324020461305965
-7.537585649945169e-05,-0.00031958226067028034,-0.0003128349117565814
3.4350641601526243e-07,0.00042778504470602173,0.0003128151043353919
9.437700932995107e-05,-0.00046628686079053174,-0.0005680903692535913
9.254809144849808e-05,-7.681288147430869e-05,-0.0002464510086377237
-5.189055344638119e-05,-0.00022297336496741234,-0.0003285980802402446
-3.304762501997471e-05,-0.0004871482215548536,-0.0008827166661482141
-2.4146818749581163e-05,0.00016080343956917132,8.697488069143224e-05
0.00012025415050385273,0.0005699448203092558,0.00037075198729268153
0.0001274931072543139,0.0011063211840064552,0.0008802641107063187
-1.9770376795773343e-05,0.00034783262435391916,0.00011644300551999433
-6.331434335000576e-05,-0.0005027250504672557,-0.0005626129978182015
0.00013041432717812636,7.266891033971804e-05,-9.845645994643209e-05
-5.299312230888799e-06,0.0002934649748500014,0.00010007870820601793
5.771682244016361e-05,-0.000712622413402853,-0.0008691730698257411
9.829260832526431e-05,0.0003895463048268075,0.00010059757648835617
6.064119548292426e-05,-0.000248100740699592,-0.0004133836695631893
7.269919046191747e-05,0.00023885329006218125,-6.884818998071122e-05
8.034203676394808e-05,0.0003666184514667254,0.00024261332644578515
0.0001256851165932878,0.00038714974143108833,4.767527124862619e-05
0.00012107527795601879,-9.535983873061726e-05,-0.00028545156963792325
0.00017742294386322125,0.0007916128729802149,0.0004177853493434031
4.092886903519396e-05,-0.0001513587656885323,-0.00029481378117602653
8.339828419441087e-05,0.0005107496660001739,0.0003189139549077941
8.363826216113337e-05,0.000382097626633131,0.0002156468563240552
4.791495227032737e-05,-0.00017482388433000585,-0.0003153817838105217
3.150260752517165e-05,2.687325032723706e-05,-0.00025436878849439514
1.180035340862676e-05,-2.8641545439468723e-05,-0.00014946869496516326
6.718781417804084e-05,-0.0003297223272331498,-0.0004496650259895865
9.182383672868955e-05,0.0006917670817726216,0.0004320175566435957
-3.8823439006813436e-05,-1.7918401972344422e-06,-0.000123450599917505
-2.353901303190801e-05,-0.00015872447679451664,-0.00038351744908693213
0.0001002623028260505,9.42120453949185e-05,-0.0001872022795731981
6.2820815539454e-05,-5.0931336408211174e-05,-0.00018028353025210044
6.305973214512496e-05,0.00035180950939493175,6.177458739211589e-05
5.0874971793848586e-05,-0.00031660254366534194,-0.0004681558894464332
1.9253004664921742e-05,-0.000666758326156784,-0.0007747168578422971
0.0001915424739834873,0.0005336064382632667,0.00032401465625051055
-1.276284708082753e-05,-0.0008981983014020711,-0.0009928585459162865
9.490810444311263e-05,0.001024173765105145,0.0006863866168812188
-8.089341340238612e-05,-0.0010800961314526667,-0.001107431219463672
3.546689300581402e-05,0.00012409184988037,-0.00011825366339600604
2.6116321901969292e-05,0.0003617668531665239,0.00019544210630021385
5.298018261319976e-05,-0.0007230253805158707,-0.0008969228101678511
-1.8203533132304283e-05,-0.0002397978667752179,-0.0003245989910866577
0.0001094364916181339,0.0003967548635545157,0.0001305135725105149
-5.922475251170505e-06,-0.00039713499133807234,-0.0005562792413745603
5.29435502367355e-05,-0.0002162223071287176,-0.00030019176472842343
2.369909269193344e-05,9.895782643735917e-05,-1.2905877037671572e-05
5.761882599322155e-05,-0.00018675633805626332,-0.00037174124001025904
0.00024137098220921395,0.0009687674707885151,0.000776633765588043
-2.5108187113231245e-05,-0.00034171652384577003,-0.000608516566184024
3.640777158669153e-05,0.00029626783843079963,0.00017965744591106312
0.00011665666840842778,7.363925689481013e-05,-0.00024128058732675585
7.955378575357497e-05,-0.00014282471613310735,-0.0003977240462090516
0.00017487717592607865,0.0004076168792838783,-1.1678846593718786e-06
0.00011423028563279454,0.0006773691162636419,0.0004537476832051819
4.780332598374289e-06,0.00010923619847003798,3.053357022760178e-05
-3.3463400353085144e-05,5.466995479620155e-07,-0.00023754647661522512
0.00011089891736685187,-4.597119604494396e-06,-6.689032286290964e-05
-3.6919655446263674e-05,-0.00073747919223665,-0.0007244631187121665
5.1291359430612234e-05,5.0476481076287296e-05,-0.00016252645486705664
0.00018582537651920305,0.0007469114896146373,0.0003795309741293193
8.794512693418777e-06,6.800302306648136e-05,-3.258181336497816e-05
0.00011079257181163471,-8.897462129788637e-05,-0.0003321961049605849
-1.4801930545125665e-05,-1.4512850201877433e-05,-0.0002212264653067842
8.452361396359405e-05,0.0005602807756104457,0.0002754352412317165
0.00014824338175372962,0.000751386454008065,0.00045451333558047614
9.63783870839709e-05,0.00021368430313262806,-7.681196953527878e-05
-4.046733111239196e-05,0.00037031345825881646,0.00017800755221165137
-4.275939006215222e-05,0.00025026238144232153,0.000170236048538705
9.64460879586414e-05,-0.00013994210116635437,-0.00027304694619416576
0.0001116458301839088,0.0006279375849212682,0.00041802046516307745
0.00011184432187728861,0.00015173611132997787,6.894508007805821e-05
-4.949800646506056e-05,-8.465082861501918e-05,-0.00027637667868157627
1.185324993046525e-05,-0.0004459376221079609,-0.0006849928277527005
4.4946446870408474e-05,0.00033888047125091915,0.0001971449237973351
-8.05650835990668e-07,4.554495096306441e-05,-9.522668307039174e-05
4.8174661391291835e-05,-0.0002758981622005372,-0.00046421211636687103
0.00010761120752440841,-2.7464915705964715e-05,-7.131129567240237e-05
0.0001322362774282137,0.000513059195763419,0.00033582065993108864
-9.366360276959068e-05,0.0004987063233218659,0.00022203756034713636
0.00013967343891312784,-6.134876882893877e-05,-0.00027869216331225845
1.9390613914784476e-05,-0.0002739648491706084,-0.0005299670920394321
6.365451833832994e-05,0.0005093283751626554,0.00032785455644797893
5.443166238597617e-06,-0.0005037115393805247,-0.0006581350825055716
7.454158951077065e-05,0.0005736824589848451,0.00042359375735653924
-3.7915550825819275e-06,-0.00046101053751977476,-0.0006124537331393675
0.00012156908117836304,2.3546098326541727e-05,-0.00018754987515752638
-9.637708091274528e-06,1.1959947276360175e-05,-0.00012266300433905935
-2.1687522967271767e-05,0.0002673424675909163,0.0001403698275934052
5.6256760902140284e-05,-9.364211809851234e-05,-0.00039620124203251604
9.466562282365334e-05,-4.766197546933907e-05,-0.0003281065913854895
6.646126626051296e-05,-0.00040571653237056146,-0.0004876245423344592
9.849950113321009e-05,5.679512033677554e-05,-7.910498772573275e-05
7.804316619443996e-05,-0.0004518345653063991,-0.0005802707248068067
0.00013507784617706933,0.00034689237891069065,0.00016342352159575562
7.368360576718612e-05,-0.0005860886271229338,-0.0008045917724960061
4.27917016348597e-05,-0.0008142982315851111,-0.0010326370926893905
0.0001725422350956946,-0.0003186039423874953,-0.0005050469910785398
-3.335123202114333e-05,-0.0004920315669832219,-0.0006504654132110793
5.31544243718484e-05,-3.171721647411604e-05,-0.00014852780805546398
0.0001085647785857493,-0.00011276578792402699,-0.0003271337381676963
0.00011049756902392475,0.00028014446865779656,3.4119769508346735e-05
0.00013635948373779522,0.0006903889157669201,0.00044244879429659244
2.8012315867188717e-05,0.0005175741874935242,0.0003591927234555672
5.1773514810464326e-05,-0.0003869640649403705,-0.0005595943786794466
7.243017343311326e-05,6.0359585612151635e-05,-0.00014139844418212328
-3.430812569471474e-05,-0.00022206775098965919,-0.00027760587190392986
6.751547091213018e-05,0.00015563375156075668,1.1308789714265248e-06
-4.6736719026913186e-05,-0.00033427768969852313,-0.0004031740127986839
9.552969749658202e-05,-0.0006632038187122394,-0.0008121275349720452
1.3893013222442276e-05,-3.560663959608639e-05,-0.0003075418242053817
0.00010055372073589422,-1.218478280659181e-05,-0.0002817194198782531
3.17185841643564e-05,-0.0001847825796625456,-0.0003090073841128431
9.98642818995317e-05,0.0005904265854532309,0.0004502641897787275
8.668694264149046e-05,-4.315858552459925e-05,-0.00011509742816196106
9.04366084249113e-05,0.00037466142868950055,0.00023051918886801752
7.606340364883649e-05,0.0005813270761016869,0.0003917643778522558
0.00010442798776166864,0.0003045676219446024,0.00018891270985806134
8.599969188366095e-05,0.00048270466865750993,0.0003750817659611267
5.864881612009773e-05,0.0001558395331491325,-0.00023201118040251103
8.973556625786638e-05,-0.0004800961227165931,-0.0006108336072612362
4.0685530609665466e-05,-0.0009938763133985327,-0.0011893946343250333
6.614178196581681e-05,9.050655544497099e-05,-0.00016039545707796318
-4.753052706511882e-05,-0.000305075197052477,-0.0003493746090524947
7.533441935201986e-05,0.00036142566334196514,7.8347788477202e-05
4.2206553379159074e-05,-0.0002005742810067208,-0.00033772106034152754
-3.736294707943412e-05,-0.0005326059806530795,-0.0006489644919310579
7.049207851199336e-05,-0.000320002323200382,-0.0005754397337112509
0.00010678228698951121,0.0004148201240735674,0.00011866263446959078
6.170969193445444e-05,-0.00015100467102984648,-0.0002639884673282954
-2.556016744881037e-05,-0.0003465722379629311,-0.00044498051491468705
-8.276962970036163e-06,0.0003264240244120432,7.070898587635522e-05
-2.0007064570137892e-05,-6.004999915598205e-05,-0.00034498155953838113
-2.84095687085671e-05,0.00033172442743705476,0.00020752892827170018
-5.240064308839219e-05,0.00015549156514602588,2.6563067396815894e-05
0.00017443488947439288,0.0005415468128656873,0.00019510429536612293
6.039170397816409e-05,-0.00016049524010375982,-0.000381204106504012
3.53535130442455e-05,0.00023294150912927958,8.517978338684688e-05
0.00017187203315358564,0.00023871024924514104,-4.525143924806799e-05
0.00011769198384685751,-5.477062516794686e-05,-0.00028656740526315284
4.455965939928969e-05,0.00012145152447615403,-3.445684369549942e-05
-4.630204221353789e-05,9.537806152841753e-05,-0.0001627124914306611
-3.609165658523871e-05,-0.0005360522269288588,-0.0006951365089509822
2.9447633323722937e-05,-0.00046033687123572743,-0.0005839226677253111
8.837302349495212e-05,-0.00015978559306146104,-0.00026367589540095303
-3.4900429164955616e-05,-0.0007987047272121381,-0.0009402534751818339
-6.731030326485228e-05,-0.0005451581408183553,-0.0005822668009068629
-3.340632056090471e-05,0.0001386465000454818,5.214344957874781e-05
-2.7576053328212907e-05,-0.00047063045616714327,-0.0005350239335319223
4.5428530741698555e-06,-0.0007860848464221282,-0.000919729308789538
-4.5612427951036665e-05,-0.0008851823331899436,-0.0010219465616042264
0.00010143666869072627,-0.00024081299950477506,-0.00030725158558833447
-8.499997331202949e-06,3.620746211881464e-05,-0.00012009258396318123
3.8969684581581634e-05,-0.0007171469759193833,-0.0007875424059349782
8.152017520947545e-05,0.00011321850330089652,1.8733371812947874e-05
-3.4107375508712765e-05,-0.0006477747078706137,-0.0006927008558047419
9.439199364249501e-05,-0.0004267667976218318,-0.0006419167989871015
9.036420051927133e-06,0.000427742132514324,0.00030068449541569475
0.0001724743372740539,0.00060516959370251,0.00046105725910821607
0.00012002196190681843,-2.8216250007782125e-05,-0.0002834150564354499
-1.775063841891219e-05,-0.00047840857812674715,-0.0005827001209309992
7.772447987433439e-05,0.0005195185548488217,0.00033565497301748636
3.17698674084085e-05,0.0002777420658003267,0.00020562146132432844
0.00011024916837656826,8.48868034212745e-05,-0.00010428039900655468
9.752061035784188e-05,0.0001303430203475692,-6.259235546681165e-05
1.4712023964420106e-05,-0.00033635993632968143,-0.00038985530462438435
7.403803690451976e-05,-0.0001317763850532647,-0.00034639884339602797
0.00013573892931885456,-0.00026619035916880713,-0.0006807838298272064
1.902797644052821e-05,0.00025434639578495014,7.51039556758637e-05
5.4535339456147726e-05,7.892684923506893e-07,-0.000120461739335392
4.804937958338549e-05,0.00018750086403847025,-4.5690173448951414e-05
2.0708561521453473e-05,-0.0002756043963391935,-0.00037882933889948325
2.568271827892454e-05,-0.00028710377659947346,-0.00044470666087013423
6.247867863505223e-05,7.889409655859209e-05,-2.4944544145849118e-05
0.000125203678876553,0.00027925915987380177,4.8785726066148205e-05
6.992975868611281e-05,-1.6704992018086364e-08,-0.0003471399236733004
-9.61825036247993e-05,-0.0006944709952309253,-0.0006832271332082678
6.31983734637603e-05,-0.000150388099127728,-0.0003850099672848935
0.00010275822904918489,-0.0002984555637550127,-0.00041044460292510724
7.066306442855095e-05,-7.035546313617936e-06,-0.0002360625215072767
0.00010159815848792572,4.1964719554303884e-05,-0.00018938311889224495
6.767459634501763e-06,-0.00032361788701259375,-0.00044175512021577034
0.00018713311998812536,0.0001845851386909443,-0.00024253899599651965
3.7251468159004564e-05,-0.0002207933375450367,-0.00039221389604774
-4.029238687351308e-06,-7.064697919185122e-05,-0.00020495651163381236
2.414479807874055e-05,0.0004386471988765128,0.0003229787001784489
2.7037111037145833e-05,-0.0001282820581725489,-0.00024742007678820507
5.085298639874599e-05,-0.00012057954003303278,-0.000389975149545986
4.543358282951135e-05,-0.00032363308749568207,-0.00041873278483048977
3.500626970189119e-05,0.00018774068444941914,-5.5283345564131935e-05
1.632674898304569e-05,0.00015585467769478056,-3.336803202604765e-06
4.886958771110954e-05,-0.0002681352952336503,-0.00039510461782294587
9.048634291889331e-05,-0.00044002958808526005,-0.0005468462866914682
-5.5673048334089966e-05,-0.0007836631944426265,-0.0010046162179784433
6.949546527390489e-05,3.898670894201083e-05,-4.1996061677619754e-05
6.450733319401339e-05,-0.00027253768711709114,-0.0003912786755441677
0.00014573074200585037,-0.000394806254184301,-0.0005568385438299963
2.3519191067995467e-05,-0.00031136565408035647,-0.00042318559662665864
-6.227600545643123e-05,-0.00032399355628524396,-0.0005754816311982161
5.327078657451247e-05,0.0006268600038882363,0.0003372376212652253
-2.9771711239163617e-05,-0.00027954146407004727,-0.00047787054627699025
-3.391294035326933e-05,-0.0005888415084493961,-0.0008481800241577561
7.918621606851768e-05,-2.8927752891654826e-05,-0.00018784531102603207
5.055345064856068e-05,-4.1946781673398014e-05,-0.00012879288949978803
4.249398617808624e-05,-0.0008079865889775408,-0.0009585552027218311
-8.652241846205823e-05,-0.00034331554682790985,-0.00048693559854405067
-4.881949591130672e-06,-0.0003344392584998065,-0.0003730796701721279
3.824309270293385e-06,-0.0006536237552445479,-0.0006367059760796611
-3.886563195486584e-05,-0.00033657097890412433,-0.0006060272145291037
6.172525370327819e-05,-3.437367403407289e-05,-0.0002430395824229712
-4.430684723694749e-05,-0.0004152944881410131,-0.0006947515814444325
-4.689773958955993e-05,-0.0004882368164609843,-0.0005972968415827523
2.6164161009830674e-05,-0.00013064770084497283,-0.00038518746712297707
4.827541426912712e-05,-4.502591490539848e-06,-0.0001868658466984753
-5.315664355568021e-05,-0.00044733488166303763,-0.0004834761224095066
0.00016351246531982997,0.0007883913992932993,0.000585269382089614
0.00012028527014437603,0.0005883773236536958,0.0002780107107493661
0.00012980637347319903,0.0004257335792855911,0.00028132076259673413
0.00020035883659767344,0.0007057480509473741,0.0003984407031396028
0.00026128901735347873,-0.00021771207223249007,-0.0004624255911674566
9.763887378913885e-05,0.0003864478766792169,8.427102652527652e-05
5.2274024308692315e-05,0.0006943992261095563,0.0003882004033123719
2.061340377509192e-05,-6.455645622036998e-05,-0.00026563638581595544
-0.00010447355358618818,-0.0006011202279256466,-0.0006984550935586439
8.52997092410185e-05,0.0001099362417137337,-0.00010115797678703889
-1.475615785836236e-05,-0.00023440198104380473,-0.00031710300953480036
0.00014659924013752165,0.0006004854775379426,0.00030119805254090205
4.7146995296201276e-05,0.0004859526753374122,0.00031701642136642335
4.700994791627486e-05,0.0002093819780346458,-5.146182046420668e-05
-2.365862412290708e-05,-0.00013236090824113848,-0.00033841532993431897
5.096310540426745e-05,-6.74256336575171e-05,-0.00016740821750922476
-9.992979961877794e-06,-0.0005550303161503713,-0.0006123194193218119
0.0001123011551716472,0.00027270199021409234,2.3537012453844083e-05
3.957207442213814e-06,-0.00022685563686820716,-0.00029960411551468644
-1.974779942452942e-05,-0.0005000446286964953,-0.0005734530250432521
6.983431074346165e-05,0.0005301920439332761,0.000315361041170664
0.0001201616991779272,-0.0009127713301825156,-0.0009506350932435372
1.8005129656268064e-06,-0.0001763347041026519,-0.0004154744938237666
2.4956018928520287e-06,-0.00046705048527518494,-0.0006091270842510467
0.00011892356708762965,0.0002625611647242372,-3.4864247962956575e-05
5.1597390981811936e-05,0.00041077506264379027,0.00011078408088748196
0.0001187353042164806,0.0005258544706982875,0.00037710409315286185
7.992029139399691e-05,-0.00028723425304576114,-0.0004189463113639888
-3.830404428414527e-05,-0.0006516917088337375,-0.0006495285692758433
-4.610397126465811e-05,-0.0007271786717225142,-0.000800112759135481
8.470108351210255e-05,-0.0003014859760654966,-0.00043592786179368786
1.0106529291340778e-05,0.00012702614274521232,-9.009262626450489e-06
0.00016204472107058065,0.00047597073205233627,0.0003270127507123444
0.00012644237722792595,0.00039259992523051816,0.0002758378012065346
8.090880720699397e-05,-0.00032246240370700145,-0.00039296404517897437
0.00015237275461477104,-6.526974008721633e-05,-0.00025768684694703396
5.503220950146187e-05,0.00021565872874254713,0.00010768516024218901
0.00010937477522395122,-0.0004991403708908453,-0.0006195332382354765
3.4688313610617975e-05,-5.0804317267901035e-05,-0.00015460852176518006
8.011796251587669e-05,0.00027208586687159115,0.0001665827547778112
3.740969624643211e-05,-0.00027105739558652806,-0.0004946151862259281
0.00013204742812342922,0.0002959996426447218,-3.9716897619832545e-06
-1.0186451929076492e-05,-0.0001693196607154847,-0.0004008488749848468
-3.520240769205795e-05,-4.677688492805111e-05,-0.00014114924313882196
-4.498481296525839e-05,-8.909264237167525e-05,-9.802576592430606e-05
0.00010144953035997372,-0.0006187911553670724,-0.0007762960380690305
7.262902777615971e-05,-0.00033950539183335454,-0.0005695221899775012
1.8715574855195522e-05,3.1847241119020524e-05,-0.0001407017131295256
0.00021690453865885954,0.0004022649193805838,9.766181622989414e-05
8.557306170650327e-05,-0.00012110068923224448,-0.0003169053589753248
6.344374515196335e-05,0.00010611153952844681,-0.00016423655483090312
0.00010793797542208422,0.0005968084262331717,0.0003197576879960116
3.0050004693374824e-05,-0.00044060140571403116,-0.0005893561397126434
5.129843688002258e-05,9.224359798396507e-05,-5.40899959190145e-05
0.00011286566132154814,0.0009706947833722668,0.0007959738231957652
0.00011564628304904497,0.00020260504328260728,7.231339860641842e-05
5.959963846858022e-05,-0.0005249972098903218,-0.0007167301020425149
4.222392083561179e-05,-0.0004431101653397801,-0.0007880299757811698
4.9370655019226626e-05,0.0003125690508022568,0.00018433867329167153
5.317740838607857e-05,-0.00011728652986379173,-0.00018052953895653196
0.00011266083626014105,-0.0003339927452800997,-0.0006147088440701938
1.0682812811778906e-05,0.0004970307930215986,0.0003551325220543275
0.0001024215153393572,0.0007065514690487603,0.0005466132686004851
1.9214307486810925e-06,0.00011703084750890435,1.704194852156155e-05
1.4972738115381294e-05,-0.000274438951525545,-0.0004230258047009896
-1.1966438877661237e-05,-0.00014014923819806696,-0.0004098059439581978
0.00011766165184469852,0.00024271146343790193,-1.227329013076995e-05
1.5751587310585844e-05,-0.0003061275697767028,-0.00043464891889411004
0.00012190477774707257,0.0006574511941146082,0.0004664586129759052
-9.371215983209482e-06,-0.0001330403827401243,-0.00030248030551512583
7.279336512094763e-05,0.0004717921639459438,0.00026168235496342265
9.542259890996731e-05,0.0002146362578022853,0.00018121982937752717
-5.366140938632485e-05,0.00013591672486675704,-5.3363403974415074e-05
4.3100217227514965e-05,-0.00013026552999615725,-0.0003487178818645201
0.0001646785404098386,3.1744258147398965e-05,-0.00035881248042011484
-1.1567823011872472e-05,-0.0004943379872581539,-0.0005832778049733552
-3.463277040929966e-05,-0.00027270346776805786,-0.0005131238276117317
1.3164244643491457e-05,0.00023642800218844849,8.121136998160959e-05
2.289870580317473e-05,-0.0002263547597337901,-0.0004113508056587757
7.929897340806414e-05,-6.973529411946934e-05,-0.0003046465462974222
4.204638576169983e-05,0.00019793824508066593,-0.00014739266461786713
-3.53130925815025e-05,-0.00028478488070092707,-0.0003400037320797753
-1.1499855206197328e-05,-0.0006870211812985409,-0.0009946240669060176
-4.0818916362317056e-05,0.00019320685268236067,3.695762561462912e-05
6.709745988442691e-05,0.0004701018401526495,0.00021688696811842848
5.7856290393278444e-05,-0.0003238956650399359,-0.0005344657345621193
2.92875506619229e-05,0.00029487155358809175,-0.00016019443158829682
-6.263478717569401e-05,0.0005819281375898989,0.0004204617632262213
0.00013346181695123203,4.5851413030946107e-05,-5.6639637524621945e-05
0.00013960872592574795,0.0006531995135820087,0.0004584594343012799
0.0001273460579676629,0.0007303427834144222,0.0005160434953243203
4.593772015643182e-05,-0.0002926054330513487,-0.0003832426960981907
6.441359796621548e-06,-0.0001823845048890109,-0.00034633412122557993
5.25823521364602e-05,-0.00026478104172805413,-0.0004769281871988577
9.874907801346624e-05,0.0005013816454658863,0.0002873847768670608
9.118940027692801e-06,-0.0003894889536397491,-0.00039767103632281807
0.0001819283737153452,0.00016002597691327665,-0.00015583698294734422
1.3077108431811392e-05,0.0006117762701848957,0.000507601490722937
-2.704606985306383e-05,0.0001789209006391762,1.5249689964377884e-05
0.00013550706337365717,0.0012664727955589514,0.001036941931235237
-9.433578188740551e-05,-0.0012835860089707614,-0.0013492861965914158
6.845641441210416e-05,-8.089715220678013e-05,-0.0003940034835801995
0.000181913049400733,0.0003063563020978377,2.0234334690349948e-05
0.00010646516859640542,-0.00034315781484712686,-0.0005484455565110241
-3.413954893587032e-05,4.2864565692166275e-05,-0.0001811062488855226
0.00012682920770138128,0.0006374318634772484,0.00040191718238331007
0.00014713000695957992,-0.00037343671271662204,-0.0005918456602222233
4.4967525431710394e-05,0.0007014053201959978,0.0005909331717378001
7.90860565564426e-05,-3.4951362935259074e-05,-0.00029308116281179486
-1.0443561558326784e-05,-0.000356073860809989,-0.0005231400900001595
0.00012557518029845583,-8.69196548227126e-05,-0.00026776739754309407
3.695637697048108e-05,-0.0008311689405665816,-0.0009128287965778725
6.06869731456219e-05,0.00014488023216788183,2.6190518831975773e-06
-8.152947928960654e-05,-0.00096458198362808,-0.0012293083037953371
-1.955820961913442e-05,-0.0005052200223231488,-0.0006678946998350573
3.5782422294207975e-05,-0.0003404707440381737,-0.0005721545016363662
0.00011811613496429772,5.837353782049383e-06,-9.029962658884343e-05
-6.113045533665871e-05,0.0003030655747874156,0.00020059084762712246
0.00012645875067688638,0.00023071413087442095,-0.00011163678521575642
5.469412905251679e-05,0.0003609242681132143,0.00017916966443743402
0.00011102048713862857,-0.00020769830535822314,-0.00046132875263110045
0.00011357289356130393,-5.29011581166673e-05,-0.000518736766512697
-2.7395046725754875e-05,-0.0006431621879751076,-0.0007267424788620286
2.0466267451277667e-05,-0.0010028023178195958,-0.0011930160642943798
1.383901475034179e-05,5.837394724732587e-05,-0.00013663384209056947
0.00013601146470016922,0.00012832555203859159,-7.419088275540195e-05
-6.016277874024167e-05,-0.0008731053956647226,-0.0009521576882913967
4.889433458088167e-05,0.0002618901800486614,-6.782538663131286e-05
8.767443400356036e-05,0.0004393442286757614,0.00020761900039685462
6.225678989799213e-05,-2.8232967810391178e-05,-0.00029836327646686335
3.602205383792751e-05,0.00026953623323477206,0.0001676447310199033
5.54566145693454e-05,-0.000585819426653767,-0.0006872035261867211
3.3082767516745356e-05,-0.0002753152999658131,-0.0003567493539457095
-5.071579126496355e-05,-0.0006697752375547443,-0.0007533040022209168
7.927568386611756e-05,-0.00042476670338773535,-0.0006273931356528139
0.00015084408979972223,0.0006028863273490505,0.00040669103129967974
1.6611454428386475e-05,-0.0002433271955761504,-0.00045918149607245034
0.00012639630411043364,0.0005586256498190326,0.00038973339630286885
5.268060601844673e-05,0.0004813648212245559,0.00041487307238176406
0.00012068252680155585,-0.000420432792300869,-0.0005077004336345244
-1.3005140710951776e-05,-3.546440760510188e-05,-8.492853513283112e-05
6.712128518916187e-05,0.0002589221764720367,0.0001317043569735523
-1.8951009132467205e-05,-0.0003084402781675913,-0.0004890977598704391
0.00016773417027762485,0.00013453719765520327,-0.00018517156373594934
0.00010099574435453853,-0.0001870340226800113,-0.00043199104828435075
6.889543474499507e-05,-0.00028792019032224396,-0.00031593199384885595
4.751770641766938e-05,-4.224006117142551e-05,-0.0001405984674818525
1.534118746967253e-05,-0.00029003015590584687,-0.0004276617888938328
-4.761076679107764e-05,-0.0003204136058716861,-0.0005133176764994904
-1.4529038726513962e-05,-0.00036338250852580934,-0.0005307744573495703
9.010566972011906e-05,0.0006371351914663331,0.00037239714302765114
-3.496538403088736e-07,-0.00044835050996195594,-0.0005319491332170191
0.00016687350685124167,0.0003365513770684043,0.0001379869648680291
0.00012375223228235343,-0.000831468086033625,-0.0010482835478568904
1.3982969606780854e-05,-5.073827117390228e-07,-0.00018629405136975184
9.810772289032573e-06,-0.0002466898285090429,-0.0005297458945519314
0.00013593024998436714,-0.0005167401513927173,-0.000695016156564507
9.08681284145074e-05,0.00042934178357251153,4.820366922788529e-05
4.782227884762326e-06,0.00035528620162346837,9.045890446959771e-05
0.00010774112313635518,0.00027265973873821683,0.00017712887689783205
-5.017548562650202e-06,-4.150967941376433e-05,-0.0001701913713339099
0.00014103266517016285,-1.0564692481021407e-05,-0.00014491816741735454
6.913789476443375e-05,0.00021146633637162613,2.1537726382068285e-05
1.1731645131746269e-05,-0.000568788367188103,-0.0006210913687356552
4.801355702764843e-05,0.0005513169611136583,0.00042272389406901426
6.892711502668066e-05,-4.451249231289523e-05,-0.0002621983157012843
-6.837582874722061e-05,-0.0001941854034376128,-0.0002797481347717465
2.7998133231873774e-05,-0.0011933458795879825,-0.0012728904690271282
-9.981045270528296e-05,-0.0004427034615619457,-0.000641271019729635
5.823084078762517e-05,-0.00018803753427606155,-0.0003877368849411621
-6.838886321489793e-05,-0.0006355747878427668,-0.0007496076250330501
0.00011671276031103461,-7.010865718665442e-05,-0.00028390532266901416
3.901200680574985e-05,0.000396394799529903,0.00023896525920625715
3.934289073570312e-05,-0.0003373277632523254,-0.0005273875107161057
4.53076050709012e-05,-0.00010069692812462593,-0.00018072837692730524
7.56067028983649e-05,0.00023485256957971615,6.617466150687999e-05
2.9002435778867423e-05,2.1367730855937592e-05,-0.00016262762283583107
3.960443185549464e-05,-0.0008293938235108594,-0.0009494708692899187
3.956265250192024e-05,-3.154907373020206e-05,-8.533653010795258e-05
0.00010222323015098738,-8.260268400360046e-05,-0.00031541031831872404
2.77593950356397e-05,-0.00010899581658482504,-0.00020477855640317288
-0.00011321361483677267,-0.0006303692262634422,-0.0007839694594723836
9.945537123921559e-05,-0.0003126036426873647,-0.00042583091247313045
0.0001215219882359681,6.280158841912673e-05,-1.8657952149706052e-05
8.738313016763992e-05,-0.0005183648904207438,-0.0006481410285669794
-4.4441086679165626e-05,0.00014815988737835816,8.149900808537959e-05
5.761970478426661e-05,-8.216069135838115e-05,-0.00013250682341123455
9.097916355555922e-05,0.0007509958624632864,0.0005023832846407539
6.843535607545573e-05,-0.00032550760490157246,-0.0004905531744316896
0.00019150070683011396,0.0009462473755045511,0.0007193503208705024
7.382577316523783e-05,0.0005908173027517866,0.0004384892907492502
9.05521061687254e-05,-6.883925857296795e-05,-0.0002736414070586806
5.927377477443226e-05,0.0007222238856562862,0.0006054427087271094
5.811237269321776e-05,0.0006399936332595034,0.0004230479068793741
4.979460277705668e-05,0.00012790751933869352,-7.119613724634977e-05
4.25207228854097e-05,5.625871683908931e-05,-7.536779932130168e-05
4.476053212694805e-06,-0.0006400035665870921,-0.0007723119351109578
-3.231753459716796e-05,-0.000129333752903452,-0.0002637938450671019
7.896772728243934e-07,0.0004439265528250806,0.0002972814771464054
6.95628921445606e-06,-0.00020235583077853354,-0.0002615464870505449
1.8961802978450967e-05,-0.00037278233650099015,-0.00046932405110806485
-7.945292575602242e-05,-0.001149600247988941,-0.0012794645257938253
0.0001057007749214275,-6.7411282056918e-05,-0.00032610452209985697
-1.5054309009353582e-05,-0.0003477500742729705,-0.0005397251819848529
0.00013305742086677384,0.0006228417896697896,0.000448451113664979
-8.159582831540786e-05,-4.2606495546197574e-05,-0.00019947642824775415
0.0001735685036803932,0.00019245111772861056,-1.1828375519662765e-05
8.431579316140896e-05,-0.000416407877161074,-0.0005153401033788055
1.7419094896442203e-05,-0.00015498047647874904,-0.0003592162064690416
-1.2850595863981123e-05,-9.445066436282833e-05,-0.00014664372505869452
2.773559739355645e-05,-0.0005724635029046106,-0.0007587027425879343
8.815722857266903e-05,0.0005714887904173574,0.00034635573600256143
4.249272273430476e-05,3.555855667081417e-05,-3.0255316962114135e-05
-8.194451792344434e-05,-0.0009194394503916639,-0.0010752463722034482
0.0001568068613405079,0.0005725902724927868,0.00032714156563887925
-6.132135989758301e-07,-0.00030683195918442853,-0.0004988247015998834
-7.079199373773536e-05,-0.00010242095188524704,-0.00033222151583433776
-0.00010074792493993342,-0.0006490488001135747,-0.0006795724389035857
-8.856792875534784e-05,-0.00022906707781574306,-0.000290057836762023
7.04826049688176e-05,-0.0010377204377372486,-0.0011141616643300406
0.0001139604913727005,5.019121040506869e-06,-7.468445441099141e-05
0.0001520058842794286,-0.00013342255553021686,-0.000291051851809249
0.00015167963280436657,0.00024733206591458755,7.80414801738429e-05
0.00011836415108057536,0.00029620716172113544,0.00017608368150317028
-4.506522215233825e-07,-0.00024126763426134262,-0.0004157848401114822
5.819082931292116e-06,-0.0005403329713391282,-0.0006036489382309271
-9.183573395318907e-05,-0.0001840980288571832,-0.00032678483170959095
-3.74993555500569e-05,0.00022409628691611832,0.00016422665525806039
-0.00010104318044323524,-0.0003791555068633588,-0.000480105692161549
-8.531867716148449e-05,-0.00018857602960201282,-0.00036677200498012164
1.520025375442225e-06,0.00041746321137596276,0.00024575117469146024
7.183483838614737e-05,-0.00047571596028475106,-0.0005069821488463458
0.00012311289265169213,-0.00010946228429518177,-0.00031941300454474143
-8.779629329636518e-06,4.357606165591447e-05,-7.564609050665237e-05
4.2958331789343996e-05,-4.286454080333236e-05,-0.0002743617554503995
4.3457772562538954e-05,-4.7391561612209246e-05,-0.000331179867952843
0.0001760259354203561,0.0001493598835697844,-4.9670580513501477e-05
6.21367179693628e-06,-2.620366464490886e-06,-0.00014686918511583666
4.1889882839286056e-05,0.00011333235278873362,1.7696160865739283e-05
4.941092911754636e-05,-0.0004191117831937657,-0.0007204138318117041
-2.3413668399541675e-05,-0.0006648639846982155,-0.0007165153393464981
0.00016735066418168472,0.00012075788804640048,-0.00016620110587538953
0.00014243143426653454,0.0004479511236975505,0.00016748383814395103
4.305684262918445e-05,0.0007939189168629224,0.0004442128987127395
0.00019220090173023807,0.0009536522946779795,0.0007498431818104804
-1.7210963962647748e-05,3.5214953959626996e-05,-0.00011297951839005582
3.887364365231022e-05,-0.00031187300209557225,-0.0005065400916366256
-1.0853445133454848e-05,-0.00022950761925284166,-0.0005210206245048187
0.0001420473104893972,-8.965804862909609e-05,-0.00016401856780899274
2.971722879843502e-05,-0.00048615427039244,-0.0006221686336531832
0.00010152140146565288,-0.0001080466860249314,-0.000262247505538887
9.567116816594067e-05,0.0003700202831837567,0.00014720591839218465
0.00011075517423039895,0.00013046414845408342,-6.187994967563351e-05
-6.862856535943685e-05,-0.00014110497949384445,-0.0002148329172529069
5.702906614912998e-05,-0.00014737008712012198,-0.00040997740257010167
3.820578701871092e-06,-0.0006590557740248043,-0.000764574329596866
3.9253124265125776e-05,-0.00014145615636107874,-0.00031260387552138494
0.0001131966565767012,0.0008439571299161993,0.0007118176494302687
0.0001419377653004685,9.903249417931038e-05,-0.00014464680935374853
-3.1518564853358984e-05,-0.0011756047153794879,-0.0014717199405363563
6.820534741305793e-05,0.00017220853903528765,-8.802532639823877e-06
5.982691811496363e-05,-0.00023241884415931092,-0.0004445776743591394
4.738821954618005e-05,-8.21008783683381e-05,-0.00027037601719258526
4.2343706614373646e-05,-0.00042066858773132565,-0.0006043861507992112
2.9551080633097315e-05,-0.0007304768271079608,-0.0008569546644889051
0.00010353473711182819,0.0005666686636067182,0.0002515638617752552
7.539307127122846e-05,0.0002265559604278737,4.7444649948227754e-05
0.00017872086061522584,0.00022197521754215837,1.1014299848072315e-05
3.053570988025312e-05,-0.0009060026888890627,-0.0010450662985347706
4.322795649836051e-05,3.934733127863868e-05,-0.00016505494151911819
1.3312171680431668e-05,-0.00043961864688116416,-0.0007936253609358545
-3.718955192057051e-05,1.6900740465236507e-05,-7.14717244601011e-05
-3.0431464477539527e-05,0.00023942987294012984,0.0001650491044833067
-6.0106198217017e-05,-0.0002799709899440699,-0.0003835455649058249
-9.38260852174259e-05,-0.0010530843618172807,-0.0011707968953403153
-4.741589606346505e-05,-0.0004497970887686448,-0.0007481593437446333
8.090718691808153e-05,-0.0008165980754880906,-0.0008694057348233608
7.184848224786261e-05,-0.00028358196503128934,-0.000403808633194324
-8.989061813301539e-06,0.00010935536428496591,-0.00011437169739543434
3.430395707236801e-05,-7.35195967625255e-05,-0.00014143242871443254
9.652696076568437e-05,0.0002127837309594403,-2.168658985514721e-05
3.2858066268877514e-05,2.265640891893427e-05,-0.00012886673110361574
3.4460868136914426e-05,-0.00044415400596206677,-0.0006138472939789746
0.00011609514495663232,-9.77973065659511e-05,-0.0003289030999468283
2.0984357171615757e-05,-0.00045138930326903755,-0.0006288339437095664
0.00011221703294756326,-0.00016215799644627552,-0.00029091615019229947
7.356680656038165e-05,0.0003656063616264239,0.00019835084097654174
0.00017391334459982249,3.602866452805234e-05,-6.394509406089171e-05
7.89594237619512e-05,0.00014728115459707505,-7.000720808629748e-05
4.628205802141669e-05,-1.9133750955342298e-06,-0.00013454466436020902
6.391985833415027e-05,-3.860621940004997e-05,-0.00030107382744091343
2.6244760692144015e-05,-0.0006225852176093152,-0.0007710436229681789
6.968109572380628e-05,0.0001015362392515942,-0.00021800602480148335
6.718883951679127e-05,-0.0004117000172955518,-0.0005996001607941236
7.328305640767383e-05,0.0008077043539238581,0.0005314987561621323
4.205784152320513e-05,0.00043176856492428955,0.000261007647080608
0.00014399197085348983,0.00040943878801938567,0.0002635299783512703
6.638312155308755e-05,8.64837922170164e-05,-6.299877144048398e-05
0.00016691342274201306,-0.000574223868107845,-0.0008126046948799778
8.45524397919653e-05,-0.00016523111438193963,-0.0002963241696766811
1.9369607765980918e-05,-0.0002824022662151599,-0.0005066137699480116
9.071412022437352e-05,-3.3755453386743e-05,-0.0003565688138184106
0.00015189697923274757,0.0003995681742522212,0.0003203269273095571
5.681887205403064e-05,-0.0006148140871582631,-0.0007262311228010201
4.830509043571776e-05,-0.0004559812258579357,-0.000545929572769725
6.577337751286188e-05,-5.330209006505936e-05,-0.0002995369374339888
5.365631587955017e-05,0.00036153773973782123,0.0002557177300282877
0.00016493042049698191,0.000934643659767336,0.0007206257095574566
9.294042791531266e-05,5.719319467462389e-06,-0.00012360991479544315
5.5936514024494465e-05,0.0004904155226432769,0.0003632368090071194
5.216272260012293e-05,0.00039087255779558675,0.0001796591131445311
9.026316363447942e-05,0.00027166136714477826,7.239592206030654e-05
-3.2790725290164776e-06,-0.00011590786999288185,-0.0003485605996448373
0.00021084925057926381,-0.00013827805443396057,-0.0006258462022241049
3.62174323705875e-05,0.00031420373469362266,-3.828072892356484e-05
4.3835796072856035e-05,-4.206552887586008e-06,-0.00019093009403699446
-5.283661642245164e-05,-8.113565623636598e-05,-0.00023964740345479795
0.00011041429511299551,0.00010446337985271556,-0.00011359453553209337
-5.336519409064049e-05,8.037892899268376e-05,-7.819308947553758e-05
5.69251443469002e-05,0.00024503446202805767,6.965075402737884e-05
4.12682333756718e-05,8.948289684277021e-05,-6.365983208584286e-05
2.3675628800856754e-05,-0.00023670367130998468,-0.0003157073680459735
-4.3374754611837096e-05,-9.945989097040085e-06,-4.2541895774092365e-05
0.00010709595064803192,0.0002670846008876462,1.2339702163708868e-05
3.39944856609173e-05,-0.0002462695231041904,-0.000475890914525718
-1.1495831088791818e-05,-0.0005267824223594645,-0.0006790531938437441
0.00014028215788187693,0.00022544036085794477,0.00015135198936667198
-3.215149570707853e-05,-0.00015821695364425474,-0.00035314384134291097
6.949446771109556e-05,0.000753927342151185,0.0005852358533272529
-7.357025414423006e-05,-0.0006638781530832923,-0.0007341798406291599
1.2517543375928646e-05,-0.00017265616203349159,-0.0003965982029319731
3.949778499286316e-05,-0.0005436832139214486,-0.0005746561801827989
9.693779865846614e-05,0.00048494647036967164,0.00032082560137537116
0.00019132861732782113,0.0004048383309548341,3.210719831594686e-05
-1.4822204529647994e-05,-0.00039399712121976555,-0.0006382112581743699
2.2108314045822156e-05,-0.00014909608924731474,-0.00047131510548695314
1.6829863988282066e-05,0.0005212932706883067,0.0003504170510436163
-0.00011488096010837349,-0.0007254409379801065,-0.000788672413867558
7.415920342251526e-05,0.0002560374293408456,0.00015114939001939327
6.599843374366352e-05,0.00032648560016678975,4.5062437436787324e-05
6.561932874490735e-05,-0.0001712388107883594,-0.00028962237792064233
0.00011944914976210136,-0.0002312721237105638,-0.000469253649854993
0.00011237007621804686,0.00021979728945982708,5.649385298023656e-05
-4.645783824670189e-06,-0.00010467464786637298,-0.0002603297002441152
7.06430676699548e-05,4.3586657443829384e-05,-2.6457234500214244e-05
6.917274899237799e-05,8.37827908520337e-05,-0.00015085958971793566
-4.9760066467514745e-05,-0.00041969078043872066,-0.0005611745819243793
6.811313288380416e-05,0.0004267890263246724,0.00016151604065879253
5.767567890820966e-05,-0.000507003709316509,-0.0006380556602190276
-2.46674985813644e-06,-0.00019779316874232953,-0.00037841313587540313
1.553998113804642e-05,0.0001474931005068883,8.80919608202647e-05
1.4625536238351564e-05,-0.00027476019679030256,-0.00034056157871802356
-6.711969466714383e-06,-7.259744712026611e-05,-0.0001677518156863452
4.477094800222581e-05,1.8737761933532442e-06,-0.00012391132914114613
-1.1727434443882946e-06,-0.00019269034466460813,-0.0003491542875645893
4.3027925401687266e-05,-0.00022580988915003365,-0.0002384153324146751
3.093277523807939e-05,-0.0006677137886127858,-0.0007796852871375405
-3.164938192743238e-05,-0.0008682405676799531,-0.0009211597796581217
5.1709789883739216e-05,-0.0007286381730547504,-0.0008328966577610086
4.4256756099167845e-05,-0.00038764596056360093,-0.0006154364209846348
7.209242247510137e-05,0.0001385427000053012,4.61630287658661e-05
6.590453035140156e-05,-0.0005845797995778064,-0.0007213617256938402
-7.314362975795012e-05,-5.700628041147807e-05,-0.0001812359311297509
-2.7316689342349364e-05,-0.0003625417590821995,-0.0004294425904433877
6.724537055629925e-05,0.00034918307525250733,0.000162893439284536
7.410232984670522e-05,0.00045719628639683126,0.00032045252314203386
8.636350711992299e-05,0.0006201506644049855,0.00034500683948175513
0.00012294499505386127,0.0007137369403345201,0.00037688373382051716
0.00012611628380099002,0.0005180937462405561,0.00024377158640341158
2.1989211448456518e-05,-2.6823110649268215e-05,-0.0002656806953989328
0.0001059926471642414,6.651829770641622e-05,-0.0001702891603985846
9.772743747634867e-05,2.7352921357823415e-05,-0.0003075351610423311
-4.7256734456672424e-05,-0.00045304169326538916,-0.0005409606879851926
-3.737315968097444e-05,-0.0008415566421875326,-0.0011748528754187467
9.98728691120989e-05,0.0003330335211973454,0.00023892590773703432
3.831705715965703e-05,0.0001538356304498666,-8.294925581640576e-05
-5.466892030443196e-06,0.0006436616687556779,0.0004578109442273469
0.0001048502196634438,6.671501889802202e-05,-0.00020436908179031414
-2.8299187884036665e-05,-0.00028340703414013457,-0.0003356286207095801
4.546300871113504e-05,-0.0005302463340662428,-0.0007196118311377154
7.075921200505443e-05,-0.000310953809511509,-0.0004329379334930062
0.00016568585167719055,0.000838534264984164,0.0005148362494047521
0.00015098885726030396,0.0005244425374984803,0.0002921954717796277
2.396460194787958e-05,-0.00035027198487285144,-0.0005306506456052903
7.377627821233504e-05,0.0005081476165917114,0.0003018942149014605
1.150537120974383e-05,0.00010757868031833917,-4.0707138538726486e-05
8.815086974220087e-05,0.00010072325548085876,-0.00023549342096567993
0.00013940040470972065,0.00018574084451768313,-0.000116029826564539
-2.312378271073721e-05,-0.0006724540445397384,-0.000799886760822086
6.454268147760046e-05,0.00021227034552120645,7.92535472713728e-05
0.00010145462958192954,-5.279230493788749e-05,-0.0001677743405819158
-1.6171438855295736e-05,0.0006427870732182703,0.0002644570168580738
-3.3319795686010648e-06,-0.0008699290791121064,-0.0010223670627687812
0.00020625444834525682,0.00028729300012204386,-5.5481220885268944e-05
5.428028317156763e-05,1.1844815710534875e-05,-0.0003503376397211024
3.655931595136487e-06,0.00012325164060523138,3.135533586926762e-05
-7.691538169339284e-05,-0.0005410888277210889,-0.0006565091846046768
1.7244970899787568e-07,-0.0008416422584976336,-0.0007629231226625745
0.00015808688332776276,0.0010075515817369912,0.0008133029000490569
0.00012380724255683456,-0.00010929495844875934,-0.00036929004692233997
-1.4183449467003732e-05,-3.528581479193387e-05,-9.060777718305585e-05
5.007629926654834e-05,0.00025416223468882913,0.00015040974821089927
0.00015603669949471217,0.00028176294446148327,0.00010548907714211062
-0.00012021162549143323,-0.0009890298483302834,-0.0011525097499606451
0.00011771737410496859,0.00015919327608065846,5.890201729605215e-06
7.58644745066405e-05,-6.3486980405726e-05,-0.000217046900186031
7.028547059604917e-05,0.00018112138019674368,4.992551964718529e-05
4.900204149633175e-05,0.0005361509183867562,0.0004368063623553911
5.8517485547925673e-05,0.000347415809490629,0.0001849173673477215
2.8718486376545354e-05,0.00011246963977865431,-0.00024334350669466827
-4.219271594483692e-05,-0.0006429361090040914,-0.0006724112647918322
3.398563609372058e-05,-0.0006407084544797189,-0.0006783948204890474
8.567618809493231e-06,0.00033968266831099113,0.00019075965013937564
-0.00013216139021374676,-0.0015377772236766446,-0.0015815232302724997
1.8461252111537645e-06,-0.0004754273484150426,-0.0005060327718727647
0.00015287508237030731,-1.3578165984201126e-05,-0.00020747072587246242
-4.261303751234557e-05,3.579781190957276e-05,-0.00014490350900878116
1.6350863477709247e-05,-0.00046769848070240356,-0.000603175110631833
-5.81880294714758e-05,-0.0005962356325788167,-0.0007141132254941028
0.0001640618598858425,0.0007820657139919329,0.0005059669880445409
5.2386597002949974e-05,-0.0003580991187966332,-0.0004965200714417522
4.549234141395202e-05,-0.0003150253908803817,-0.0005285394110570884
0.0003207002658893429,0.0005422998290821503,0.0003241410122465456
2.1188859162250812e-05,8.919473178041151e-05,-9.801629576330936e-05
-1.8374839535064633e-05,0.00024909404266197177,0.00018320136160126095
0.00022070622987435518,0.00028496780939384536,6.551379478653266e-06
0.0001248476388226785,0.0005791209254723699,0.00030100414898506046
0.0001396817600718184,0.000792251333142535,0.000475160847182187
7.992588714032171e-05,0.00016430650277960242,-2.196186302634779e-05
3.423554742874578e-05,-0.00015643580137938195,-0.0003733300202159074
6.47330274749629e-05,-5.1908459723118194e-05,-0.0002531688096097653
7.648758231568257e-05,-4.075668573110398e-06,-0.0001769844487896449
0.0001300532864259629,-0.00013155581403589736,-0.0003877780239138431
5.830806915808358e-05,4.659903922591679e-05,-0.00014801846815649188
-2.2847984471255052e-05,-0.0007276020620441332,-0.000816111723987227
-4.319261790351349e-05,-2.7371487402667264e-05,-0.0003633299844338769
-3.5868489505155746e-06,0.00012059322681516328,-2.738522119296978e-05
-2.780507687925884e-05,3.237137740615592e-05,-0.0003128393796751777
-4.0935344668245225e-05,-0.0004331343463975379,-0.000529912391173249
6.871994696709991e-06,-0.0005972730887957784,-0.0008715972680258161
0.0002135584234692937,1.7123920147950691e-06,-0.00015158778879269792
-9.093015936873118e-05,-0.0010889033092389647,-0.0012759356083540774
-0.000177456670218554,-0.00109176396784636,-0.0011666143128296457
6.096249331489291e-05,-0.0002110840564208548,-0.0003734575437828136
0.00014242716921755916,0.0005942391232178478,0.00035564421190699066
4.102443734369936e-05,0.0006425834769418478,0.00041530059112512385
7.423490983242439e-05,-2.1780145661372068e-05,-0.00020955705529335822
1.247429354135873e-05,-0.00015963560451220585,-0.0003626965303417545
4.297039474497521e-05,0.00011966837556823869,7.815410900457396e-05
0.00017115477176264502,0.0012523066190102466,0.0009282613702856759
3.806567579673664e-05,-0.00042631401295074335,-0.0005612850507392485
0.0001717113385358351,0.0007651307084210977,0.0005123354403283242
-0.000233294049685689,-0.0019380990559085078,-0.0019608239390141533
-0.00012075417199526034,-0.0007837520717087037,-0.0008541238290930753
7.621896162044284e-05,0.00047235089458727445,0.00031771715988089186
6.434759201383563e-05,-0.0003322850755608673,-0.0005000233278186622
7.448415019405312e-05,-0.00023332478668028185,-0.00041927089090695803
5.240698687056095e-05,-0.00017167908731328778,-0.00039032480175782793
0.0001258968571904954,6.451297260850762e-05,-0.00030600490135990134
2.2491489410994802e-05,-8.318394825653275e-05,-0.0002538453343351758
-5.470817544085124e-06,-0.00035043684001301615,-0.0004466770926163338
-1.6971197055340562e-05,-0.0003039840525648017,-0.00036690470849483705
-2.681138709251978e-05,-0.0014114969987745526,-0.0015953903722059316
-1.3384757228739177e-05,-0.0003358988912163186,-0.00041989428354768693
4.948751189626089e-05,-0.00016131659085807218,-0.00022047914291669236
0.0001211048018806865,-0.0003113249283071642,-0.0006694600320517026
-4.048289706541874e-05,-0.0008198483088392734,-0.0008744145925679587
9.389555276818185e-05,0.0007040975617345227,0.0005170872869380641
6.235668120160005e-05,-0.0005319432865230784,-0.0006870553494998209
4.343271388880136e-05,-0.0003305784878480663,-0.0003856633732776795
1.9300686265640786e-05,-0.0002383967991244491,-0.00044922207380329485
7.578455389635843e-05,0.0001402265925316625,-0.00012172139897724795
9.91675062131636e-05,6.0899368858305405e-05,-1.9738996295562305e-05
-4.423461862100719e-05,0.0002586208709844501,0.00013862658950440998
0.0001655260473510202,0.0005030162235743619,0.00025263398554385485
-4.0393795152532744e-05,-0.0006914641716452467,-0.0007765221295119315
-2.6638130905969195e-05,-9.291387110393865e-05,-0.00026070969911436766
5.209839826264022e-05,-0.00027705579711285425,-0.00042437847608776274
6.647002701547623e-05,-0.0006866609454408295,-0.0007683201891388182
8.69145296990712e-05,-4.292216265677403e-05,-0.00018300654237404874
1.8425596226700444e-05,0.00045013063864788157,0.00014815489142119834
0.000245680676555181,5.2172196702186834e-05,-0.00012875515760441157
-6.643472018437075e-05,0.00041860522434024734,0.00015984089593980129
-5.01327720355995e-05,-0.00041787939635284964,-0.0005656087866991189
-1.530461232638594e-05,-0.000755502776270328,-0.00090936810825362
-0.000116898190777296,-0.00036917956613347026,-0.00048826633962132456
3.1000924520707625e-05,0.00019774095389958434,-4.133820968373967e-05
-3.4196906810128136e-05,-0.000942159170798628,-0.0010585980462143292
5.789107331914759e-05,-0.00022994469178416716,-0.00043811895772762587
-1.877134502846874e-05,-0.0005257586721013111,-0.0005281067033740627
0.00011837786375040092,0.00024270442561090486,0.00010679094589859327
0.0001550307633031843,2.179402419485077e-05,-0.0005162780006217238
2.176697311765855e-05,2.3204946937788412e-05,-0.00010412592909927825
0.00010065780484217397,0.00059542232812853,0.0003303434097720971
3.0976448671298624e-05,-0.00011679985859863807,-0.00026872834697172965
0.00011241642512377272,-0.0003723724308717175,-0.0005048005991779448
0.00010697216463661542,0.0003981616158558185,0.00013185896485608042
5.0249180144706646e-05,4.639964094989795e-05,-0.00020043195965205307
-8.261560914567012e-06,8.705246180618878e-06,-0.0002562724827370336
0.00019222370977836522,0.0005616646873060002,0.0003262255127194753
8.60809284905809e-05,0.00017709077490470724,2.8837290689541376e-05
0.00016339423323887377,-6.421618708975381e-05,-0.00046543845146507543
8.562501911973155e-05,-4.746937062821517e-05,-0.00040248534329858087
6.342212367849564e-05,-0.00013735811076057714,-0.000368632203433723
1.797513152152058e-05,0.00010694982065838235,-0.00012114166955147604
3.099884258371812e-06,0.0005994266120668301,0.0004342722116640001
-0.00011659646363202625,-0.0005159758769658087,-0.0006484996338457799
0.00017208419991720887,0.0002179785350210021,-0.00017587119897440035
7.909032576691224e-05,3.829047888350239e-05,-0.00015223884570064145
3.196208259831937e-05,-0.00034402341493518007,-0.00048260186670412945
0.00018642100744470057,0.00023759513600800632,1.6960910502903325e-06
9.201921326539036e-05,-0.00010553515998096958,-0.00033607519215565816
0.00012029460190823255,-0.00033893536751899024,-0.000581819199523809
0.00014406962077321553,0.0006838170427702156,0.0004701275725853839
5.205081600054298e-05,-0.0001563201273707332,-0.0002911569545541284
0.0001540837905640056,0.000699117034475447,0.0005637436346166145
5.185918490082763e-05,0.0006502316597126786,0.00048094092421286435
7.991072117755435e-05,-0.0003535334850155953,-0.0005727587814739234
7.789087347037849e-05,0.0005805089289750877,0.0004008928759362935
4.632169987525297e-05,0.0002634034903959625,8.163516371516267e-05
0.00010471066907813222,0.000130366827036357,7.71621377947663e-06
7.8128712099641e-05,-0.0003078750279675482,-0.0004550221380080954
8.528290930213072e-05,0.0004073870483772462,0.00021092182400114792
8.71598237639151e-05,0.00021186905489027833,-3.869886149865684e-05
0.00015983570683323278,0.00035191895439537404,0.00011815992102650732
7.971515590600987e-05,0.0002870242600693028,6.906079474429473e-05
-8.007247004674349e-05,-0.00034137744789148065,-0.0004033827108948945
5.087546514407083e-05,0.00027898129810759035,0.00016283647759493235
0.00021259368362881056,-0.0007266436925020115,-0.0009090938953037842
8.507061859828258e-05,0.00023656836368927045,0.0001623835827452262
3.2254346963892574e-05,-0.00024830972714320085,-0.0003173332427049316
0.00010146448855608711,-0.00018443076825214722,-0.00034263141658982484
4.685603954527123e-05,0.00012269170755658068,8.345464990646047e-06
-1.0721898262493733e-05,3.2658080243932726e-05,-0.00029288407350074226
0.00015470648501242205,0.0003815808003623598,0.00018884432024992776
1.4052130106327642e-05,0.0001610805418060467,-3.669692022796142e-05
0.0001149491048448109,0.0006442980284517982,0.0003648384891083395
-1.3971537002855044e-06,0.00013196004231070217,-5.501565809695722e-05
-7.207648686919328e-05,-0.0007735589411917516,-0.0009119958186047672
0.0001479085373345479,-0.00022530691563562888,-0.0003608700670603689
0.0001163045417757662,0.00034657635620601946,0.00022483874360566873
2.8255273124791128e-05,-0.0001371163184111266,-0.00031350844769636077
0.000179124213743705,0.0007684419231335214,0.0005425525022979824
0.00011551277238040287,0.00036297730010471376,1.2771097654878396e-05
-4.438465203009673e-05,5.723842836005181e-05,-0.00011417068825724235
2.7246050945951535e-05,-0.00040357697467987153,-0.0005535763245819738
3.4108201720571215e-05,0.00018736833299605606,6.975056637969387e-05
0.00013805129072985752,-0.00023282263762901647,-0.0003127419229544329
0.00011785253091292722,6.107284354758789e-05,-7.985054936028104e-05
2.63122688437341e-05,-7.34230799311345e-05,-0.00011673078982960192
0.00016041314884401045,-0.00023729799859591188,-0.000437950318854216
0.0001293049546223982,0.0002046474864655032,3.007436976551012e-05
-1.0606829313870506e-05,-0.00010984799000946825,-0.00034679155995374466
-5.539490035691677e-05,-0.0006183315038464731,-0.000730353850748061
1.9373157083970823e-05,-0.0003004985313303874,-0.0003652132694268589
-4.033019228350874e-05,-0.00020017216121076013,-0.00036602709865821256
0.00018115602559168087,0.0002379643269473585,-9.627479846827905e-05
9.75877855135206e-06,-0.000352735430963417,-0.0004373090469963923
9.383442934732391e-06,-0.0007455535890457505,-0.0008281225731945673
9.968649333031565e-05,-0.0004421918258986781,-0.0005127669041155336
8.199040034658803e-05,0.00012659052389052367,-1.7542137997697825e-05
-8.893551130247055e-05,-0.00024894432429997367,-0.0005075168351691886
0.00012656323833205537,0.00021574506790772126,0.00012737314081755907
0.0001342184173567388,0.00014816457000097996,-6.657454185463784e-05
-6.877682561620159e-05,-0.00020291501334021458,-0.0003566703884325065
5.449741273625379e-05,0.0005727239766054555,0.0004964185571480502
-6.346138097202377e-05,-0.0011523392269844912,-0.0012884065376687394
4.729347464923014e-05,-1.4242490671510913e-05,-8.818554135336354e-05
-7.0887961423069e-05,6.25780366469365e-05,1.8048090945035005e-05
9.228480507176223e-05,-7.407438999742034e-05,-0.00016017077954144095
-6.681458087579186e-05,-0.0003908394028056527,-0.0004908575937520557
-0.0001240071213708744,-0.0004518767160875861,-0.0006884794582674689
1.6012221744596462e-05,6.996929186757635e-05,-0.00021200356075042325
9.860907885276835e-05,-9.368821526179588e-05,-0.00033276805473185023
8.646171842683787e-05,-0.0002935210663666728,-0.0004033291755939002
4.1450264591089494e-05,-0.0002254880472363855,-0.0002887886395212829
0.00011363779509028656,0.0001339741359095976,-0.00010951888587113363
6.25129584715408e-05,-0.00035619150582803447,-0.00045999116646683487
5.2534336286770005e-05,0.0002477409471008846,6.704237616729843e-05
0.000127148048623563,0.0007421796950994316,0.0006111761736560165
4.306564463823137e-05,-0.00019034505875256948,-0.0004635902168838475
0.0001266294879548773,0.0006557642362721152,0.0005303229592134166
0.00020961521571447362,0.0005161479234428044,0.00011423688643219624
3.669784553318327e-05,-0.0003418677959885948,-0.000391619548494123
0.00015739691348844368,0.00010937584820629214,-0.00018879446788129588
2.046598353923389e-08,-0.00029208972737943976,-0.00032081702125549486
6.197492972955556e-06,0.000626075870098503,0.0004353601438600843
8.119154600990407e-05,0.00014032466167666113,3.8004306958631755e-05
0.000125043884599589,0.0005481809854238953,0.0003297021104210387
-5.7995232773397755e-05,-9.328880766916117e-05,-0.0002147138264217878
6.779591451083853e-05,0.00026380004981832743,2.8813134875506797e-05
-4.372203123265367e-05,-0.00023838476130062542,-0.0005616522565463245
-9.918682403724384e-07,-0.00023171326138147276,-0.000258367596082043
0.00014014131806267238,2.3393704177290478e-06,-0.00018643888722473919
0.00012785466508018727,0.0006106521471399083,0.00016299088584447225
-4.053883605367324e-05,-0.0003163556144496847,-0.00039935810439406343
-6.437511219510228e-05,-0.0005054983478632736,-0.00062988346622309
4.7206376633857763e-05,0.0007309778187290683,0.0005555721811266758
0.0001535870779014415,0.00012388803468400093,-7.069817390988124e-05
-8.521909802472802e-06,0.00013831799038747504,-6.077230227780433e-06
9.204638076913786e-05,0.0004940427520073422,0.00030869609121678436
7.391332956097841e-05,0.0007299799980808688,0.0004499325174673038
5.411994308533597e-05,7.870972891570042e-05,-5.9508277298111936e-05
0.00018713429761116302,0.00048279167773824036,0.00028585405480024425
0.00012873672628311523,0.0006535229008072895,0.00027156762198195304
-2.0156016673148337e-05,0.0001459329586938425,-6.69455946025206e-05
-6.085566552607675e-05,-0.0001567796387684117,-0.0003259833187986063
1.534678833822761e-05,-0.00028338912799111206,-0.0005229261976519863
6.844136867898627e-05,0.0004294350725723179,0.00032003749436865594
3.139617190929146e-05,-6.71543518384102e-05,-0.00010760345377296379
-2.574715687167107e-05,0.00010801806282609172,-2.59485222603492e-05
2.6823856554397137e-05,0.00013351463722137465,-0.00010303659266388301
7.810564369510565e-06,0.0003188926519976424,0.0001924219505093616
2.3311661867727787e-05,-0.00022707408924190286,-0.0004582533186693825
-5.916081419424883e-05,0.00014735432626172284,0.00010436246838709467
7.910489374452468e-05,0.00010999811558756606,-7.631859767962373e-05
4.437239246122457e-05,0.0004148605995896756,0.0001594764303082814
0.0001301674615204648,0.0005703939533677504,0.0004137241536627619
-8.365251866197882e-05,-0.0005980577703228829,-0.0007169888967336148
6.113869918212607e-05,-0.00017001744480976553,-0.0004744645409568138
8.866744993345178e-05,7.203202448540828e-05,-0.0001839813417726154
5.9186393936892464e-05,-0.0004336453267769814,-0.0008385362582433643
-7.781104067419787e-06,-0.0002459288804700109,-0.0003593831422714749
8.650653617001908e-05,-0.00010439203499809646,-0.0003082906720964819
6.932307861161525e-05,-0.000537863406039337,-0.0007992874642588489
6.980482310541304e-05,-0.0001010036098395872,-0.00020851515049360325
-8.449324360099793e-05,-0.001031001215116313,-0.0009715219145747627
-2.688003562550526e-05,0.0001991351668324235,-3.4779871525625133e-06
-2.7610565981973407e-05,-0.0005596132070042974,-0.0006643643089945545
8.222915841321735e-05,0.00036767638995916673,0.0002467134725989105
9.357711627995741e-05,-0.0003059357312477811,-0.0003986805243681398
4.8500750111794036e-05,-5.147324007664838e-05,-0.00021422918463131327
6.530995839547952e-05,0.0003367982331272029,0.0002410334245535152
6.502020911932271e-05,0.0003312885020980837,0.000112716569492966
8.189731800249924e-05,-0.00018809362063064515,-0.00037692204493293635
-1.659646411657773e-05,-0.0004409549179328391,-0.00046586102272811624
0.0002641063772828899,-0.0001975069719611978,-0.0005290246549752542
4.6598854849034865e-05,7.230415917149717e-06,-0.0001231985474473638
0.00012331451808348084,-0.000247017266595643,-0.0004435132296106989
5.362983487614312e-06,-0.000435450747275281,-0.0005880441519020541
7.756456340798629e-05,0.0001528746940007729,-9.474048431208033e-05
0.00011885590459337201,0.00012651645669172355,-9.647017599720179e-05
3.6721420459004097e-05,-0.0005146628649218071,-0.0006663537051601498
-2.2977426955279976e-05,-0.00019244538682620534,-0.0002629082067446944
5.557559258691729e-05,0.00013900866279501967,-2.4988736704176977e-06
0.00010304842531236026,0.00012512444188855887,-0.00012870719946838103
0.00022516550163315552,0.0002083963570221801,-0.00016286101138957883
8.667841292904653e-05,-0.00020181170380509993,-0.0004016492337094075
0.00013561430349488896,0.00044310377368033836,0.0002239663965502145
0.00012518715175221878,0.0006762777430941691,0.0005038035113536138
4.507717834692549e-05,-5.270489404179207e-05,-0.00013830312412867174
8.299487218022851e-05,-0.0005777703107702968,-0.0007933164850854177
-2.891827306366289e-05,-0.00067739050731849,-0.0006971427400478112
-3.5933640055774206e-05,-0.00012847667943666574,-0.00028788671720982587
3.5697000343968595e-05,-0.0003863902625320471,-0.00037726200516936885
-1.0146457931858985e-05,-2.7224644144206245e-05,-0.0002102977336620583
0.0001295558579364682,0.00027347907015931133,0.00010929751302681246
9.535897963025683e-05,1.5473593766252697e-05,-0.00014408187218960827
7.5742948452586605e-06,-0.0002955726843360621,-0.0004913052283493227
-5.7637817039328586e-06,-0.0006761007418382388,-0.0009169664618753243
9.000644841444938e-05,0.00030892880751597274,0.0001645397180903205
0.00012579397575779018,0.0004940411186459816,0.0002835229299052455
0.00019762954566993662,0.0006248574134953045,0.0004291062897341104
8.449719136390637e-05,0.0005652492087119499,0.00040062970706504264
-5.2582033615394965e-05,-0.0007830584489637103,-0.0009578178810942075
8.186050718398088e-05,0.00013724525964407767,-1.1719132324029542e-06
-1.5898498032139593e-05,-0.0007635250196547027,-0.0007925663363899794
0.00010824622219207528,-0.0002887136418854091,-0.0004572775245337513
6.403472916840874e-05,-0.0001693169085006066,-0.0004035324718942923
7.713926387702079e-05,0.00027822053304350856,8.053266467482345e-05
-1.0812860677570274e-05,-0.00041751947339240984,-0.0004957202853654173
-2.6085743279529957e-05,-0.0005103209824425676,-0.0007968907307508177
5.701783403296387e-05,-0.0009334531641611741,-0.0010640805039462602
-1.2226114097333525e-05,0.000130696252470945,-3.76326426199778e-06
-4.528242873421147e-05,-0.00020177583440148756,-0.00036777173528649795
-0.00012385356064613558,-0.000788355944464051,-0.0008857402794345255
0.00022907514350285662,8.010582985508988e-06,-0.0002573666335083768
1.6711307422270105e-05,0.0007718824811617684,0.0005727648820666444
-0.000103272985779262,-0.0001431400000098118,-0.0002023563461764576
4.387120484952581e-05,0.00019707018644195474,-2.5015336673120294e-05
3.798441175983865e-05,-0.0005776290662412743,-0.0008812771505983289
6.827685694054466e-05,-0.00024004391274707075,-0.0004794895561762995
7.157967669259337e-05,0.00020680103153772268,0.00015126201833174003
4.816672032802772e-05,9.439915830610935e-05,-6.936953478074167e-05
-8.605274600741331e-05,4.672320319662643e-05,-5.7306262650865924e-05
4.326106568652934e-05,-0.0003333232177374162,-0.00044605323691847715
7.04027090781974e-05,-0.0003695672838989101,-0.0004684247113364644
-4.452776822115622e-05,-0.0002177219359610885,-0.0002890350479273735
4.3119236410609125e-05,0.00044462938498684025,0.00031074624804022354
-4.717607562304438e-06,0.0002800035552520206,0.000149369291712247
3.502703828416458e-05,-5.741309480619217e-07,-9.4387280830041e-05
-4.932753201997191e-06,-0.00031174750615641926,-0.0004240475399549128
-3.62702179035075e-05,-0.0009270504980672458,-0.0009290448054418088
0.0001000017081764549,7.902010690926764e-05,-6.692967591297389e-05
0.00013246644005548896,0.0002677536986122045,-5.728546495886911e-05
5.2381640311006364e-05,8.483713402928256e-05,1.0393474889007167e-05
4.451415739618303e-05,1.5984287972352427e-05,-9.848802468030368e-05
5.7272176811715934e-05,-0.00012574524717652748,-0.00045212106088102005
-2.109013536635608e-05,5.13989639251423e-05,-0.000170921391592502
4.2254225266350284e-05,-0.00021711690630842577,-0.0003125427735341026
-5.1229605543630775e-05,8.882354787152067e-05,-0.00010975712767060221
0.00012188822909134264,-0.00036218935201987794,-0.0006007513251556
1.515785293336027e-05,0.0002996522324600567,6.076207660600576e-05
0.0001300936865164749,0.0001992220130542787,5.131875320355623e-05
-3.1306678937972264e-05,-0.0005307586825271335,-0.0005718761706940572
0.00011759205968684571,0.0002123268602965284,6.966016198944094e-05
4.782468001475289e-05,-0.0003879786586934979,-0.0003811910332013487
4.153582403951383e-05,-0.0006932870071954346,-0.000755718675568908
-0.0001366007104500556,-0.0008346395242102786,-0.0010182591751249043
0.00016151446345283928,6.896727693575421e-05,-0.0002833580557029543
2.7885770536728452e-05,-7.876971050925158e-05,-0.00017477834484576514
2.016181431043924e-06,0.00024561653330091215,9.531761456931851e-05
5.7164580027260634e-05,2.2824552460447788e-05,-6.235509557669011e-05
1.7493306526169373e-05,-0.0003140397602793269,-0.0004647836908532683
-5.550109272659472e-05,-0.0010466112112352593,-0.0010522594966005491
-4.810650070256146e-06,-0.0010288721608238548,-0.00107708131892144
6.02548819879014e-05,-0.0005518497368027217,-0.0007198138931387021
8.218091023140754e-05,9.874236543827292e-05,-3.585190530325824e-05
1.576929956820957e-05,-0.00047288218024450226,-0.0006919586446061684
0.0001330387521667128,-0.0004323672325494365,-0.000512210014772434
5.088939174639336e-05,-0.0002555691368030889,-0.00041146629595621915
4.544405370556989e-05,-0.001196364015991862,-0.0012516364415684543
-4.000112765165033e-06,-0.00038929606580086337,-0.0007334771505434438
-4.124721953093597e-05,4.649373895163102e-05,-4.354589511436371e-05
-4.533671595776341e-05,-0.0005186892120790322,-0.000843090669221616
9.415737693278434e-05,-8.218623095772472e-05,-0.0003450350415697713
1.5158682217477842e-05,0.0004289063616829041,0.00029814731761767203
8.553357542554128e-05,-0.00037192307145329307,-0.00045914945729803045
2.7358065054311687e-05,0.00013739068124550782,5.5930780763919434e-05
-9.847494525034857e-05,-0.00025808415580256904,-0.00043604308340517735
9.247995626275341e-06,-0.00034219795597977085,-0.00044329961583261827
-1.2276288138192833e-05,-0.0010633025245721929,-0.001050327386783898
-2.286466966182128e-05,0.00016073389899216904,6.901407395424609e-05
1.9474159151767865e-05,4.6873921611457434e-05,-0.0002737884244787496
5.735997850443505e-05,4.479667429292488e-05,-0.00013600212292980195
0.00011072996066870941,-0.0010345533296554112,-0.0011169658047207782
4.125275181565676e-05,0.00023435039019499332,0.00010914154610408412
-0.00010145749187708873,-0.0005745594972025219,-0.0006533888499393511
2.3270119147738184e-05,-0.00044067307015973993,-0.0005638209877874636
0.00013740628681034356,0.000157013467338263,0.00010132698874764441
8.02424271918534e-05,-0.0003044258995933075,-0.00045868822327512686
4.812329237874818e-05,-0.00024213355487451863,-0.00029324957187325154
0.00014256677095870787,0.0004699050431797165,4.8199638811375966e-05
-0.00012798770865093593,-0.000449497254616464,-0.0005631073167170764
0.0001620809906549202,0.00042067887635763643,0.0001644067518345189
-7.294747025975046e-05,-0.00024502680152399173,-0.00029517537675803396
-1.4513297331351504e-05,-0.0001702558531787911,-0.00042004632745475524
-4.9667083485222706e-05,9.645540215010541e-05,-0.00013050125421531925
-4.8018476071066995e-05,-0.0003648359702036689,-0.0004741642433051142
8.508381820590983e-05,0.00014779858540297036,-8.68281608661214e-05
4.1382218537154794e-05,0.0006355310817929719,0.00046911981522408506
0.0001272826893806726,0.00011258181577186886,-2.4879276384809357e-05
-0.00012111871879370888,-0.00156999309059415,-0.0017095955027782276
-0.00011904538660737426,-0.00018975369937107987,-0.0004603636041912186
-4.4788246130769146e-05,-0.00046216560076272587,-0.0005811131045309477
5.2062909901685604e-05,3.780837969074776e-05,2.1942256804934307e-05
-9.10927317449573e-05,-0.0007065250098079886,-0.0008127432128018908
6.242141066923692e-05,-0.0001262417435540241,-0.00031238010990216236
-3.61085435775753e-05,-0.0005561775300107748,-0.0006033380663305583
0.00015007354409560234,-0.00015413694432770143,-0.00023157416477124527
8.705603876993351e-06,-0.00014436018028377096,-0.0003669025143446682
8.139207966551782e-05,0.0006139725522494408,0.00036714674911803176
-0.00017720591447717367,-0.0012481084722920743,-0.0013709756754474126
0.0002544377711406738,5.9670074570665645e-05,-0.00025466446459551856
-4.154690146137107e-05,-0.0004889522161224417,-0.0005818500929656527
8.120326998881078e-05,0.0005525468821778627,0.0003567061494604414
8.378948309760708e-06,0.0003521044785601456,5.0986102955640096e-05
-8.582669949434447e-05,2.957378630007916e-05,-4.585391538807182e-05
-7.63829836699643e-05,-0.0003525889955547512,-0.0004179997283989136
4.395784734723444e-05,0.00020604628043646386,-4.765936490480036e-05
0.00022476520000524165,0.0004173489663512369,0.00012693824483606385
0.00019544736160337378,0.00035490204173726245,0.00012117927648101575
4.7367816495886346e-05,-0.00011411435767509162,-0.00038468309313717
4.126986259581024e-05,-5.226999699294653e-05,-0.0002537677325964785
1.2731263399793984e-05,-0.00011782573135998126,-0.00031096893512885744
7.584764455833808e-05,-0.00045815699203922435,-0.0005033315033298643
5.771545567834685e-05,-0.00012822502696644992,-0.0002745116497618513
0.00012213696067904604,0.00012822189672393892,-0.0002292876332499465
5.749529388838733e-05,0.0005660403197240414,0.00039836807942927237
7.950569313915629e-05,-0.0004328653646352839,-0.0006151839988991705
0.0002159167884483161,0.0008752836569577836,0.000561074081007535
9.678286235043404e-05,-0.00017657102401496497,-0.0004209077313318746
1.931418988882088e-05,0.00040889090959881405,0.00027495688219897097
2.1827799546959164e-05,-0.00028366254393575257,-0.00047607202358118303
8.310099902369871e-05,7.659763973271911e-05,-0.00017213214628348798
0.00011778482795395134,0.00011950667449518672,-1.191223147778772e-05
5.691256273165629e-05,7.555396474782698e-05,-4.137629488380766e-05
0.00010243934785440908,0.0001343625113487742,-0.00027256255425353734
-3.811349996026356e-05,-0.0006210228355477288,-0.0007908054248477912
-2.6024654400449174e-05,-0.0004744721234365376,-0.0005151141464493278
1.7232361363875076e-05,-0.00029409560865572074,-0.0003606567547863732
2.6765520690346897e-05,2.279570471408971e-05,-0.00016532467977167426
0.000247924045013471,0.0004887275298984766,0.00020896046187349134
0.0001413023160142571,0.0008031667757341394,0.0006226351627919825
0.0001421699549673539,0.0005665636132367482,0.00017059694001582155
4.2985013056842604e-05,-0.00026004300669334754,-0.0004089564440221536
4.246528412976786e-05,3.247765684418933e-05,-0.00017344153870181957
0.00016131828036370328,0.0004620500125718736,6.900875864173332e-05
-7.683773885931963e-05,-0.0015097084835227997,-0.001486915185725395
8.917977850785041e-05,8.436794348813247e-05,-0.00011553085362749302
4.025520189029611e-05,6.754729016425553e-05,2.981709428121992e-06
4.087091983873839e-05,-0.00022845381036353164,-0.00045805661954456624
-0.00013105911812374057,-0.0010922850207542396,-0.0011600679734813917
0.00020791889728789166,0.0003130582123867356,0.00013892124058842653
0.00013139200389802855,-0.0001946509989050503,-0.0004582335885438645
7.71214859256856e-05,-0.0001312647808177989,-0.00023567918060611216
-0.00010647680953161949,-0.0008792667004997992,-0.0009511618945939949
1.4677913325502164e-05,0.0002740849399131491,5.584825723227747e-05
0.00012242426222458126,0.00022501524761035996,8.620563682458363e-05
5.700961187556192e-05,3.7389881600502945e-05,-6.668772062185294e-05
6.963282121753104e-05,6.564327855304404e-05,-0.0001759945709812594
0.00010887433942169065,0.0006029131413107851,0.00048134647573369756
4.4505346857981676e-05,0.0005528773179060557,0.00027568850785590626
4.973380509551732e-06,-0.00061726089518832,-0.0006657807478034914
0.00011401526695685977,-0.00020996070065023987,-0.00037996970354752554
0.00011416411151408593,0.000563171493295143,0.0004465504605093621
0.00010898987274692441,0.0003227179981100492,0.00010283053861789116
7.420334851695727e-05,-0.00029820090347875555,-0.0005356627412226714
0.0001725720178304298,-6.554806122034004e-05,-0.0002304336885810554
-1.7952456323845742e-05,-0.0004524817928538013,-0.00048548023619928696
-4.484291580169052e-05,-3.840206926619032e-06,-0.00011507104162353124
-3.875318599494849e-05,0.00018058640427434541,-0.00012425853337464147
-4.0454835554643774e-05,-0.00022166958581480129,-0.00045908579491084583
0.00011358572005178646,0.0008243803110142853,0.0006564695864197656
-5.8637527593523775e-05,-0.00010675054071103239,-0.00035733423865053966
9.744948389460857e-06,-5.0250719388359106e-05,-0.00022989358134290104
5.5990498527979136e-05,-0.00035351968285052135,-0.00044160663131053053
7.645227898532805e-05,-0.0003677646834632925,-0.00045725765150134373
-0.00013227688561401595,-0.0004683537434821988,-0.0006903422584787685
3.067611228121299e-05,-0.0001461125160542497,-0.0002881356440364422
0.0002481831081700056,0.00065419191303313,0.000305268573605085
-1.8749172545701447e-05,-0.0005514394489987093,-0.0007051481576190233
7.867230486413617e-05,-8.272071948009542e-05,-0.00024952999345423854
0.00023129096878461047,0.0002511016520259972,-0.00013361871950445326
0.00014496144551237068,0.00022077651867410792,-2.6741939141020857e-05
9.343940987966294e-05,-0.0009612005186916536,-0.0010222075049256874
5.308300687765526e-05,-0.00026347092374270047,-0.0004553419884950697
9.30208889271849e-06,-8.476198857599602e-05,-0.00013293640544041621
-2.922717729166984e-05,0.0001422283940766778,-6.414344801962068e-05
-1.289303967835404e-05,-0.0008193036463999209,-0.0009721724685495003
-1.4795120193795058e-05,-0.0003570903256630216,-0.0005491102940012821
9.000485556130849e-05,0.00017166513467256945,-3.6074671754347115e-05
4.3992659711729684e-05,5.326481761043946e-05,-6.922011836812252e-05
-0.00014510623293957623,-0.0008298791901471152,-0.000972502587180874
-5.1774819960884194e-05,-0.00044165543270636314,-0.0005163713305811453
0.000114669292102317,-0.0005652470983023042,-0.0007488022495032562
0.00011465115178924268,0.00011465889780342213,-8.316754262191157e-05
-1.176393257809964e-05,0.0002533485219974516,0.00013644019238486912
9.99505556167625e-05,0.00040414550511563027,8.461729777607709e-05
5.225248632365794e-05,-0.00026721496291476685,-0.00044322191981441066
6.162854567388164e-05,-0.00033091322455379955,-0.000533979455658654
0.00015900220712972415,0.0006691175619958844,0.00032346315290117606
2.6716550467017867e-05,0.0003293604382709198,8.914137663643763e-05
2.1861342389455532e-05,0.00012147169370245193,-6.602963477869746e-05
-1.241055447581094e-06,-8.608343283044627e-05,-0.000334067687583037
5.2757310034196324e-05,0.00013227828402879421,-4.78206410541432e-05
-0.00010013426488196623,-0.0009011029611497238,-0.0008891788933172524
-8.783832831131837e-05,-0.0005909092498493271,-0.0006212207833926206
1.829894562054162e-05,0.00024749403869392904,-5.341926065492546e-05
2.5217937439867065e-05,0.0005891445112507947,0.0003619180640323982
8.334860495261035e-05,0.00012043011357813253,-0.00012768675322483034
7.974486722656484e-05,0.00035650908463621007,0.00011815861216071788
2.344114021580199e-06,-0.0003687313035128185,-0.0005072061060194477
0.00018911908676964975,-0.0003551569285823382,-0.0006856142380781643
9.1891800141156e-05,-0.0007989127929250999,-0.0009562413512766795
4.578932557681821e-05,-0.0008272372121189487,-0.0010312977337066831
-4.060959564972039e-05,0.00011865930417722432,2.6698584029131e-05
9.965890547142475e-05,-0.00014385597126094225,-0.00029700101234344264
3.447994818586098e-05,-0.00028545790190209817,-0.00038810426622016566
-2.2158321622872175e-06,-0.0001493136390566033,-0.00024908986918557624
9.840564828397907e-05,6.53864545342997e-05,-0.0002308115595381951
0.00012089547467008774,0.0006326511017234288,0.0005311159643324115
2.7501509651931666e-05,-0.0010909716111557322,-0.0014095935253906557
-8.001730112880412e-06,-0.0011091415562699133,-0.0012801666851240462
6.415102132877528e-05,-0.00026111553643312136,-0.0004580112045351332
0.00011440915734890747,0.0008056507586126765,0.0003679021249313907
-6.850833239044129e-05,-0.0004904739025042413,-0.0006475897542407287
5.182127924188904e-05,-0.0005444772101742028,-0.0007336399078979913
9.359518442040508e-06,7.162184688932151e-05,-9.63687016833756e-05
1.2998364320419576e-05,0.00013185638078249225,3.735350742546401e-05
0.00017568257299311083,-0.00047565228276122136,-0.0007189588928772359
5.5464491702982295e-05,6.202141986507028e-05,-9.38814405406793e-05
0.00011718561116827496,-0.0004257272277517594,-0.0006858584652094641
0.00011114687364919775,0.0006022574717096539,0.0004319080493433319
-3.496423399049778e-05,-0.0005394558713473961,-0.0005480421584585339
7.054657871303105e-05,-7.376335715536335e-06,-0.00014411615797937292
3.167939210193139e-05,-0.0008743715720226262,-0.0011702795840204752
0.00010888428105012788,-0.00021911547620044204,-0.0003367768315445782
9.564577103063205e-06,0.000472248650981679,0.00029475307531678745
1.54992074757269e-05,0.00010196862065503816,-0.00010155442848004624
8.276931216076716e-05,-0.00027677248027576187,-0.00032604045510626435
-1.0017870228295561e-05,-0.0004588163905382915,-0.0006161527067935027
2.0111747864303713e-05,-0.0004938895454632776,-0.0006847148052802534
0.00021188530889276286,0.00040031084478836683,6.869471532639906e-05
-2.3331314440904762e-05,-1.7324555842674634e-05,-0.0002769491816149127
0.0001404695855358121,0.0003407672405861384,0.00021368423857725944
-4.6875163687860833e-05,7.754084474023853e-05,-0.000109771535074865
-2.4013869478613865e-06,9.507959828058209e-05,-0.0001521254631635267
5.025758047821906e-05,0.0004855778549182089,0.0003019611542457641
7.039682583272872e-05,-0.0006228739296211952,-0.0008867963118198683
0.00010149135773350284,0.00028650854343422914,1.0895576188628246e-05
-6.159269080718732e-05,-0.0009671750557059826,-0.0010615960926931092
9.312284387446746e-05,0.00035574760426712875,2.9478071457073404e-05
3.127166707705812e-06,-0.00012607060938753283,-0.0002515483360570978
2.3775555302342976e-05,0.0003624061956757244,0.00021502654566777827
0.0001085227530786635,-2.4800340548877245e-05,-0.00019106304622682467
5.394616480712349e-05,0.000899811851926098,0.0006911306399068088
0.0001154096394431735,-0.0005584136451207547,-0.0007152414857488885
-1.6177133706170543e-05,-0.00043695425845665064,-0.0006833573360575856
-6.260119556934031e-05,-0.0006207179771967113,-0.0006492771891129132
-4.9092897008633696e-05,-0.0007004371690835786,-0.000944205086773565
-5.85764279565733e-05,-0.0011587201047679732,-0.0011577656733107087
0.0001123529129227621,-0.00031816715960701256,-0.0003912933748720564
-2.037369059552574e-05,-3.410338444574535e-05,-0.00018707405930790564
-1.5711264766919746e-05,-0.0004326316699231484,-0.0004157256218027905
9.635762633719686e-05,-0.00025804215378842275,-0.0005181414975905394
4.014071945112485e-05,-5.2403738562689e-05,-0.00015185113502884148
2.9213312207725106e-06,-0.00013240215714317277,-0.00033688875485048586
0.00016439753928549472,0.00045501841586219533,0.0002946702625936339
5.7884684958449e-05,-0.0006561019933359251,-0.001005506600729223
-2.2216701840253238e-05,-0.00010534916750365428,-0.00016847203511293038
6.440920846167902e-05,9.146495235807305e-05,7.498380842170803e-06
5.295077827336859e-05,2.1691929204690703e-05,-6.842927036822132e-05
7.488319588643173e-05,-0.0006179877489261305,-0.0006567866659772108
5.721850442355191e-05,4.075629501596271e-05,-7.02574895806025e-05
6.766860527906862e-05,0.00023955409857824198,-0.00012508803060500446
5.7736301376005604e-05,0.0002950231665847773,0.0001714350563576679
-6.214309927755803e-05,9.614198482224442e-05,-0.00012361748936779994
4.23046013680103e-05,-0.0004090595967209218,-0.0005506671900021719
5.190296693211857e-05,-0.00025025244689796494,-0.00035125430982944325
-6.950225597081812e-05,3.937761063106592e-05,-0.00012342371528539973
8.577581224855743e-06,-0.00048130652610299366,-0.0005521010837103533
0.0001773905189707371,0.00033265597913798055,9.649204158294249e-06
5.598165365977861e-05,6.854954840298745e-05,-6.329372007056342e-05
-1.6499632329827692e-05,1.7628908448783106e-05,-0.00011091345193134524
6.84545494797384e-05,0.0002822604444601026,0.0001277029788259423
-9.835272801717878e-06,-0.00010374382845545524,-0.00021920983698775248
-1.9354314420637385e-05,-0.000744583636425054,-0.0010840855501795953
9.756179121028823e-05,0.0006096404635894797,0.0004708411773679307
1.2274900079765113e-05,-0.00014687236641824824,-0.0003139616917893955
3.447932104376955e-05,-0.0004402879892006837,-0.0007410142205530065
-2.5451328989108807e-07,-0.00011083839290235086,-0.00024432209298408
-1.500505607406085e-05,-0.00018823140208838352,-0.00026314663126894284
0.0001292867680595573,-0.000104818001497896,-0.00031473385131645297
-5.0562491083341345e-05,-0.00039483827709331835,-0.0004556134867748411
-2.127701548227255e-06,0.00012103355537766782,-2.1839547532624375e-05
-4.646039575253254e-06,-0.0002508740386054434,-0.0004914514347273749
1.4237442803506704e-05,-0.0001294267273991315,-0.00023668925985802247
0.0001422767387160489,-0.00023584348736076284,-0.00043666967503827044
6.693136958309015e-05,-0.00026334746628822075,-0.0003879240160994511
-9.570587105399263e-05,-0.00024835531957898796,-0.00036546545661501233
4.463548679897671e-05,-0.0002694657708872344,-0.0003736599666081066
4.747013863182193e-05,-0.00043949673669076616,-0.0006048211345557333
9.554378913687721e-05,0.0005156724056798725,0.00015679237358929177
4.1028770966866954e-05,-0.00032580209362572554,-0.0004027175321553883
8.485516411908154e-05,-0.0005440096880056226,-0.0006634962665638001
2.2954498770577083e-05,-0.00010673787644247875,-0.0002378182071543348
0.00010605047547378174,0.00016985252112060453,-9.772702498386001e-06
0.00013052175012431464,0.0003486278016727009,0.0002219113032012563
-3.814288645887526e-05,-0.00027810126829618843,-0.0003073837055010727
0.00013356312827058142,0.0004296087466807265,0.00017860847919515485
-8.236107099070578e-05,5.2687077137886836e-05,3.885231145177247e-05
-9.514133756811507e-05,-0.0005282407169227673,-0.0006499983630716495
8.131871399821649e-05,-0.0003794083925725165,-0.0006547303925318305
-0.00010137388160797307,-0.0004948982825305733,-0.0007457791629674696
0.00015026717108403175,0.00012114662747591203,-0.00010293435689739857
5.746174526378826e-05,-6.911163940820014e-05,-0.0003059511489989001
3.866495622273979e-05,-0.0006695609204848672,-0.0008451180263610359
7.179157924112954e-05,0.0002568417999285305,-4.118643353890705e-05
7.456953708508476e-05,0.0005239522477878095,0.000351669248314922
5.377853669408331e-05,-0.0008392441759561504,-0.0010733344550921719
0.00011702808470017841,0.0002597964058477154,9.924452586234359e-05
1.3409600889270802e-05,9.731994057406629e-05,-3.735360591464981e-05
0.00013300786402638812,0.0006461051171325319,0.00021997946538897308
-5.552408099032384e-05,0.0004335534440601587,0.0003274396892402375
8.245303841842281e-05,7.449844498690547e-05,-0.00013401983080755316
-2.481878431000986e-05,-0.0007580022860425556,-0.0008621809254039908
4.9411651834593454e-05,9.108537346640247e-05,-0.0001883033958168523
7.69311468541588e-05,0.0006752202868063506,0.0004236962022422131
-2.9228378787827776e-07,-0.0001758083662174752,-0.00036991384442256294
6.59857359532343e-05,-2.426641770713169e-05,-0.00016481675257001114
6.37517760637753e-05,-0.0002101390495097325,-0.0002566096511950841
4.511463482912372e-05,6.61833508361349e-05,-0.00018337901963337122
3.540722664322724e-05,-4.76864790588454e-05,-0.00038974316232466186
3.0463426913374765e-06,-0.00035763648858198535,-0.0006418596035111807
8.939506861636569e-05,-0.0005698327624115939,-0.0007203632720432275
-6.867242135291974e-05,-9.552569985900363e-05,-0.0002680152816313204
6.983350482837113e-05,0.00026681312673728817,3.0942602160000115e-05
-4.7406083195501784e-05,-0.0003543338316715406,-0.0004717373415962113
-1.4347507366577127e-05,-0.0002439238838177032,-0.0003528799479249246
-3.947578884580264e-05,-0.0004388099962667368,-0.0005533655122514867
-1.4847099917508826e-05,-0.0004059881555341646,-0.0005807157441621888
-5.036644018361979e-05,1.0077743428969283e-05,-0.00012090112553231242
0.00015865655395090242,-0.0003888589413603234,-0.0004609268700668999
5.975554971317617e-05,-0.0005096473714363707,-0.0006525285845393415
5.9463770619953344e-05,0.00041844664973880166,0.0001322363676935604
0.00016650273681446197,0.0005393591879021978,0.00021538062265180405
7.667279607658889e-05,-0.0006258214875310653,-0.0008574672781709639
1.3077169140404086e-05,0.00011465861645757109,-1.00060206090949e-05
5.721312717008129e-05,-0.00030363384545048565,-0.00040901885257298685
5.462151532534794e-06,-0.00034395492159593064,-0.0004149083020782547
2.1771165542573592e-05,-0.0008590287794009319,-0.0010442693559179778
5.657253128473597e-05,0.000490839278385101,0.0003488668618164971
0.0001090128584787472,-4.26250002307225e-05,-0.00032381470127382456
-4.117627893704821e-05,0.00016380621602113198,0.0001454822945594522
5.437339394977683e-05,0.00012140291811622243,3.995511253490505e-05
5.955884956248425e-05,0.0004857375746578704,0.00037461791063842317
-1.4788263636592193e-05,0.00040168452044739387,7.016065555130293e-05
6.473064829085219e-06,-0.0009131894742896987,-0.0010779347215520215
0.00010978187214050108,0.0007831142415596083,0.000556555926870476
3.851362753560088e-06,-0.00045143090548324953,-0.0005508957897838758
9.198689471082711e-05,0.00011963674176532243,-0.00011528784128521111
0.00013062347506484235,6.830881641532174e-07,-0.00022911496824747464
-6.507231802949123e-05,-0.00019896622383095265,-0.0003359231697882939
6.643804231675195e-05,0.0002824258576777658,-3.001049962721763e-05
1.1384150613059295e-05,-0.00012551298254122998,-0.0002893151566097529
0.00021549694048394243,0.000653472740891247,0.00025504491023126455
0.0001842812022539311,-2.0628154365364586e-05,-0.00017005780658979334
4.255467166638787e-05,0.00014223977789403709,5.027849613999715e-05
4.297090342568763e-05,0.00011097509235069675,-4.929777151452323e-05
2.2808435664543343e-05,-7.312187551368623e-05,-7.839819454757727e-05
-2.124006152535681e-05,-0.00020335491882828304,-0.00041476686140939006
8.737811851429747e-05,-9.053109574571537e-05,-0.00025453711168622406
-0.00010442045184106357,-0.0006392404672346384,-0.0008682316179475226
3.487404707132933e-05,0.0003059789201334486,4.4647514697423714e-05
3.7010866515170408e-06,-9.643913821542226e-05,-0.0001724902490117255
0.00021063035871604716,-0.00021282704842980635,-0.0004464156279522354
9.119053967276888e-05,0.0003071962579900395,0.00010194974785488639
5.830319050254129e-06,0.0003383126400135273,0.0002556165153234067
3.1021478790839495e-05,0.00027241033675176986,2.492032009282098e-05
1.738401142226684e-08,-0.0005880521683133502,-0.0010403595098848598
5.367099433155945e-05,0.000361510225497909,0.0002511438111566954
5.7102136740369336e-05,-2.7267636067410312e-06,-0.00019909368371741074
-7.593827201237769e-05,-0.00043164051498742354,-0.0005043036759691653
0.0001554556183109787,-0.00012076504976463602,-0.00038902758935283575
1.5499745617909085e-06,0.0002833617301601503,0.00011180869205694731
1.4723905078180169e-05,-0.0005219196056776281,-0.0006061338522367163
8.95412461061863e-05,0.00037854540617745624,0.00013978572439079612
6.976849373617685e-05,-0.00010884583890489494,-0.00016082453056038995
4.4881562396245194e-05,0.0005770078704199208,0.00043391039244093877
-8.367089912348613e-05,0.000234700459395409,8.392859249297006e-05
3.886693006792295e-05,7.684648143787843e-06,-7.438894084480249e-05
0.00010658600526661731,3.775793685962118e-05,-0.00019991360995754096
1.9592822494137724e-05,0.0002515660239531362,0.00019261259242011925
-2.8299856697266805e-05,-0.000728474634161631,-0.0008004543011558876
6.473508725813152e-05,0.00016997555605847503,0.00010097471002978341
3.593389969021925e-05,-0.0008558137462503981,-0.001060735350937118
-7.219239851223125e-06,-0.0009911342759717653,-0.0010974022982670488
1.616337350490745e-05,-0.0004509753261052946,-0.0005437287634699722
-1.5200189408279578e-05,-0.0008481990617168874,-0.0009353306529964313
7.795971274013154e-05,-0.00032477578743342155,-0.0004155887852095334
3.5442287782098584e-05,-0.00012979059955844764,-0.0002656259418876644
-4.60702909031225e-07,-0.0008233398160578411,-0.0009539834864312818
6.445131603508071e-05,-5.2518673760174864e-05,-0.0002893897957141654
0.00018443057876283333,-0.0003214790850388767,-0.0005336867878310513
0.00011718704184118872,0.00027016593246852644,7.385906215459012e-05
7.625974151137825e-05,-0.0002678257595133872,-0.0003878031276624503
3.595170521705272e-06,-0.00036012947116670834,-0.000503851526129475
-3.844757769551677e-05,-0.0008036625511646473,-0.0008974338731098119
0.0001442139077753624,-4.780122522973074e-05,-0.0002859338528234729
0.00010424484314062885,-0.0002596627843343026,-0.0004652484964804759
-5.4425704026845375e-06,-0.0008263811139636698,-0.0009513128793583856
-1.7355136989773162e-05,-0.00022311074068271546,-0.0002870822358678715
6.569029544737062e-05,0.0007015564436244534,0.0004956711806961022
0.00012111859357761382,0.00016428403300841518,6.560473596596107e-05
3.232472188879944e-05,-5.284411172152274e-06,-0.0001627858030066541
0.00017284806508530644,-0.00015611102183140526,-0.0005295261401069063
0.00010858055397986263,0.00021048460008849564,-2.6087922377210577e-05
-8.349762615654158e-05,-0.0006380230011150497,-0.00098227618803792
-0.00011749774311221726,-0.0007953928983889057,-0.0008950891414481472
7.738649284479604e-05,8.666218715322642e-05,-9.767960126931091e-05
0.00014373283614744115,-0.0003748541989696467,-0.0007112211425449471
4.685487775614417e-05,-1.989161086250632e-05,-0.0001904079290765569
7.289201589213206e-05,0.0005680481268879993,0.00037905316385067805
0.0001234759742604382,7.232089789397557e-05,-0.00019639249688055118
5.419640164464962e-05,4.395909413298818e-06,-0.0002725835444914935
8.8880138017503e-05,-7.460321364819396e-05,-0.00025085981390651074
2.4484107578718088e-06,0.000222227520485061,0.00014928988855490358
-2.1879692401530803e-05,0.0002939974204101047,0.00018323005385876211
-4.722552961950995e-06,-0.00026435357561992504,-0.0005118062891011889
4.089395716693484e-05,-4.232813488521997e-05,-0.0002400060350840017
-9.268881586310147e-05,-0.0006579640885435152,-0.0007289837971032686
9.134203906428176e-05,0.0002801403203960315,1.4834833185705895e-05
3.795031330847514e-05,0.0001183517367321577,8.91703806792511e-07
-3.340316161039777e-06,0.00028464965575342996,0.00021193821735801074
3.342751352341974e-05,-0.0003940043007894646,-0.000520299164690885
0.00011177062457085645,0.0004758108483109882,0.0002183071155157468
3.585742849233499e-05,0.00020726560486963977,0.00010972796287572998
-5.190299443974414e-06,-0.001136908395030545,-0.0012234057704907267
5.716083366171411e-05,-2.5377853509444054e-05,-0.00010157104236450057
9.8506762735088e-05,-0.0007943500129602554,-0.0009087070654441494
0.00016686308694935527,0.000688534891492956,0.0003342302892105721
9.380363719899035e-05,0.00024216149693395098,2.4211884732173213e-05
6.046159168306053e-05,-0.000833411113491041,-0.0010656885046600453
-6.534399021786299e-05,-0.0003752393670254015,-0.0003783332449471417
9.072196561819688e-06,-0.00021660519966814793,-0.0005334702798106512
5.9315129273895784e-05,-0.0002581940776879328,-0.0004234516825040163
0.00019616060483505595,-0.00021276994869421547,-0.0006747092250297351
-0.00010869083584695097,0.0003006378574541959,0.0001979758439365123
0.00013570821002527886,0.0001905319410055798,3.9540995592389635e-05
6.885676767524513e-05,-0.0001650960742786262,-0.00041860747310709125
2.897273211777597e-05,5.826689627172413e-05,-6.817441134337626e-05
0.00012100945579866099,0.00038272441289670227,0.00023132951796327045
-6.334997684582068e-05,3.424319228035691e-05,-0.00020573308115597356
9.387918161564631e-05,0.0005254021954407896,0.0003530547754044077
8.945932647507645e-05,0.0001703872763436785,-4.2131188387412e-05
2.2246948019004516e-05,0.00017749358343360333,0.00011426930964816964
-3.560764598503062e-05,6.195600412320639e-05,-4.184993577709302e-05
8.417283702652725e-05,0.0004476077860601041,0.00022344701210210707
6.119472186130585e-05,-0.00045645321981370907,-0.0006826836372703229
0.00010462740434881451,-0.0005811133711090088,-0.00097378900324796
8.09705018484036e-06,-0.00011640515838151558,-0.0002579395985641197
7.47898249866486e-05,-4.4445195996252e-05,-8.545057768604798e-05
1.3087156860355222e-05,-0.0005609112160613785,-0.0007653112936122427
5.4875784783057284e-05,0.0003150328678825767,0.000164081057502959
9.022284129565154e-05,-0.00018540823194152845,-0.0005606742920407366
3.8552968352677794e-05,-0.0004920818266214616,-0.0006696950417753548
2.759032731639526e-05,-0.00014639816131695285,-0.00024285599761402697
8.701950017086794e-05,-0.00010585401381593468,-0.00023366352984071894
8.952580311876718e-05,0.00015856852628049948,-1.1471259005638211e-05
8.578738495457967e-05,0.0005124838219196434,0.0002570392773224502
0.00013065621784447083,0.00054040580784843,0.0003063552640693103
-2.181288402504296e-05,-0.0012546073593154249,-0.0014006525556739238
4.20298689696942e-05,-0.00023421990088514695,-0.00037237429374625786
7.319316213409356e-05,0.0002188489212439685,0.0001238681913096749
5.8672723102018215e-05,7.230805098714743e-07,-0.00018373779969334288
7.248971285349476e-05,-0.00022624676519764701,-0.00048681481981793215
3.1856253983145714e-05,-0.0003380583066154763,-0.00040828956530192056
1.5637686744357236e-05,3.5482508477572205e-05,-3.423577624180022e-05
9.482186371480202e-05,0.0002547985031898334,9.154973668627901e-05
4.9701200437735315e-05,-0.00029294568576677157,-0.0005179709293093903
8.615648205393955e-05,0.0005845879210431009,0.00035833357270203853
8.591577781917319e-05,0.0005484321953922675,0.0003779144772207472
-0.00015407684824495895,-0.00021202658158095612,-0.00028528454439717617
-0.00012419583363978599,-0.00044649707572874155,-0.000494212272316525
2.588990580042113e-05,-0.0002494052841737764,-0.0003709739466527626
7.962671990041265e-05,0.00026676034650492333,0.00010119929170504809
3.650952407286835e-05,-0.00016427017445693227,-0.00041639144632317894
9.280675266970363e-05,0.00020029872828153722,-1.67971896908564e-05
8.807530806801588e-05,-0.0005669822948513319,-0.0007807841388549283
7.32653358692534e-06,-0.00034505252184630205,-0.0004041500750481572
4.369878367207054e-05,-0.00026462871473835795,-0.00048126664495735114
1.4037818360241309e-05,0.00043508332366195093,0.00024711801924575793
4.921782094764915e-05,9.326889518676968e-05,-0.00012655823052146826
4.922847233592895e-05,0.00010313108014719857,-3.251650451577379e-05
-2.5814263097221588e-05,-5.782084277319898e-07,-0.0002180581112184051
3.2472386134161724e-05,-0.00022493250364707143,-0.0005249942363088026
-7.396320763164966e-05,2.162050514526611e-05,-0.00017810609366685314
-3.465172640297479e-05,-0.0008461927708329204,-0.0009510440013577174
8.039185156728595e-06,-0.0003612025001867407,-0.0005282568719342191
1.0366798158951247e-05,-0.0002510869438385675,-0.0004958046652348278
5.4661365546382833e-05,0.00030821577230211476,2.252107865567107e-05
4.323821045702046e-05,-0.00018884464678319156,-0.0002651678323374085
5.365381797097621e-05,0.0001444482186501911,1.0857430564659143e-05
-1.7824111524124134e-06,1.8734434401219518e-05,-1.8030817785395813e-05
-5.675774045035061e-05,-0.00017338313118833818,-0.0003329604281789108
-6.744928666363101e-05,-0.0004925881613480744,-0.0007749004917006885
0.00015832348401541326,0.00040840348561485134,0.0002359370632061187
-1.0908550088868023e-06,0.0002863524787798308,6.773146643019947e-05
0.00010815754304517654,0.00037792082060359366,0.00019613103002504213
-1.6129234652960427e-05,-0.00023126245243388195,-0.000321981542833549
4.545561625022941e-05,2.882265034619285e-05,-4.258748075808462e-05
1.3390072474618963e-05,0.00025530448922005935,0.0001354313291238737
-6.46109307818381e-06,-5.558531296863094e-05,-0.00020598266748855852
-8.821758190004714e-05,-0.00041781844785126825,-0.0007048374949622429
4.621907583142332e-05,0.00016617270978944645,6.296917778023263e-05
-4.3379324527689084e-05,-7.31297314746144e-05,-0.0001058558152653179
6.3476843158171185e-06,0.00029317002197094897,0.00012823863810209013
-9.176058032689838e-05,-0.000683475002433677,-0.0007645853910092012
2.5424212770609446e-05,0.00034526030560118467,0.0001749524328608505
-8.893034020661801e-05,0.00012650045714997593,2.6585596899527313e-05
0.00012874648374041893,0.0009093705591245441,0.0006758860892106515
7.273116064790528e-05,0.000951903386700073,0.0007595651703832857
-2.685233609720224e-05,-0.00022144413322007115,-0.00041199252285693344
5.5184645920045076e-05,0.00023447472812758278,3.588566365763895e-05
-8.85387730227357e-06,0.0009497475419023726,0.0007254751326292197
1.9949981854910887e-05,0.0001059081184229612,-0.0001450423901728941
2.9515784767760654e-05,-0.0001872879747137977,-0.00030155529978971737
-3.545857286051644e-06,0.00039505364022577975,0.00011713475780902969
3.775205388173973e-05,0.00022926435106883255,0.0001062945906269585
-4.54506951819451e-07,0.0005372244889567837,0.00042040202606504645
-3.012830434627673e-05,0.0002759699028023476,0.0001224245309856252
0.00013224080020382475,0.0005199351474805193,0.00021085564846850394
0.00017313290795654187,0.0006007834288932019,0.00042792816555544896
6.59231664308484e-05,0.00015149479549101758,2.5683977465938598e-05
0.00018540791291575952,0.0005606912641596898,0.0003206029752337732
2.548123860742163e-05,0.0004018579749637936,0.000294245045191134
7.38845807837007e-05,3.225425773244393e-05,-0.00012648033117361755
-2.8527546506996863e-05,0.00013520106658210793,-2.4203590215770882e-05
0.00010881629808617588,0.0002014324514367309,9.347312062264176e-06
0.00013631162744585888,0.0005025042531121763,0.00022656371990405102
1.270576047713139e-05,-0.0002938935989064916,-0.00038098903964311283
3.8992625523065876e-05,0.0005428766925477075,0.0004297137188119211
0.00010819308403352298,-7.162775449507351e-06,-6.153491721791387e-05
4.4440740093724615e-05,5.48116572938709e-05,-0.00020012698276213148
8.932407469118957e-05,-0.0001732136331876541,-0.00036723813814117047
0.00013181061189585872,-0.000564077740259602,-0.0009635000930459073
-2.4907967083438487e-05,-0.00035810032995184507,-0.00043832994681784526
3.24645750826691e-06,-0.00036672870522905964,-0.0004728733821465077
7.273143681306486e-06,-0.00027110147099535046,-0.00048407476351168945
-2.5291526389851262e-05,-0.00016401906993431683,-0.00028292766282927864
1.6433059912470015e-05,0.0004110829274570747,0.0002529228972779974
0.00014251546614780822,0.000890795550876443,0.0006110797256571292
0.00012531755180298553,7.636875820753153e-06,-0.00038715532071056865
-1.647927672261592e-06,0.00019618239222281365,-5.054537151859677e-05
7.204976947846478e-05,-0.0001435336096307527,-0.00032336479853046455
6.284364880708172e-05,2.910634276334081e-05,-0.00018466895946685409
7.196310014096136e-05,5.4776879760894674e-05,-0.00012507928694723165
0.00018421543271345304,0.00010899562053701497,-0.00026902563196407763
4.908862073165225e-05,-0.00045324082790446763,-0.0005280350210757703
-2.064466824325278e-05,-0.00012814145400727187,-0.00026347275787436174
0.00016380614876838198,0.00025103306077010846,-4.055115641691775e-05
-2.9596009921564715e-05,-0.00042885325064729446,-0.0006639824236893524
1.1171790109398865e-05,-0.00038137284302685215,-0.000566271735807769
4.0310538795459825e-05,0.00021091810888857976,-1.1339554071611042e-07
6.662353300403829e-05,0.00020790033112585567,-9.274173008789101e-05
-4.6346605235467924e-05,0.00017035872665110947,7.009563154782199e-05
1.7107739052091238e-05,-6.59818549493897e-05,-0.00014401396834361527
0.00010853174761628115,-2.975887257409773e-06,-7.412886100589548e-05
6.965386561080523e-05,0.0002591066455385032,0.00018165940312565642
0.00014340898718950064,0.0009680421478388573,0.0005403647945664629
-6.236270130392856e-05,-0.000678262546630236,-0.0007720657985844194
4.523497890284418e-05,4.166553387760501e-05,-5.517499806278808e-05
1.390154891322244e-05,0.0006038341657403228,0.00041509942500619706
0.00011829800841112218,5.090178680669402e-06,-0.00018122185193858228
0.00010142873293177322,-0.0001908094628994789,-0.0002869810832774876
-4.554870915869679e-05,-0.0010151837954329816,-0.000977373073093667
5.7180090811119236e-05,0.00019512583413222197,0.00012987453955231983
-1.4124662063006701e-05,0.0004799450414548126,0.00034008336761861836
3.664881804661224e-05,-0.00019569086864256046,-0.00027397369000908985
1.4174094713531631e-05,-9.137323833903433e-05,-0.0003324655550274423
9.429208679640719e-05,-0.0003260791737920085,-0.0005163870876972449
0.00010281502506487059,-0.00011739260083570675,-0.0003579144053862369
2.245375108221546e-06,0.00017556922331203966,7.156689594838358e-05
0.00010192595235746429,0.00016650385747369792,8.298878312184503e-05
7.472733004960049e-05,0.0002834673808837975,0.00020211345609092362
3.078161476922353e-05,-0.0005262924808999586,-0.0006279127692209604
-2.7759942744192285e-05,-0.00024129713159640127,-0.00043486487083523257
-1.2956257330686981e-05,-0.00028309156323844185,-0.00046179489563324125
0.0001407156695003366,0.0006141627868091176,0.0003193708552533764
3.767598440088937e-05,-0.000641343392855922,-0.0007825257962745017
9.920842804923824e-05,0.00029277481315753527,0.00017785515377672016
9.58934623287949e-05,5.399867433428495e-05,4.956250920936238e-05
4.5596766873802296e-05,0.0003278773588361869,3.8135152606827227e-05
8.763080300437629e-05,7.490997076829928e-05,-0.0001856437717172097
2.795154882096249e-05,0.0003846400357392275,0.00023527928055345375
7.589394263633032e-05,-0.0001902526554571526,-0.0004075938958546663
2.1904106102902478e-05,-0.0008003443629963995,-0.0008779366659931915
9.637730338120837e-05,-0.0001868118731433853,-0.00039455634402324295
3.985938311997506e-05,-2.6625042742355265e-05,-0.00023819927153774466
1.7336489291401135e-05,0.0007931057157881341,0.0006267695000557288
7.737561706455163e-05,-5.1639761168756115e-05,-0.0002918687753834725
0.00011261344316076884,0.0002978354395003981,0.00014825494494547577
2.0422653659485238e-05,-1.3077271237217267e-05,-0.00015538854296827257
4.131109939345794e-05,0.0001761381736875269,8.10902350270981e-05
-2.5042749257080392e-05,-0.0006885696342017782,-0.0008074719671327859
7.763770547325192e-06,0.00032996531502936126,0.00017757885695427866
0.00010309678539852487,0.00026816773111792313,9.932272958285712e-05
-4.392020789419619e-06,-0.0007635693803027726,-0.0007570422273296052
3.2272562557462465e-05,-0.00025185821347128295,-0.0006431838324882557
4.7688352927098104e-05,0.00013596604786936134,-3.694146476488792e-05
6.309336437895343e-05,-0.0002158462885900087,-0.00031127797857724825
-6.303564005035779e-05,-0.0007122198064400059,-0.0008288141252745006
7.214584588375907e-05,0.000435952033612891,0.0003429226962228651
0.00017977667485309396,-0.00014434180845187728,-0.0005283879188721043
0.00014109571046577388,-0.0005595977996765308,-0.0008928592728327457
9.822353770811543e-06,-0.00030283212297430484,-0.0004052081218505945
5.599315337802804e-05,0.0003636434294987188,0.00015811339657393844
2.6837786093604775e-05,0.00020595776167471217,-5.499300810937909e-05
1.6598551811328692e-05,-0.00028232893514871843,-0.00036469092182799055
0.00012665820696443073,-0.00026424601285743754,-0.000375182628303437
0.00014621401185894382,0.000872630412177024,0.0006490097352634728
7.382177581194546e-05,6.256738964457472e-05,-7.346792827695015e-05
-7.324137130920949e-05,-0.00010838270129705677,-0.00019231909646672348
5.994088554931912e-05,0.000552830256103255,0.00031964111902034903
3.464218836441051e-05,-0.00030323991922545884,-0.0005800142415090038
8.346791471143292e-05,-0.00038124165939502246,-0.0006297961164471173
5.171755561372321e-05,-4.286741285007366e-05,-0.00016297757512265989
9.450863709220219e-05,0.00034139475369531283,-3.6802373476927964e-05
-2.9024940564702104e-05,0.0003697061062659913,0.00018933310601912056
-2.32530963683075e-05,-0.0007021781396993634,-0.0008078544442837842
9.768380862171732e-05,0.0002157189919289162,-1.4121708304577448e-05
0.00014031093363688318,0.0005088280071092003,0.0002707970303793604
0.00011015821294875551,0.00017737751968142514,-5.6426409845936125e-05
4.978525265428543e-05,0.00014163219600819854,-9.484979722770151e-05
4.866480020870645e-05,-2.5179408939861666e-05,-0.0002000914397399466
7.692147241890882e-05,0.0001936635630658194,-1.5041452703079864e-05
8.155340099505874e-05,0.0005820242318819079,0.00042212634616968487
4.457625083814664e-05,-1.0268626245855863e-06,-0.00021701150487337068
0.00011296848070768958,-2.8374530942755347e-05,-7.489323333336175e-05
-7.013392317157976e-05,-0.0008341642034185729,-0.0009430187676046366
5.843203806793281e-05,-0.0005522100645194385,-0.0005975051798389399
0.00011477809784702342,0.0002460059203172499,3.213606468717782e-05
5.7528301586992584e-05,-0.0002488088968937777,-0.00026412019234399805
5.433131996227531e-05,-6.7114864966561e-05,-0.00029238227082681984
9.75565548631323e-05,0.0004119700413191982,0.0001712831524154052
7.799743721571129e-06,5.591615932849008e-05,-0.0001763158588856844
-2.2362561655075476e-05,-0.0010613001792569873,-0.0012500354708470489
1.878089085726852e-05,3.1650148691659934e-05,-0.00015745128308682866
2.5106506178420467e-05,0.00014086897200895091,-7.469543307297288e-05
3.981343285727794e-06,-0.0008931898619951874,-0.0010878485414508585
4.4618451769584116e-05,-0.000187870498010106,-0.00042049362670846423
6.284236684872072e-05,5.8565859390315075e-05,2.77246586670408e-06
-8.557180663634463e-06,9.836219211407753e-05,-0.00020824587523537985
4.452982062768903e-05,-0.0003872794281948703,-0.0005574722258626125
-7.0517904375246e-05,-0.0003977738520053964,-0.000565756339847158
4.690351228627438e-05,0.00020111007667725756,-6.476041585581229e-05
8.205514693000195e-06,-0.0002947150193507737,-0.000454125119801858
5.105530286122952e-05,0.00028556391258498747,0.00010976258782002831
9.846062964938878e-05,-0.00047488710861534703,-0.0006959213791574891
4.968997618194854e-05,-0.0011060943647635,-0.0011243710787434468
0.00014905081519789927,0.00029510853718076795,1.297738501613579e-06
-5.2075471083849235e-05,-0.0001633386055359315,-0.00033732442217297525
5.597414299857005e-05,-0.0006402944938913039,-0.0007652334048795627
5.62080048262359e-05,-6.561922813855646e-05,-0.0001238636447830656
2.2053885865087273e-05,-0.00060586516438905,-0.0008998951998317756
1.7546966887177268e-05,0.0004744861988960895,0.00026616618739176093
8.06920136594854e-06,0.00024960089741873014,0.00012006845121770457
6.742486597446532e-05,0.0002776824859341943,8.376814946332216e-05
9.215746211951303e-05,-2.6826216033407502e-05,-0.0002496354596896825
4.611885278050097e-05,0.0001026476401588189,-0.00013082950597993368
9.56447119085893e-05,-0.00020263244513483704,-0.00029318006192686737
9.064603344270635e-05,-0.0001934070489450404,-0.0002925701512262522
1.1870973433270276e-05,0.00012658791334206986,-0.00023032481353704135
-5.707558360387129e-05,-0.000619848776451934,-0.0006333552873117168
4.2001764566387665e-05,3.6922987270102594e-05,-0.00017976178441072533
0.0001074239488389327,-0.0002876971585049488,-0.00036828864911734953
0.00017031563468597534,6.352265875979744e-05,-0.00021390309887445286
0.00014460845694315157,0.0005783667110971192,0.000426317028572935
0.0001261170182160105,0.00013806046469066362,-5.525424848872829e-05
0.00012277112668340761,0.0006747938677439645,0.00035551462923191947
0.00010280501156202947,-0.00018106991475715813,-0.00040403701604122867
0.00012485868510467854,0.00040806183568319943,0.00010574482524800604
2.4320339832700294e-05,0.00021629511850441546,6.335581368861066e-05
6.844765406002613e-05,-0.0002456494316899913,-0.0004457644266722939
0.00010616103661023492,4.677803064503346e-05,-0.00013532203920077018
-8.158056359329922e-05,-0.0012020975785361776,-0.0012860848888095902
-3.69534040973486e-05,-0.0005285353587405266,-0.0006629555679511017
7.927730139451455e-05,0.0003038714517294433,4.304852684176238e-05
6.217753483275663e-05,-0.00044896822440998463,-0.0005359702542482997
9.167439846327873e-05,-0.00028800233544216524,-0.0003397849009356566
0.00010498499792745405,0.00019670806291286188,3.514705491467321e-05
2.079635436319868e-05,-8.225337364035307e-05,-0.00034621332790885247
0.00013006545705790705,0.0005451084921921764,0.00036828560080484467
2.2792182909429676e-05,-0.00020440322970088318,-0.00040522231368682733
4.090125026738335e-06,-0.0001442321071118858,-0.00036154180495953517
3.4537791123057104e-05,0.00028290415303050125,-7.566527844958198e-05
8.873065701113907e-05,0.00030890143628928426,4.144147861004279e-05
9.555831592775106e-05,-0.00023496427093259683,-0.0003490659028775857
3.214163530436496e-05,0.0006611460957167214,0.00032047129328992177
8.54545583427691e-05,-0.0009528177361292023,-0.0010065942748913668
1.920953429043542e-05,0.000104216156683729,-0.00017324637596115053
7.718511718247245e-05,-7.062656405464499e-05,-0.00022452980798566365
-2.5786005814976173e-05,-0.0005963950379986461,-0.0006222190077289938
0.0002036946414971198,0.0003017522930319199,7.31531390317965e-05
7.395719268928809e-05,-0.00022366026907250233,-0.00044849180282939885
-2.285523772343215e-05,-5.846818310513511e-05,-0.000215868541010677
1.643623104130256e-05,-0.0005462644820490135,-0.0007090066798244772
1.3259620671771062e-05,-0.0005305886573839981,-0.000513723028977052
0.00012927928394521269,0.000391979092279903,0.000152219532857352
6.706760855859406e-05,0.00034741509485776173,0.00029553255674630405
0.00024804336586517755,0.0014570140212092572,0.0010262032045436763
0.00010626136539381794,0.00013440048308108418,8.387298351696076e-05
6.256949057918801e-05,-0.00023380912256766275,-0.000518630137822008
0.00013282105978353303,-8.570418774902296e-06,-0.00034984425579094917
-8.159084042299431e-05,-0.0005060908156819808,-0.0006744119942906622
2.4396264868986554e-05,0.00015069970464180976,8.075512007505269e-05
5.3379370111340086e-05,-0.00024373081460398594,-0.00044394846438059225
9.401675643055452e-05,0.0006821675537869997,0.0004983281223463028
4.2901216860361647e-05,0.0004754489364445559,0.00011446518805277705
9.483088468133756e-05,1.0507508256719575e-05,-5.217687207002337e-05
-1.0420157699141789e-05,-0.00017272118073919396,-0.000253598218415262
-1.3745373145739498e-05,-0.00029203218684434296,-0.0003825221024313866
7.688845746612962e-05,0.0004965284747705819,0.0002487817769582874
0.00010252603405442413,-2.1218412573835216e-05,-0.00024474829568095784
6.184484016352938e-07,-0.0012752711602434764,-0.0014155511648039226
4.914825727156614e-06,-0.0009008609579804898,-0.0011058728816956396
-4.0615366761417436e-05,-0.0002792289162036239,-0.00043201280299411484
7.385576209274072e-05,0.0002986262846014599,1.424971879410039e-05
7.802501671192176e-05,0.0007834548565131131,0.0005548039370155329
2.6832068235807673e-05,-0.0002864758611968713,-0.0004754597115150958
2.6147307546942956e-05,0.0006137339629321588,0.0004929298346411401
5.861097202637349e-05,9.059068434610337e-06,-0.00011060104561977215
8.96430888796476e-05,-0.0006112267469635089,-0.0007188018680937408
1.2030554186894649e-05,0.00011268297759021073,-8.189180437978607e-05
9.618247990981132e-06,-0.00048666619183863685,-0.0004891982419070814
9.206612625677624e-06,-5.963554568543707e-05,-0.00018449767312545706
1.3010595684705974e-05,0.0001333060226099371,4.1269220642698964e-05
2.5265092572441638e-05,-0.00030656471928804823,-0.0004043112917434681
1.0934006474393193e-05,-0.0006887562972172846,-0.0007573161646777681
9.711700422582113e-05,0.000355288992830173,0.00026693998893159986
4.327027385974972e-05,-0.00028722832154278583,-0.00037190071394208155
-6.627285777184526e-06,0.00026753775613379564,7.291750251781721e-05
0.00013363619411428638,0.0007015416110766452,0.0003538954479366047
1.2485230675623514e-05,3.298559124497619e-05,-0.00011181488176158189
-3.360149765903561e-05,-0.0002840018873396153,-0.00030899055622813016
4.634057054859759e-05,-0.00014608142661632647,-0.00029814641585964165
6.095953273518379e-06,0.0003673243965498958,9.21845384080007e-05
0.00011012654020061793,-0.00024840577031365655,-0.0004678020937823676
1.639801335588217e-05,-0.000258976702493409,-0.000420765287396399
4.714525373070619e-05,0.00015098151253784532,1.4002358485598756e-05
8.678269158994271e-05,6.316779999160314e-05,-0.0001891738975559171
-2.265947569439139e-05,0.0005354608748762524,0.00030650641434281506
0.00013668155302324993,0.0003239998158696799,-2.1718705976594293e-05
4.914188145263497e-05,-0.000462381021924297,-0.00047672337810766505
0.00011684191857989641,5.852623286620054e-05,-0.0001637324723130662
5.5587966442598104e-05,0.00031968685621291786,-0.00017937704014872212
3.1906598426064794e-05,9.300184400332856e-05,-0.00010462849714502082
5.312494005277988e-05,0.00015021823319492797,-1.1074669764233382e-06
0.00012883152568476827,0.0005759427693005369,0.0002870890725918241
1.2849221323445897e-05,-0.000744161535676145,-0.0007868236063760516
2.6309084486851673e-05,0.00021085611629359608,3.214984044267862e-05
0.00016400767862429205,-3.4958133924717155e-05,-0.0001304306947238388
6.720629370239299e-05,-7.623664807831471e-05,-0.00036012515022426563
4.322256452222222e-05,-0.00021260724103376924,-0.000517268846020287
8.756397796165987e-05,0.00014497533398498093,1.2530137385395775e-05
6.013328389872086e-05,0.00015219385776915758,-0.00020123567456551818
0.000214883020667984,0.0006885083721683247,0.0004651956688769011
-4.500975825127404e-05,0.00030065545526035983,7.442417859780865e-05
1.9356098148834758e-05,0.00035573956990880406,-1.3432682583962107e-05
9.101136246219711e-05,0.0001478905917890659,-8.430767299015285e-05
-7.093751705378381e-05,-0.0002706630665809147,-0.00033075380545368566
8.872712745650918e-05,0.00048120997607529646,0.00026384754713159166
5.847157567947595e-06,8.292963384743765e-05,-9.418062072717576e-05
-1.4572640539400731e-05,-0.000584780900469905,-0.0007152060831291651
-0.00011075672289755307,-0.0006547880595669063,-0.0007440779739731863
-1.9431670775610875e-06,-4.6476472126122316e-05,-0.0001557289759192159
-1.6933701449265706e-05,-8.948833500954453e-05,-0.00044112824991847106
8.184012346815577e-05,-0.000207561765289179,-0.00048494269223266857
7.484313221962918e-06,-0.00031264004850479755,-0.0005008577576554721
-0.00015372856314745448,-0.001452381812223423,-0.0013740294770102236
-6.26580300847109e-05,-0.00037000840687605624,-0.0004896765495503398
5.99132966324331e-05,0.00037160410633785236,0.00021947087050765157
8.908281957843435e-05,0.0006525200081135467,0.0004984324035580428
-1.4634446754394352e-05,-0.0003014488189862511,-0.000399179194794201
4.250811703783005e-05,-5.113728621881634e-05,-0.0001938459887772573
5.806994033306767e-05,0.0001146530139244125,-3.9246109552361144e-05
5.6198342470589844e-05,0.00039080586091933385,0.00027363795716927664
0.00012871913183068654,0.0005118807491451742,0.00030348426881294616
0.00016163240400192627,0.0009135266058758328,0.0006390740135545382
3.660279307779663e-05,-0.0004836987083186796,-0.0005377155723174963
-0.00011122969542544573,-0.0006939664066927285,-0.0007080059401097876
6.880598382632899e-05,0.0007499065113395347,0.0005492941349446768
2.3392803929115765e-05,-8.1798420231804e-05,-0.0002061772793669095
0.00019062515256455773,0.00042018687225490667,0.00014036434277561665
9.040033545022344e-05,0.000272276584421545,5.938003609964949e-05
-4.8676535120321636e-05,-0.000542592882582128,-0.000620694051133603
6.31595079516232e-05,-0.00030166850745820865,-0.0005069607376018744
5.9454179618505715e-05,0.00011097578125183772,-5.13514817015411e-05
4.649842982832616e-05,-3.760220905047322e-05,-0.00032316183962303297
0.00016857490286366578,0.00014942160233515406,6.427133463652248e-05
5.3028041145592095e-05,0.00039574276575023366,0.00020769006328223867
6.930948929909428e-05,5.47361739732432e-05,-1.1363985116541556e-05
3.816821391336271e-05,1.2117732523460935e-05,-0.00019013457331985877
-2.8015616429635847e-05,0.00023961168813333374,7.288464012843377e-05
1.2454179458374823e-05,-0.00034048104716700767,-0.0005118253354211966
-3.5072531066349485e-05,-0.00111678905877519,-0.0011765275126423185
1.3160927925325353e-05,-7.993475899286436e-05,-0.00018292025319046368
2.670111972235024e-05,7.982716080745671e-05,1.5543269158913958e-05
4.142143591804795e-05,-0.00038769400723903956,-0.0005762118815965839
4.113271885163277e-05,6.462993425265532e-06,-0.0002499098552997476
-0.00010526438305991854,-0.0005663628583932085,-0.0007006184600805313
4.95227834226236e-05,0.0003598011356882686,0.000273709630341608
5.252575816210665e-05,-0.000594233522801564,-0.0007314377476061515
0.00015987040941363678,0.00012094262931925347,-5.781870083113849e-05
-2.139307225857334e-05,-0.0004914237768784353,-0.0006008420197663565
-5.849094270442382e-05,4.6825747001933956e-05,-9.000449344194104e-05
4.932603850809792e-05,-1.0583113497731955e-05,-0.0003054242636750257
6.378102703949649e-05,0.00027958209985791665,-3.782970135685171e-05
0.00014743497965051734,-4.552251556153491e-06,-0.00020724072384409643
7.699300936794861e-05,0.00021716575239855878,-0.0001253957070108469
3.4539013597713764e-07,-0.0003622355896693149,-0.0004552082160592312
-9.821573867647033e-06,-0.00044178698774704724,-0.000487194658646035
3.9005346449469804e-05,0.00031610544938020173,0.00011223388956659002
6.689952904579232e-05,-5.5848807159659055e-05,-0.0001543349838600924
8.986275468385514e-06,-0.0008865627487922592,-0.0010141387713713211
4.942462478153732e-05,-0.0003108759918316081,-0.00038044893190921806
0.00010435499086387455,0.0003095790845855226,8.615661649648051e-05
9.236360606768726e-05,-2.2524782665157405e-05,-0.000238889918585577
-0.00012707201777005395,-0.0005833081414598295,-0.0008903086219460733
0.00010661593687412039,6.462907177727417e-05,-0.00012498770998898597
5.338707234961817e-05,0.0002239314310910407,3.6041127607576066e-05
-1.0699115190061916e-05,1.1989968362664696e-07,-0.0002148192559762134
4.150220184001151e-06,0.00023192093588655745,4.289624793689243e-05
-7.716297174384723e-05,-4.196765541097518e-05,-0.00014382238527544682
0.0001619876289344416,0.00039708113523285354,3.4804636631848436e-05
2.7206956070584975e-05,-0.000887729279348458,-0.0009758873726742278
7.072207942832151e-05,-0.00038177399440424045,-0.0005304688880131022
1.535383789026043e-05,3.8187310878372665e-05,-0.00013235869601604727
-2.861166202488161e-05,-0.00048820455757902386,-0.0006940712109776644
-1.4291174133262567e-06,-6.36682559071395e-05,-0.00020388872796940437
-1.1182898903329744e-05,-0.0011612720661890001,-0.0012479507701704065
-4.742542733051117e-06,-0.0007105961858180682,-0.0009013782266323879
-3.930367310255289e-06,-2.596916878932714e-05,-0.00013050134340989358
9.035335200956334e-05,6.373211539944119e-06,-0.00019207134700554546
5.672491472776445e-05,-0.0002776953503118219,-0.00047742372822018775
7.5665613572987816e-06,0.0001345775534217589,-6.1191219297860515e-06
4.4238596346861695e-06,0.00022540519568180464,5.3851386951771945e-05
3.8064196923327654e-05,0.00014999787678078108,1.3762598682598947e-06
3.006262480145436e-05,-0.0006538813818696911,-0.0007920964807721517
-2.6890157788099815e-06,-0.0002991069178418922,-0.0004919411639852209
0.00013876608372446228,-2.256857122603112e-05,-0.00017699822179683886
-0.0001098130969271924,-0.0003523322637937993,-0.00044294846842367927
-2.576422805803183e-07,-0.0008719957636316314,-0.0010760115011427237
3.763022821659233e-05,8.625857292464051e-05,1.0369028265570272e-05
-9.565193024664646e-05,-0.001151649530038211,-0.001255200869838754
6.583422118725579e-05,-0.0002109016054706877,-0.00047773746724416404
-5.50183743980585e-05,-0.0011887002392642321,-0.0012536328983532453
7.106674875234238e-05,-0.0006625387063109485,-0.0010433627188073927
-2.316080426453758e-05,-0.0007087953127341824,-0.0008924421120245012
1.1287027844054118e-07,-0.0005309345145292944,-0.0005268534037193389
3.6280885790718794e-06,-0.0005076917966405261,-0.0006821432019168031
0.000139328136035477,9.369306799947206e-05,-0.00012447603704711388
6.503799582225866e-05,-0.00022445712870888926,-0.0005787094280705484
-3.462943098005359e-05,-0.0005638316343443351,-0.0007160061274890123
0.00011070019584075085,-0.0004239356452448618,-0.0005244266572367773
-3.279874405738849e-06,3.744789268452256e-05,-1.95869248374189e-05
1.558706208198602e-05,0.00016212385648093738,7.819601797287039e-05
0.00012508057239902563,-0.0002569203690766763,-0.00045875537924502447
-4.176786990048358e-05,7.645932611225327e-05,-5.663433708218957e-05
2.5270402909803862e-05,-0.0002967837563584745,-0.0004554047651236993
0.00018384832056364566,1.9384723087396088e-05,-0.00027551925797080764
5.9927845265375635e-05,-0.00025386127090509255,-0.0004159955009349592
-2.367923191630631e-05,-0.000551176959616409,-0.0007823743342358961
-5.910406225934268e-05,-0.0003453588202167402,-0.0003926646265738769
6.846494754946286e-05,0.00045698892320379924,0.000340716404025346
-4.006433227000166e-05,-0.0011213840707724923,-0.0013062884798506116
1.472204872262847e-06,0.00023409872272245745,0.0001328099445765814
9.806843618883948e-05,-6.615687130040454e-05,-0.00032758318097586656
5.039061838596969e-05,0.00028602454149026757,3.873072969048409e-05
9.237552429849065e-05,0.0001755027349372153,5.386885773033261e-05
0.0001893062940101467,0.0002899026974941871,9.938238386328026e-05
7.579789800025134e-05,-0.0002776049677594847,-0.0005127903898465479
7.179802918529607e-05,8.234983356756813e-05,-8.843889844193403e-06
-8.088841880344466e-05,-0.0012211127450918742,-0.0012906737275202578
4.821687555508751e-05,-0.000258587105465273,-0.0003792638932321949
9.768723219529466e-05,0.00046431070134087644,0.0003078605761650873
0.00011973764432056136,-0.0006665265431944096,-0.00104694121070702
2.7307041130160463e-05,0.0001374526432321263,-9.655318247283421e-05
6.264207222132862e-05,-0.0005399857360349376,-0.0009192667100876425
0.00021723946003498012,0.0008284394797793578,0.0005063692456946771
0.00014560675104394663,0.0009377973596626658,0.0006597018005428329
6.10211759379909e-05,0.00019579443877785932,7.63978867500173e-06
0.00014344920118209383,0.0010104183939767225,0.0007021797230871293
2.0533532624946035e-06,-0.0005290660868653797,-0.0006423298520196342
5.125010586417383e-05,-0.00015207581226441558,-0.0004297461233968733
3.9162838747344773e-05,-0.0014306816400902532,-0.0014702632195271778
-5.997056184314868e-06,-0.0005163169459217315,-0.0006352855501236503
9.739629298139991e-05,0.0001422897132746712,-0.00018054797053139598
-5.488542865930845e-05,8.518616929347752e-05,-9.393635394129286e-05
2.2750641931723148e-05,-0.0013363003224170283,-0.0013022495926163593
3.760845900808058e-05,-2.9297447577020653e-05,-0.000289579890874335
5.073815740381469e-05,-8.246567038642713e-05,-0.00026904193707748215
9.894370453333203e-05,0.0003958838660000902,4.1090635155603325e-05
4.9899428169892856e-05,-1.0928605637025042e-05,-0.00012198627624810727
8.766306761591566e-05,-7.130362071834897e-05,-0.00018000603669709214
-4.5374514075692215e-05,-0.00027375298262246803,-0.00031153761973193864
5.026465956986824e-05,-0.00031027531812075667,-0.00043141094654433837
9.898224427608025e-05,-2.5439022707100968e-05,-0.00031559242972086497
3.826902430416126e-05,0.00010205453291120377,-0.00012184359127069167
2.9647867805670988e-05,-0.00030047933099631595,-0.0004948188610304146
-2.2937942685942003e-05,6.651493490696228e-05,-1.405323515032633e-05
9.795541755566785e-05,-0.00029757757952189324,-0.00047833314913746513
-9.458775574750259e-06,-0.0002464788877189489,-0.0004318862002228527
9.576072198950425e-05,0.0006329774172936374,0.0004289360260855748
1.0122438445571836e-05,-5.103267184125354e-05,-0.00027538288225468317
6.816700776646127e-05,-0.0003426324390962733,-0.0005934195027117843
-2.0796948269888863e-05,0.00010162569434336039,1.3845604398625495e-05
0.00017001882704051422,0.0002468899331558709,2.5134728240650014e-05
-2.596351773252617e-06,9.604464086193984e-05,-7.806542507321699e-06
6.463722390257222e-05,-0.00010168101286668374,-0.00024058485004955097
3.9390732929581054e-06,1.4742393712956648e-05,-7.799762773661966e-05
7.548032808241877e-05,-0.00021701464715893402,-0.0005073836413878641
-4.6635348583713574e-05,-0.00032026782551014283,-0.0004138543938269541
5.550932301390138e-05,2.0301186955179847e-05,-0.00012547204996323224
0.00015501743208745433,-0.0007245266508073808,-0.0009648009234386896
-4.146023907781923e-05,-0.0013918394006474538,-0.0014370805291226193
0.00010164313979647984,-0.00023884743214015928,-0.0003854418023991863
0.00011666054587612163,3.38295185266488e-05,-5.490509888466812e-05
-1.7446839918776249e-06,-0.00043229641789295633,-0.0005627787100197688
7.343368761018605e-05,0.0004202714550894385,0.00015724741300765816
0.0001339101030092847,0.0001713617731999068,-9.63780363604633e-06
0.00011429653069643667,0.00010663264197711318,-0.0002806269510354641
9.818995052966923e-06,-0.0005124088725564587,-0.0007194394675715045
-1.3783200625043447e-05,9.583851154225642e-05,-6.411065772436551e-05
2.96486205748283e-05,0.0005618725758250797,0.00013065049162598952
6.197049680419992e-05,0.000588642405869957,0.00041589855912778524
0.00014349057883878422,0.00048601825524872245,5.6857735230641805e-05
7.84941843575375e-06,-0.0006619955536782634,-0.0007846449144897722
-3.9769284317164204e-05,-0.0005902127195636454,-0.000613326638775873
-4.8541461592093766e-05,-0.00019598435960614067,-0.0002548393954172058
-2.5786756464658844e-05,-0.0004353570443519761,-0.0006047277118164526
7.202142672683938e-05,0.0003235855106823903,0.00019402301504380876
0.00012959682829856138,0.0004945047374083507,0.00020592739270558562
7.080565629862537e-05,0.00044527867246278404,0.000236524435779623
5.647557838948075e-05,6.940851767282987e-05,-0.00028279505509317977
0.00012207411446316598,0.00019157656837642071,-0.0001747342963265385
-2.568452854421487e-05,-0.0004902434099444896,-0.0006908017693997738
6.226260087570872e-05,0.0001720205141059034,-4.0005767458557785e-05
9.062456979335253e-05,-0.000376179670659049,-0.0007410427097351725
8.538466154888236e-05,-0.00053097063004368,-0.0005974620656135259
6.971478303707015e-05,0.00036242130289448416,0.00026884884370157125
1.8681491365048848e-05,-0.0006290253348260899,-0.0008207620588185441
8.081586987637688e-05,5.3736355889913854e-05,-7.058696312455443e-05
4.5003297134908965e-05,4.3203693634278636e-05,-0.00013466418813404922
6.465370463765648e-05,-8.894154974711574e-05,-0.00034352513805847894
4.0968916265424676e-05,0.00012130375049190629,-0.0002046057136318388
-1.1146260134057813e-05,-0.0005550271719023462,-0.0006736765506427122
1.7090869290962442e-05,-0.0006341721085071832,-0.0007497061048447619
0.0001275414071034916,3.7836272943282255e-05,-0.00026833121541050114
-6.363467600008858e-05,-0.000595813734300583,-0.0006423978934278538
9.230006805993805e-05,-0.0005578329662754412,-0.0008104067201090852
-2.5357896461384517e-05,-5.52697375657872e-05,-0.0003915841035015415
5.455023542699333e-07,1.483420081246033e-06,-0.00013214427005342756
3.5379674118868516e-05,0.0002517768864012898,0.00015608513280843591
-3.369334648478797e-06,-0.000487982477272599,-0.0007706447772103583
-2.39389834713307e-05,-0.00017729943555593836,-0.000299971649298342
8.871820227975625e-05,0.0004604666902786609,0.00020372170251563531
0.00010096335746880277,-0.00047758602707596246,-0.0006003999314342437
0.00011895174524108463,0.0005215507938096086,0.00038387772831781884
1.2284583151351609e-05,-0.00010633391061704513,-0.0002833190182774673
8.427126553759341e-05,0.00011666024429748969,-3.0596062347060704e-05
2.4473103138754327e-05,-0.00021289754667333513,-0.000433109225310055
3.395800134537813e-05,-0.00040231240083347535,-0.0005150790307463275
3.621751216325729e-06,0.00010755184656935585,6.314568558720267e-06
5.025406349748117e-05,0.0005259978992587778,0.00032091368058630865
9.194537480362579e-05,4.187552446775452e-06,-0.0003012059275392825
8.608059362446365e-06,-1.1044929875908679e-05,-8.334244927118336e-05
1.8233777517943515e-05,-0.00012341178416476334,-0.0004159428132557835
-2.3311485100990797e-05,-0.0005258253157238903,-0.0006056855547490476
0.0001823856403450055,-1.9709646521409892e-05,-0.00018520517142025622
0.00013102502838842862,0.0007867469251463711,0.0005201429027165145
-1.7980320383735723e-05,-0.000538345592168058,-0.0006378039181429388
0.00015924245892289473,0.0009012570550026196,0.0005890997625905905
0.00012606540621850975,0.0005129068178753604,0.00016610741803766736
3.0397583964189112e-05,0.0006415259227040113,0.0005094272604789475
1.4430757993679226e-05,0.0002809297843602902,0.00012990616267050028
0.0001659779429538125,0.00029187250836686855,0.0001895137024724513
9.338629268377632e-05,0.00022762691007324154,5.457764551393204e-05
1.066115422161196e-05,-0.0005458369073987833,-0.0005866887035377551
1.2098211649232826e-05,0.00016541990918312666,1.6781258229015483e-05
-1.8901234872996554e-05,-0.00035453156102142154,-0.0004427532172603469
5.235503126126419e-05,-0.00024123850286259354,-0.0006668931911699345
9.961359416667449e-05,0.0009802314284357288,0.0007121518357408942
8.256881809564018e-05,-0.00041723926572523996,-0.0006296001569898295
0.00017384736709534184,7.169735603318425e-05,-4.374382710121886e-05
1.044622850484661e-05,-0.00010867888978760245,-0.0002709646921225144
3.484547770526712e-05,-0.00048744912003909947,-0.0006841043466083311
3.368324936147278e-05,3.719071478261728e-06,-3.4258497506453904e-05
-0.00010534325803085548,-3.6970884960388166e-05,-0.00011708543488930379
8.38637707485819e-05,-0.0005218555734081897,-0.0008429767083506438
6.317372450786451e-05,7.59490635792168e-05,-4.9263050874421936e-05
-7.489280446875362e-05,0.0006471531936864408,0.0003807839011312162
0.00011230290561769983,0.0007692282786255862,0.0004872839742580702
5.7716185329895745e-05,3.228330781137958e-05,-0.00019917767805163717
0.0001223836290552064,3.642172122439894e-05,-9.250547029719986e-05
0.00011340709887686093,6.15309554159623e-05,-6.013367609070019e-05
0.00015356194493063857,0.0008460234404132815,0.0005682189821864869
7.083502123999915e-05,0.0001245273043970661,2.5207897238044784e-05
4.417079469798825e-05,0.00013581301642658916,-7.028414012608621e-05
0.00014238213898981676,0.0007169569562533536,0.0003976176434736168
4.338938542220258e-05,-0.001097992568087352,-0.0013766690990721455
2.2075755263880145e-05,0.0005388314256764934,0.00031491624125144844
-6.356461697182613e-05,0.00026098751470152756,0.00017896111525570328
2.768483643682772e-05,0.0003186881677561332,3.949002795502834e-05
-3.42155456395604e-05,-2.4583638956281715e-06,-0.00020689632649766298
0.0001308414739277281,-0.0004912679263205627,-0.0006517583122261058
-1.1935143258112513e-05,-0.0002311819873720528,-0.0003583341259739547
3.749289618210696e-05,0.0004949792196002871,0.00018183640800794955
9.156734155647188e-05,3.41257684257135e-05,-0.00018160496955777432
4.1622453556489514e-05,0.0004730399611391415,0.0003457105314142409
2.3716135304898715e-05,0.00032596597113772015,0.00013261510948944387
-1.1950947405480502e-05,-0.0009652194281845539,-0.0012251433509709983
0.00015730874075471684,0.0003601299911096022,9.313609839410069e-05
-4.517515099445235e-05,8.782959678496376e-05,-5.675737773134868e-05
-1.3203478136278416e-05,-0.00020317696283569738,-0.00037047708903399776
0.00016360410239632845,0.0003908034676722785,0.00020188557966411863
6.140192452665675e-05,-0.0002961190234258774,-0.0005115309974162814
4.963395821546091e-05,-9.431957820772465e-05,-0.00021882869865407411
0.00015343599704514778,0.0003356790409800833,0.0001374446317204708
1.6673089168361342e-05,0.0003599898605768244,0.00020023014178029855
3.027120142263742e-05,9.28009643827489e-05,1.2772950515099117e-06
2.5985351397557634e-05,-0.0004481388330834864,-0.0005006826675568992
5.407612732780253e-05,0.00010384732705687066,-5.226678574727262e-05
-7.216583587702462e-06,0.00041069442687497446,0.000275109847599447
3.738566968967575e-05,6.722406401876984e-05,-0.00012964453232454007
3.168739782426181e-05,0.00045093105476615993,0.00011098906989772306
5.02495751617716e-05,0.00011552573994426835,-0.00011243498047561076
7.711175090715907e-05,0.0004491693087908698,0.0002290652266242455
3.354094008536392e-05,-0.0006275829625542082,-0.0008824305375480187
0.00013659714671419084,-0.00010624115998115864,-0.0004381657927108101
-0.00013129767186895988,-0.00022733400079949777,-0.0005042677874719183
-4.25376456275004e-06,-0.0008142876244182512,-0.0010325845731801201
9.979108050020631e-05,-9.042845381928126e-05,-0.00027403986141796
0.00012287621974191797,0.00029508610417010745,6.47863892191569e-05
7.647612520669984e-06,-0.00011169382090472175,-0.00018350442704539476
9.687140999988631e-05,0.00044293131965484657,0.00020475979235896555
2.2028919312546335e-06,-6.265661488166996e-05,-0.00011469746402605467
-7.210536376066944e-05,-8.744940144009476e-05,-0.00021567689530455208
1.1061840758241085e-05,-0.0005638353630451658,-0.0006006371946046866
0.0001381056436668849,0.0001903717608364387,-9.910751348443848e-06
0.00018567735200893497,0.00048825700461103104,0.00022971911675597875
0.00012180316316857444,-0.0001621453236369027,-0.00030569378987872287
8.562927696509982e-05,7.808320318944493e-05,-5.2359436507385445e-05
0.00021865954067990968,0.0010267319256472892,0.0007479150403057336
3.305604856309775e-05,-0.0006508853168592213,-0.000906329711255374
3.722428677351377e-06,-0.0002590784892400875,-0.00037659044318130827
3.738542772226797e-05,-0.00040499455347073294,-0.000440860355148452
-5.3477462486139354e-05,-0.0009261560709969264,-0.0009169446264319398
9.388168531947077e-05,0.00018441434062886259,0.0001261855325590118
3.5510238388827115e-05,-0.00019971260936186468,-0.00031275155222226884
-1.3973061903344372e-05,-0.0003148596150311236,-0.0003888164339215524
0.00014102281783278617,0.00031878548600002205,1.740305290005273e-05
9.97495790246728e-05,0.0003726817460033766,9.137758820136538e-05
3.886663111803723e-05,-0.0006915043967863597,-0.0009749735434928672
6.916056498100786e-05,-0.00030811721526946784,-0.000436841149648561
2.0076249701976248e-05,0.0001705145722624556,6.082436087949012e-05
0.00010706758038841723,2.570624764460731e-05,-0.00019183470161288952
0.00013412682607363477,0.0002711403276979106,5.490026231166225e-05
1.5314020698251702e-06,-0.00029980050969093873,-0.0005420636918211468
-3.7974722205975524e-05,0.0001105760290854048,-0.00023036521827173926
0.00011255764538603129,-8.330833726874406e-05,-0.00021840808757477983
6.924108736393995e-05,-0.0006118068039850777,-0.0007510724673618155
7.851528111315682e-06,-0.0005973171920534922,-0.0007751450368720653
3.598132195898761e-05,0.00023604262582435157,0.0001007128381229174
0.00012358731895706503,0.00019121913206386585,-8.024154918659628e-05
1.1444026889265643e-05,0.0001227722480196101,5.800831560762339e-06
0.00010600469408920851,0.00045994522453800214,0.0002310991984726728
9.078194629378873e-05,-0.0004188705153463761,-0.0005509935105267827
3.599380713773625e-05,8.434128816318617e-05,8.091734109189508e-08
4.900501027953113e-05,0.00024468373187793834,2.961843253083111e-06
3.216607614767316e-05,0.0005971396279630894,0.0003529207626539474
-6.687866588479127e-05,1.3132748879743058e-05,-6.742665337841551e-05
1.816423780661927e-06,0.00013931457428611506,-4.419682382262285e-05
-7.806944270000927e-05,5.5534161586141644e-05,-0.00010954043620075673
-4.864612916600978e-05,-0.0003580439714558229,-0.00034502762337083404
1.5066692446781901e-05,-0.00017836686121597387,-0.0003066780558675084
9.055891319153545e-05,0.00022113442201043962,0.0001268559522753348
-7.70199132928967e-05,-0.0001583301165211293,-0.00023444162678792107
2.436657639661623e-05,-0.0007882667770554195,-0.0008489021580638396
-3.4315892649470115e-05,-0.0012259566060959294,-0.0012666325597300127
-4.5189526619784324e-05,-0.00040526960025725936,-0.0004710338972650924
-1.5515804050090007e-05,-5.884942206883963e-05,-0.00033816473530923663
-7.223269802935793e-06,-0.0010434674689581897,-0.0011358803053707288
-0.00015281271331262313,-0.0003032807670388628,-0.0003675655528110164
0.00014088642162367137,-0.00023571799018962973,-0.00045175299761446405
0.00015278040092169662,0.0009084918597169341,0.0006491266243739632
2.665065152701525e-05,6.866415710042524e-05,-0.00014775327111791366
0.00015635406221354924,-2.1715795227630048e-05,-4.087323008794041e-05
-0.00013535607978357598,-0.0004862625694441872,-0.000612965000946018
0.00015876892308240993,5.504128517203765e-05,-6.317562837078656e-05
0.00016059707015433003,-4.3423875022103475e-05,-0.00019990197654053024
2.643519045312335e-05,3.2406184528059405e-05,-0.00014356704325773072
-0.00013918586230940346,-0.0007991009520125623,-0.001112052746208582
4.08295984846351e-05,-0.0001559220741815392,-0.0002722398029724242
-3.6087540517077354e-06,0.0002597954255383624,6.846088495835302e-05
0.00016033056183213692,0.0002572891836291949,2.9302282844895466e-05
0.0001227721063377788,0.0015869663540488703,0.0013085946747566223
8.348396636901001e-05,-0.0004550376319461438,-0.0006878759668277213
3.080189868496686e-05,-0.0004622278536137977,-0.0008932697661898229
7.396238391159156e-05,8.679250665242191e-05,-0.0001055008513223026
5.074792102573443e-05,0.000339711742796957,0.0002074012378714057
2.7896821058356577e-05,0.00012053102295902284,-0.00015662698215021227
-2.3423544931187667e-05,0.00014429820676666573,-9.07381488025061e-06
7.84670851822602e-05,0.0003976170328491305,0.00022885272197879195
0.00010718762666419343,0.00022989397552459053,-2.4999629627569858e-05
4.6546748822381555e-05,-0.00014114761853135533,-0.0003361176110045823
3.35308557965233e-05,-1.6257199944315164e-05,-0.00012073848971553808
9.571324791665437e-05,-0.00024681823594797697,-0.0005522208159082924
3.415957742638825e-05,-0.0003701998614680564,-0.0005901403835378353
0.00011834780272309192,0.00044375322517089535,0.00019012041327409428
6.960137867546752e-05,0.0001535972260361626,6.40598034950878e-05
1.5130921041863301e-05,0.00033376643051772687,0.00024006470271006896
-0.00015660354363458953,-0.0008108303017699921,-0.0008914368120622647
8.921708800368086e-05,0.0004100823482020373,0.00018821382494213306
1.0659337037996952e-05,-0.00034172872338669,-0.0006106655398291005
-9.406199710357751e-05,-0.0005577780898661647,-0.0006956682032372931
-2.8462608359574996e-05,-0.00016619815420652854,-0.0003084873433162193
8.447292461183606e-05,0.0007284686886886362,0.0004769098629569985
2.9644106030180515e-05,0.0005200380438285995,0.00038605178880663134
0.0001083800307555152,0.00017514970003317567,-5.955098916152619e-05
-7.473510067053065e-05,-0.00019003236921905843,-0.0004893029145719322
5.6500211169166996e-05,-0.00026194414425500417,-0.0005518912424934787
6.274655316156823e-06,0.00037806423941551715,0.00019236878624346156
9.343943331454173e-05,0.00023854900590148325,-2.3952603876475264e-05
4.1590809285462497e-05,0.0002647639857264648,0.00010481045890339305
0.00016116195833846517,0.00043209973197165405,0.00019013695910611238
1.9787232062094806e-05,-0.00012744679448584004,-0.000320968695067442
0.0001575842890110886,0.00040712495108471145,0.0002392417157470506
7.374857568888041e-05,-0.0007531446932306095,-0.0010114060136036103
4.9506731506784586e-05,4.039439448165594e-05,-5.318121569272284e-05
-5.043268633953663e-06,-0.0008212170082484362,-0.0009193826735606392
-7.469407156392017e-05,-5.324148412922964e-05,-0.00021564075240519583
6.747588755340414e-07,0.0004070102359281819,0.00020265213005407734
8.098768118152105e-05,-0.00030367900659073843,-0.00040955271446270675
0.00013246252258209665,0.0002563375215587405,0.00010336410007852053
0.00013076520053483594,-0.0009207335360469336,-0.000952205389380895
0.0001321063620169616,0.0002818626577188178,5.268092491864595e-05
7.320628631061414e-05,0.000245511922200807,7.469977028836173e-05
-1.6612542646312402e-05,-0.0006064385811478635,-0.000708372935916835
3.207314327938745e-05,0.0001720815832474314,7.032970972098624e-05
4.5277787887402815e-05,0.0002518354257637856,0.00016225129442684757
5.1829411351281415e-05,-0.00022343805120879356,-0.0005581621567944085
4.830804972426927e-05,0.0003863849286468275,0.0001006517798908162
0.00013225827986731702,-0.0009341864632652849,-0.0009426142494426929
4.891716085078814e-05,0.00025704134486019244,7.699147816016402e-05
7.677252382256794e-05,-0.0005924256753478897,-0.0007965979487086079
-0.0002222996089360039,-0.0013983949903110188,-0.00133911769228101
2.5239082339132427e-05,-2.921011175801273e-05,-0.00044405906998624245
7.957548591526244e-05,7.763472554939969e-05,2.1884921629929487e-05
-4.5601433188192605e-05,-0.0002150001147913546,-0.00041035531892717666
8.185757217282575e-05,0.0001709091705940494,3.1821554908900696e-05
7.217125211827553e-05,0.00017112926858836401,3.22371447108133e-05
5.820902992363869e-05,2.2259068793326726e-05,-0.0001980597151620924
8.182438312372679e-05,-0.0004119592928237279,-0.0005778164418809919
0.00011369183117765964,0.00026520736565083334,0.0002305118400125912
-9.770884012756344e-06,-0.0010607411310209131,-0.0010906700206173747
6.0402771235586606e-05,-0.0004579614142309618,-0.0006946964260339854
0.0001190704568287636,-0.0003892452329270138,-0.0006972874376174801
7.611503636109602e-06,0.00030244742836716006,0.00022916262964786522
-2.9786515181680535e-06,-0.0003476780310730568,-0.0006640085549150564
9.459783468646093e-05,0.0002485385838779953,2.727571124984881e-05
0.00017254501585431796,9.537009985451241e-06,-0.00011109389634218408
0.00013564913222743443,0.00035346433570651,0.00012228351246219843
-3.252230376181542e-05,0.00027342755347463485,0.00019893828441156582
6.778985058381517e-05,0.0001968857457213201,-1.2816964522307286e-05
0.0002005100138624165,-0.00011085192425129111,-0.00027817472131150365
-1.1934119028622473e-05,-0.0005910534118093245,-0.000752082626750508
9.972478151218579e-05,0.0003999025007898802,0.0002548632836766741
-3.728775546458119e-05,-0.0006563175627747613,-0.0007766591851199029
-2.4968692474647633e-05,-0.00014958466863261978,-0.0003573703715767776
8.645894959484826e-05,-0.00018590010251288449,-0.00039307798061924084
9.38867792908816e-05,0.00043728757117076283,0.00023956395328629315
0.00012015110444333195,0.00012184677910967787,-8.507182746184493e-05
8.657261492821133e-05,0.00044803786505184925,0.00024328472602535095
6.0854891853131586e-05,0.00015232786142550564,1.9573937536734916e-05
-8.132793360956283e-05,-0.0006104589682703044,-0.0006936146423614016
5.345742077898441e-05,-0.0004949426134029008,-0.0005330686322916258
8.82368182052748e-06,-0.00047472930816983526,-0.000531039363686549
0.00015528281852979304,0.0004607091439073223,0.0002593384260145908
1.564912800002143e-05,-0.0003878487273954904,-0.0006357247624967211
9.439754393299589e-05,0.00033426660156183247,-4.0746457565048655e-05
-8.348001825829129e-06,-0.00047235941048951065,-0.0006825389340953522
8.585149625205817e-05,0.00045392470068680326,0.00016719945992826475
-2.421727041604157e-05,0.00027552402280616595,0.00018125655445045357
0.00011188261358395895,0.0009989945177577106,0.0007753474687981465
8.390964777680316e-05,9.435349431865647e-05,-7.125025110299885e-05
0.0001839685964813355,-9.331895767895318e-05,-0.00035014663812803307
-7.795063209868792e-06,0.00024023397596823571,-7.15035657852787e-05
4.1618164208655564e-05,0.00041943303330048724,0.00013922919171857005
0.00010252251698757446,0.0004171314601549437,0.00011575167727766858
3.3929166697548783e-05,-0.00013940730765769243,-0.00028723459058357893
0.00010196738296474318,-0.0004760347016129964,-0.0007355618635749796
1.9814511335160354e-05,-0.0003004098552556684,-0.0004678132016269497
8.592789835598616e-05,-0.0003465261560292397,-0.0003957275926866988
2.3033551430867e-05,-0.00034602064346305047,-0.0006199399917085435
6.29930591128006e-05,-0.0003658469039390722,-0.0005202800646318096
0.0001581790306303325,-0.00024543783840354173,-0.0006250789378594915
4.641756773283545e-05,-0.00024158496371236272,-0.0005806845715213691
0.00011994554368643046,0.0008415885815845762,0.0006515118766123993
-6.976370991250725e-05,-0.0006838835112493592,-0.0006738176223299809
0.00015893604845699792,0.0006697612122419952,0.0004303148396032448
0.00018924444802332832,-0.0004096263089038932,-0.0006270017048536127
8.180145738071845e-05,-0.00024370410289693215,-0.00047229393591681447
6.0169890555557276e-05,-0.00039112145059955726,-0.0005075138146525579
6.231586270712496e-05,0.00042243643817844133,0.00022052689414175393
9.929440793448051e-05,0.0005774373859833741,0.0003900325346246715
-3.5129905251872387e-06,-0.000503671355672727,-0.000692751857116032
-0.00011848845142859861,-0.0002891887057017493,-0.0004383752655737168
4.4875383004466406e-05,0.00032637484514760136,0.00011100811854846088
-4.763786081157746e-05,0.00011609772936419308,6.016412636251277e-06
9.394382527375072e-05,0.00019868397614625043,8.201164590018494e-05
9.677432930740162e-05,-0.00068311315987497,-0.0009683350598796994
-3.181513903750794e-05,-0.0006478381252698366,-0.0008618102036836528
4.7010136782975705e-05,0.0004736238495680517,0.0002876001220000671
6.504049623184897e-05,-6.765389441111856e-05,-0.0002519944481945847
7.062456849991376e-05,-0.0004502853695457031,-0.0005834785189259432
0.00020116119152009543,0.0013072765149010862,0.001018411663082771
3.290038319187839e-05,-0.0007719005501725824,-0.0008787277922301433
0.00021378305820924482,0.0007202637267632199,0.0003870237100492383
0.00014197988741221753,0.0002866791528094786,0.0001749688800747482
0.00015356892913337205,0.0005856139872875,0.000339882851670953
0.0001282079238361324,0.00037632748412679863,0.0001323316753456914
2.4659713477759535e-05,0.00043162314983505865,0.0002978369628219773
-7.95359011588584e-06,-0.0012568448780883562,-0.0011924122994847826
9.439202202793549e-05,-0.0004559294570559315,-0.0007140532413657322
8.30090776432307e-05,-0.000101795301382388,-0.00026242889736610204
8.743922946907902e-05,5.6462098081824606e-05,-0.00016767818533136317
-0.00020398056570965908,-0.0004913302109993229,-0.0005504323468653698
4.335915680142639e-05,0.00046356171914641085,0.00011070614212408742
-2.1079040412369407e-05,0.00022915237488464377,4.577617267657538e-05
9.752042805814628e-05,-0.0001768254948070738,-0.0005848554568004362
0.00012019201771776216,0.0003867448303173707,0.0001405786611396209
6.0995382847376625e-05,-0.0007063749282752749,-0.0008727769438167893
2.0015702998106075e-05,-0.0006621679848742613,-0.0006733992423194308
0.00017431884046083834,0.0009044595753522841,0.0006513279688438618
0.00014712429686999945,0.00041696835668413024,0.00020480465805070166
-2.874381326494022e-06,-0.00027210239022442214,-0.0004975957178935723
7.526679724173573e-05,-0.0006451164568232145,-0.0007539376242702324
9.552334313058915e-05,0.00023734313647100772,0.00011470895009551924
-1.0459220781260017e-05,-0.0001268547763451276,-0.00023932544774181327
9.284200629873111e-05,-0.000429074296044951,-0.0004996304886680171
8.733649156739446e-05,-0.0008217998033228777,-0.0009813426554268804
-5.423656232479631e-06,-0.0005187345815893335,-0.000607654513484427
8.181951018619515e-05,0.00018086362645171583,6.931980090899446e-05
-2.2030370598650567e-05,-8.624202954557103e-05,-0.0002700778404451435
0.00015162941914218517,0.0008480781158508639,0.000638011156863488
1.2497171948936818e-05,-0.0003800537249270996,-0.0006426169604782057
0.0001437811513882059,0.0009315919598689077,0.0007765876134040798
6.6885665729647604e-06,-0.0005749735037772668,-0.0006988304860120825
3.510030559670895e-06,-0.0008090122958390413,-0.0010494468700951508
0.0001481200150533614,-0.00048149417179845264,-0.0006284671393678862
-7.411980208339443e-05,-0.0002900054160762713,-0.00035416947618368346
3.887849474756399e-05,-0.00024533598374270314,-0.00043936913946009224
-4.3362968817304887e-05,-0.0002929456768479241,-0.0003488445145955914
0.0001338712636261155,0.00020263200892285996,7.002822959981701e-05
0.00010984160720402038,0.00033390768574577704,0.00010777872753657475
-6.911185963708325e-05,2.6521019630428765e-05,-9.76993900106208e-06
-6.465398185481148e-05,-0.0011476384658408623,-0.0012820170195704946
4.790434374194399e-05,0.0004632149079829591,0.0003916704138795024
-4.658556928613676e-05,9.347485754312189e-05,-7.419441683303661e-05
2.3433020754197952e-05,-1.363373825897561e-05,-4.0834057985847924e-05
-2.8901788555920173e-05,4.108508699960327e-05,-0.00014310547716388656
0.00013106953172466868,3.2833669170180275e-05,-0.00022663328108561603
-2.6724492664952586e-05,2.7465840486427738e-05,-8.351701931891773e-05
0.00010727012949533865,0.00045026255429421816,0.0003427985337257858
-6.360256981597664e-05,-0.0007980096709758946,-0.0009627807068308485
2.2093375356366777e-05,-0.0006700049035675532,-0.0008634430884675795
8.831073786168096e-05,0.00036716155163461046,0.00019800520432530707
1.639330109885325e-05,0.00032609623587339905,0.0001919835281014568
9.403394501254829e-05,0.0006461910924873669,0.00045344780040471283
1.677432384567719e-05,0.0005932902970345018,0.00041446963223985925
6.511335763888736e-05,5.562139005028385e-05,-0.00030217554470950446
0.00015942769977594085,-0.00022121312931748207,-0.00046591603841226255
5.995550823420433e-05,-8.491065298914295e-05,-0.00023631077118884425
-7.554776916544257e-06,0.00010935614841974206,6.848222248753797e-06
6.657905471322759e-05,6.230837949005186e-06,-0.00024083537421044899
2.6027579260901398e-05,-0.0008039856164214322,-0.0008098120744066024
-9.390701810904484e-05,-0.0002957928475376125,-0.0003538568333227547
0.00011575406557153765,0.00033359064265241597,0.00015479541054693984
-4.9381075770558414e-05,6.274272056063483e-05,-7.170317333593826e-05
7.862448647181223e-05,-0.0003101883071595247,-0.00033664052343371426
3.762802528864497e-05,-0.0005104092331628247,-0.0005829251928255046
7.519283909954214e-05,0.000373346936119917,0.0002946847036695441
-2.386612164151673e-06,-5.60136970624395e-05,-0.000326997018439896
-2.0742665112604992e-05,-0.00019834537036331236,-0.0002893696041577085
-2.8311364810309274e-05,0.00036734773880806195,0.00025101588836351827
8.92243832910575e-05,7.889761012010841e-05,-0.00013520203462560364
-4.532912402537695e-05,0.00014072327010732132,5.459329233359423e-05
5.752409759290297e-05,0.0003152425873115375,0.00022752040165474477
1.9619659433485888e-05,-0.00043255245469702634,-0.0005484384766141432
7.600628867504282e-05,0.0002720721175902405,8.64373289335401e-05
-3.30335384798004e-05,0.00017998104879193036,-3.6316264430843456e-05
-0.00014811186407848588,-0.0007816626192095255,-0.0009257320119209336
0.0001073786763955093,-1.9559698258122865e-06,-0.00014337814199887435
1.4595239004263326e-05,6.612270187785971e-05,-6.82269874061469e-05
2.71523496813555e-05,0.00010500088918245442,-0.00011028094391906748
4.84788039265919e-05,-0.00048382863799653717,-0.0006179442267953794
0.00011020118607845254,0.000831636983247211,0.0005096816866212872
-2.9721364524142962e-05,-0.00033231955274714046,-0.0004587242688844792
-3.4181642105961436e-05,9.977626319950276e-05,-4.499119329467321e-05
0.00013083502002954464,-0.0002574227043299544,-0.0006639020852163437
-0.00014838699253315766,-0.0004735462638392556,-0.0004852513871264893
4.888636795633461e-07,-0.0007511013510288414,-0.0009366106767135522
3.284572291710518e-05,-0.0009187140801405012,-0.0010995625400430807
3.8470854494306234e-05,-1.848811146595695e-05,-0.00024344436681507885
-1.259980672767638e-06,-0.0010566700574389262,-0.0011530136599045442
2.999335627718242e-05,-0.00026801971251481005,-0.0005123589032095239
5.149114027687219e-05,9.215223458682469e-05,-5.0819279785971886e-05
9.708440597181952e-05,0.000448720527422167,0.0003467704393896107
1.8163774246734456e-05,-2.5452433931208782e-05,-0.0002632637490057101
2.5060803199582508e-05,0.0003825890242614456,0.00013109941612938076
0.00010724802320626325,-0.0005056839005743656,-0.0007734919282562796
4.119191302319877e-05,8.201596463046605e-05,-8.718773931865057e-05
0.0001319166940573806,-1.59061955428368e-05,-0.0002654772636036483
9.142006756663e-05,-2.019546023437438e-06,-5.697531159682231e-05
9.389469234935216e-05,8.024728506600054e-05,-5.164281051455798e-05
7.987668080437494e-05,0.0007654663980433546,0.00043572273522053966
-6.483308204705037e-05,-0.0005420048701080612,-0.0006718772422019505
4.121836104211348e-05,-0.00022502383938640376,-0.00041766365324165866
9.049753323416904e-05,-0.00020049915974214034,-0.00032589191637175764
-4.980749766042846e-05,-0.0004638614672460028,-0.00048251787016223417
5.863063002467127e-05,-2.704745427310569e-05,-0.0001731480268847255
7.189362893795113e-05,-0.0005126061384758616,-0.0005896858839102414
5.624817419056572e-05,0.00032849858082507834,0.00015865575964769144
-7.590584383130393e-05,-0.000624997776636539,-0.0006896811125978393
-8.169886439495275e-06,-1.7451718949342286e-05,-0.00015188473521006768
2.5779816578538116e-05,-8.682783839653606e-05,-0.0002944619698602072
0.00015385371262655007,-0.00019226715945980515,-0.0003463648124408747
-4.512502826535623e-05,-0.0003794023927586091,-0.0004719019440321654
0.00012203281032747274,-0.0006549577366144419,-0.0008629375931872999
-9.525525046356469e-05,-0.0001431891386937281,-0.0002774303905570375
2.8139773059894117e-05,0.00030035813606420567,0.00011855071164047065
9.169994116399718e-05,9.981517358877154e-05,-0.00013613252614790632
4.8684242552579e-05,6.55951278662335e-05,-4.4935304099542195e-05
0.0001363605036707901,0.000636821632777404,0.00036142785676861433
9.183240522390564e-05,-0.0003737485223844155,-0.0005104812269345219
0.000160690320955,0.0007116804889659694,0.0004643024785944046
7.287851051984525e-05,-0.0005838034622369958,-0.0007124616570105032
-9.168095022620267e-05,-0.000722673028990845,-0.0007005976936668316
-2.9051040902396206e-05,-0.000258830082259842,-0.0005556711556911
5.946767310142242e-05,-0.0001519496924655826,-0.00026061963790974214
9.516896511288798e-05,0.0003345074438782505,3.564474700138825e-05
-2.6447199631064012e-05,-0.0005689821658246457,-0.0007672778403639899
8.487949024959005e-05,0.0007460183175768083,0.000539476920992984
0.0002131565596218786,0.0005869939024793938,0.00032187575915914397
7.341404190484118e-05,0.00026072747357172517,0.00011446849550694929
0.00012685376240156678,0.00033094189249929264,8.20786898122282e-05
8.936217507983696e-05,0.00021593249017742627,7.724520450689128e-05
2.8160201865730296e-06,0.00013409448886314047,-3.228571212598807e-05
7.4516324272489505e-06,0.0003629596806549593,0.00020115917728983994
4.920855134779448e-05,-0.0006879683632386047,-0.0009291823544177122
0.00014394058343601796,-0.00010453804005888947,-0.0004158747781439466
6.544773637711385e-06,-0.0007821996377952742,-0.0008406003970199574
-7.128294756412654e-06,6.868077864413818e-05,-0.00027634386719749325
5.9134484996241945e-05,-0.00019561836462419566,-0.00037977112740738927
9.457942992478871e-05,0.0003971683702852028,0.00013762575082663635
0.00014524094749899093,0.001007678317791175,0.0005944124085401237
0.00016177977487665584,-0.0006952369504935429,-0.0008355116407051785
9.209546483780496e-06,-0.00020194622084235194,-0.0003541500446635332
2.4872236136633903e-05,-0.0002171345426326648,-0.0003775835793051984
7.843339794042772e-05,-0.00010504476746669213,-0.00024504653496455037
-0.00010616345591538603,-0.0013280649426984474,-0.0013459393021438152
-2.872771065796681e-05,-0.0003421124487375688,-0.0005257288080985068
9.946697997084659e-05,-1.1434812477148656e-05,-0.0003306280624770803
7.270386861879692e-06,9.538104217335774e-05,-0.00010412560573441675
6.003493705760248e-05,8.609824603444174e-05,-1.6414320863603315e-05
3.806890610386939e-05,0.00028126136359413135,0.00011436257842519404
1.572593068547258e-05,-0.0004458131911489842,-0.0005738716969852259
-4.518215824495692e-05,0.00019703399457682297,0.00015390979874154627
1.721057509469453e-05,-0.000637142092339434,-0.000854258170396947
3.490853584078636e-05,4.634457016090093e-05,-0.00013151895461611
4.9205289592222544e-05,4.975897263521779e-05,-2.5220224996458726e-05
5.312157830360007e-06,0.0006907761701224433,0.0004253227979344075
0.00011225285377787912,0.0002984641596209273,8.81270612693292e-05
8.455449719988194e-05,0.0005236403491814291,0.0003366420731885948
-7.637497268526278e-05,-0.00031659595028167965,-0.0005325126046401847
-1.2487366441075337e-05,-0.0005911629460638978,-0.0007084639599098673
-5.3984904374194324e-05,-0.00012836759782032653,-0.00026904968543053616
6.83359586353665e-05,-0.00013268553351597842,-0.00037379754912464965
0.00011069732119102532,-2.739748011548873e-05,-7.666286061280784e-05
2.0610169302600565e-05,-0.00020555860053567547,-0.000431188919377146
-9.715920251894119e-05,-0.00046593252838501604,-0.0005258581881190162
0.00014647258043180066,-0.00034380906081536906,-0.00044217387682628613
1.1981409656799822e-05,0.00042687679175458596,0.0001694722114937987
0.0001479217902191416,-0.0003501850962875455,-0.000565876762626323
1.8180525486212993e-06,-0.0007230839133989869,-0.0008948325660446647
3.820298404151121e-05,-0.00011007787893913012,-0.0003294674839908417
7.782801849164532e-05,0.00041616205337142125,0.00031448135783470645
4.341188097706873e-05,3.505426550328133e-05,-0.00015185052123480196
8.633370554841909e-05,0.00014458093821839376,-1.7678778739934166e-05
-2.8799621651930297e-05,-2.2066069563517546e-06,-0.00019906463075401216
-1.0392759500680953e-05,-0.00042666275196965973,-0.0005446778674145802
-0.00010474161045525502,-0.0004016075738270814,-0.0004831942509757713
9.593895126504489e-06,0.0002818568625450435,0.00016885630660694185
7.037267037248536e-06,-0.0007642167910305183,-0.000962172779245703
7.752207437115258e-06,-0.00015090399351113832,-0.00024489116840444285
5.940899490105103e-05,-8.065649865317482e-05,-0.00024752565805228894
-5.666828480815412e-05,-0.0005871823091088851,-0.0007262117297723446
0.00010574845656097096,-0.00029016323386784785,-0.00042560994900680345
0.00010798206845143607,-0.0003120605656145825,-0.0006011909112948002
0.00011823027091491012,0.0004765067511170446,0.0003183235175556974
4.885456708528631e-05,8.965232659446432e-05,-7.82404020061095e-05
4.519643556776543e-05,0.00020969247349923652,6.82916102168123e-06
3.510246945646e-05,-0.0005079074394396725,-0.0006636217946769235
1.6803312022570753e-05,-0.0002212891247283223,-0.0002680324333306517
-0.00010503422577546711,-5.800214457592944e-05,-0.0001769476589229386
6.059701440535732e-05,0.00020253597833460213,8.171767035616682e-05
1.9696857498260436e-05,7.028925099912423e-05,1.2352547033241506e-05
2.682377390306824e-05,0.00032975606084422674,8.394277761551491e-05
0.00014591510452752012,0.0005345559972620899,0.0001815757703430856
-3.1547052192222564e-05,-0.00041039332411778675,-0.0004994489197817643
0.0001292514993526263,4.521754802304579e-05,-0.00018568362725461743
7.980306808458053e-05,0.00024645245635862545,0.00017567456038107627
8.657206222117104e-05,-0.0006565651818738986,-0.0008970317968785868
-4.781594208483006e-05,-0.0003117656082674645,-0.0005547352669708029
1.73340801816396e-05,0.00021968487713345587,3.170257579550054e-05
-1.7182154170101028e-07,-0.0001456414874430248,-0.00016329377409939744
0.000123645709756052,0.00024790213613902446,9.656281446206923e-05
5.8897894910052694e-05,-5.268685448060555e-05,-9.726661179689398e-05
5.6761298825919177e-05,-0.0006255181530181149,-0.0007568701374636306
5.9007741363824794e-05,-0.0002408554449332632,-0.00031235288894237046
5.4235051137406726e-05,5.4935179461873735e-05,-0.00011660835083385069
-7.076348629488373e-05,-0.0009210187870147987,-0.001024424286456712
-5.011880069197012e-05,-0.0010642145118263666,-0.0012303020229213377
0.0001708797356695172,0.0005070018963962485,0.00024874713711704104
0.00012715909896196537,-0.0001256422774978359,-0.0003626538874818124
2.814676807914545e-05,-0.0008422816047891731,-0.0008565998155672604
3.381088179116399e-05,-0.0001931987121115363,-0.00030844797528022214
0.00011315473319837728,0.000676386837983232,0.0004188307503215714
0.00010630174090073879,-0.00036031663741187877,-0.0006166746601414803
-3.054796412831606e-05,-0.00027472207016797866,-0.0005129385537014231
9.556247198070451e-05,0.0003444052096226087,0.00018090875281211695
-9.111400500563986e-05,-0.0012698477515776085,-0.001303075902619335
-7.951910352518377e-06,-0.00041577083640076536,-0.0005623755309472686
6.604069143458104e-05,-0.000878732831474473,-0.0010861021402849946
2.8791747565482122e-05,-0.000367656147544389,-0.0005118532076423279
-2.234932314665658e-05,-0.0005324452134369443,-0.0006798427424181203
7.259417812802588e-05,9.041620915364461e-05,-9.818963935440106e-05
0.0001061749605589688,-1.7432030593869972e-05,-0.00019900802993166647
6.494656437946555e-05,-1.2225315564540413e-06,-0.0002256632040851289
7.761813650785287e-05,0.0003663717947560937,0.00015291114235562182
-4.1541459938057584e-05,-0.0005628527560288079,-0.0007304018121130101
-3.5835158392483115e-05,-0.0005363580979575156,-0.0006265085797950585
5.044553465870694e-05,-0.0006015293252544481,-0.0007043286490953126
5.869852077642079e-05,-0.00015115077869750292,-0.0002303337237382804
1.070212207857939e-05,-0.0004526349767344559,-0.00041594637500718475
4.96203311003749e-05,-0.0001265797240733031,-0.0002448638208857889
5.8145383582216886e-05,-0.0004823316547798502,-0.0007073653879683155
5.3932360142517965e-05,-0.0005340292684270615,-0.0005593515565014685
6.0623949800751536e-05,-5.111746045451362e-05,-0.0002262617332963805
0.0001501967762491257,0.0005233040475471469,0.0002535495575464983
3.888053657939224e-05,9.410361412575871e-05,-4.6937485995334364e-05
0.00023080481796212624,0.0005149671989051225,0.0001301035344007693
4.2748042269614056e-05,0.0004714068619784134,0.00029966530901739117
0.00012369785762050416,1.0215201611934988e-05,-0.0001560008551405002
-5.982036733675664e-05,-7.480391719492244e-05,-0.00016353270218226723
0.00010933955647114479,0.00032264832912098603,0.0001466657842863663
-0.0001508231041315083,-0.0009865146519562498,-0.0011208730348599197
2.601873965089429e-05,-0.0003586286098732866,-0.0005178686599821554
7.27088442663441e-05,0.00018538758662342786,-7.909104289139972e-05
2.50976126261101e-05,0.0003525774278319249,0.0002308204417719239
-4.14324986898762e-06,0.0004913289660786625,0.00023362375069279565
7.269530026998179e-05,-0.00035802646537274403,-0.0007628191401291397
4.043540189318612e-06,0.0001874052810661605,-0.00010937474251450157
4.255960791313565e-05,0.00022124453040361632,6.913963461831545e-05
4.590750086345296e-05,0.0006553807858588233,0.00048341744029690797
8.481711248106683e-05,7.118232793710069e-05,-0.0001307255946482941
0.00010507464870791985,-0.00046099175797679743,-0.0005173137561649627
8.902946038269947e-05,-5.224715697441161e-05,-0.0001655956775572002
0.00011723020340785332,0.00018493221316658333,0.0001252042180118024
2.929579036138323e-05,0.0005249945363020902,0.0003172824295436063
-3.617011953423833e-05,-0.0007000379243779038,-0.0008178557774390471
3.2362839868075856e-05,0.0003776892198726245,0.00015576415081943354
0.0001398272199995931,0.00036276927603965336,0.0001686072370083045
-7.971374231292866e-05,-0.000623504614210584,-0.0006554496665959312
3.880012508830481e-05,-0.00024376637952677494,-0.00038932829923042205
0.0001406072482439494,0.0006210331015687492,0.00041470885096757414
1.798100468844774e-05,-0.0004804489170114817,-0.0005201318060866669
1.5009624753322174e-07,-0.0004404950666776337,-0.0005275347948257118
3.292579843460028e-05,-0.0001993920950582294,-0.00041704073791559563
5.4191726514489665e-05,-0.0003947480477392985,-0.0004974719385476137
0.0001614203608951017,0.00027303256187377395,-7.174565389533787e-05
2.337534130624058e-05,-0.0003288956149629046,-0.0006149358906269632
-1.663057273609345e-05,-0.0005017392962038781,-0.0006010537533642121
-2.5120047029536627e-06,-8.678378803421451e-05,-0.00029366458004415606
2.0178445499511883e-05,0.00027890202506910145,6.456600954806677e-05
8.790104000414069e-05,-0.0002703130525763812,-0.000507783904813789
2.781785359056742e-05,0.0004635911302808335,0.00031944266485597124
3.415132323163562e-05,0.0005206475137551241,0.0002728230760779681
4.5188856633509124e-05,-0.0006286205026578771,-0.0008302710561105646
0.00013498841009728288,0.0005695721951916334,0.00035720990832211933
3.2850836000352995e-05,0.0003294162153782593,0.00020580039310372848
1.6309971065492363e-05,-1.7205163723581603e-05,-0.00026931577422867266
0.00013526013730258353,0.00019842874358235168,3.920974475824525e-05
6.655633395161097e-05,0.00010811555309669917,-0.00011473536847517891
0.00012017433667635518,0.0006429995992533334,0.0005011365175866551
0.00010844105866504334,0.0003269519197726361,0.00010811772682947388
0.0001608041155322681,-0.00021083935646935622,-0.0003250983651612077
5.9688722861798985e-05,0.0013015174106992455,0.0010846121444390738
-2.5644200155300903e-05,-3.4109281604258814e-05,-0.0003322234449410956
8.172509201891334e-05,1.0390525769369462e-05,-0.0003080964028933546
0.00012475934523235432,0.00031014543778833115,0.000213929035349324
3.176172302357997e-05,7.757265529014659e-05,-1.158674145995865e-05
-1.033782255479448e-05,4.44643653382346e-05,-0.00024242761517505776
6.531860298890477e-05,8.078028556862842e-05,-9.781585853085096e-05
6.051606694673635e-05,0.00018081223160081104,-6.950665692398496e-06
7.42200335883804e-05,-0.00033098147780793275,-0.0005137795030963289
7.520249122880534e-05,-0.00024952889747077104,-0.0005504503765057227
-3.07576176613885e-05,-0.0005530454911020007,-0.0007268057299817121
5.147735265131189e-05,0.0004443809658979783,0.00031075585339554446
4.474378547474051e-05,8.733265798583899e-05,-4.431229626000838e-05
-3.25651438715773e-05,0.00022887902480443214,3.856398660196731e-06
0.00011472338739850285,-0.0005145413787312958,-0.0008150806545645245
7.144934800010368e-05,2.0685596934500957e-07,-0.00021270665129243598
-5.373526033080058e-05,-0.0006130698969214704,-0.0007289013729166366
3.9776719021279494e-05,-0.00014123450205953396,-0.00023326579275212986
0.00020119071474949008,0.00028518087261098136,-5.605054677166005e-06
1.9640579145209784e-05,-0.0005211654466861163,-0.0006276368404823413
-1.387899169664271e-05,-0.0004945104810039397,-0.0006871024791628006
4.969577053465761e-06,-0.0004380668467903811,-0.0005452342879111168
-9.588367359631894e-05,-0.00020494520585545638,-0.00034066002058503336
8.291011004657014e-05,0.0002634286558097882,0.000152925392545662
8.086606389161942e-05,0.00011135452511060878,-8.805357649075405e-05
3.600288365452576e-05,0.0003127198201839778,7.32900035810741e-05
0.00019318624588962924,-0.0002218508391621736,-0.000464332171940206
-1.9101199146454988e-05,0.00023890684426507194,-7.120539200226086e-05
7.778240550972243e-05,-2.771831372129743e-05,-0.0002696243673488769
0.00012095752601895587,0.0007731759752671097,0.00048107315585518433
-9.73210793864959e-06,-1.4369900911528238e-05,-0.000180982165072096
0.00012315193390631022,0.000668590333596881,0.0004502584029988894
4.1465145776349376e-05,0.0005902154758535603,0.00044529912572641194
2.7323518161095922e-05,-0.0014872246843656975,-0.0014691258668042256
6.167268869816588e-05,0.0005124650295319263,0.0003288280796603421
4.9018633336904226e-05,0.0005410812010013484,0.0004013220500879978
0.00014826768103037513,0.00021127337211618337,2.8898593310461816e-05
-2.257511548505814e-06,1.53586745632243e-05,-0.0002096480282643649
8.268198889363406e-05,-0.0006373545161517923,-0.0007783201109190971
7.872682282628297e-05,9.4656431727103e-06,-7.867639324635048e-05
6.362917071975566e-05,-2.7899983773344185e-05,-0.0003832485814744393
5.8396130160094143e-05,0.000104920339242112,-0.0001118885790304362
0.00014812957457981894,0.00046992665520973923,0.00025093954462748893
-4.3496933593382606e-05,-0.0008130633276566884,-0.000875752004150011
9.93772996209238e-05,0.00031140778362663644,0.00010110256879309358
7.221051744519462e-05,8.20878741032856e-05,-0.0002674019994168877
0.0001753220344551829,0.00041335484942940957,0.0001947582821670237
3.316289345693297e-05,0.0004463866211000037,0.00031911774833526084
0.00012539852763911765,0.00043293890303519833,0.00016388738971070306
8.584623803594454e-05,-0.00018658323977895652,-0.0003160452694155548
-3.7376634912209304e-05,-9.686645517542153e-05,-0.0003711847924949077
6.916840411266148e-05,0.00019293635816353184,5.0492062135898766e-05
6.924060005380312e-05,0.00043410631868537276,0.00030515533099515624
0.00014775981444787418,0.00011833973897920458,-9.619009439379131e-05
-1.9239027504273134e-05,0.0002021044096886057,7.814704721121807e-05
0.00013522080939264034,0.0006320168909804617,0.00039602117914274305
-5.917192832790593e-06,0.0001840083439439712,9.533462911468489e-05
-2.2859687640709584e-05,-6.551882627548616e-05,-0.00023534324280242226
5.577715857855447e-05,-0.00042829469216582467,-0.0006507327075126281
4.638480843086402e-05,0.0006096278013180012,0.0004998933949742585
5.847356236205709e-05,-0.0006703693272134458,-0.000810052123830006
2.191716299065682e-06,-0.0004351927992218454,-0.0006682622644360616
-8.705363374274098e-05,-0.0005287397336650327,-0.0006798117738780684
9.46832219532301e-05,0.0003860440575533036,-5.974076992095161e-06
1.5606392195329015e-05,-0.00033917195641199483,-0.0004868449385516477
-4.68991100320577e-05,-0.00076717762078129,-0.0009663743408994641
0.00014893733385343356,0.00016503565834590544,-8.418753112818657e-05
8.271066982911367e-06,-7.244180359841209e-05,-0.00022086094602954016
0.00013675628518363157,0.0005598212857011598,0.000370904972109661
-5.1413303913851595e-06,-0.0008026028610667517,-0.0007771646403237306
0.00010370005847856207,0.0001860206782923428,-2.4394844333095123e-05
7.075702214950668e-05,0.000361330563119254,0.000230980187720329
8.689157605622978e-05,5.8167980279477547e-05,-0.00011195424513256959
8.774258020565948e-05,0.0002904876033714545,0.0001246549061679798
-2.907549144482677e-05,0.0001413007167429282,-8.129287344088343e-05
-9.435845748401075e-07,-0.0006072677501317236,-0.0006606360973633261
5.808952240818376e-05,6.595139554699522e-05,-0.00013819020642425107
0.00020386366582867457,0.0005118926862466212,0.0001607383399919634
-2.5812658189874188e-05,-0.0006074093925215738,-0.000633133891299445
2.6312701546557868e-05,-0.00048071854128163517,-0.0006667568484157242
1.4710079583855592e-05,-0.0002362331593779014,-0.0003705802604147331
-9.10768790912212e-05,-0.0002343541843089764,-0.0005590326826205667
-3.923234583647013e-05,-0.001121036118048387,-0.0011681401838415791
2.2424162152452206e-05,0.0002751369879357052,0.00010572866731061916
0.00015338957756261506,0.0004215343608827372,0.00013435401599195396
-5.348764161861304e-05,-0.0004594071442506157,-0.0006578816298513383
0.00010076703465391749,0.00013090806371123299,-0.00016287135445183462
4.127999422612181e-05,-0.0004129520477620607,-0.0006527805130070765
0.0001594926467058543,-0.00046428171918998424,-0.000817269367385646
3.873708028643969e-05,0.0003844681732173013,0.00012527102413519445
2.5361868994876007e-05,0.00040904460788032367,0.00023854884286630366
0.00011898497961422889,-0.00013646224237198583,-0.0004133736988878844
5.918649095234551e-05,0.0003968107330281396,0.00024748249807497654
5.336389192114351e-05,-0.0003796628133858564,-0.0005265541178022462
6.523630247112384e-06,-2.102282363414529e-05,-0.00011371817913325465
4.4102044159437885e-05,-2.380917427054628e-06,-0.00011595064370354499
-8.147946764620819e-06,0.0003872989924829608,0.00022431971142776138
7.677160052464813e-07,-0.0004829808767120191,-0.0006124740739797201
1.9985638952008605e-05,-0.00041759551121044235,-0.0005493421835241656
8.431962913500314e-05,-0.00016358939776953246,-0.0005001866435514326
4.675239926402583e-05,-9.201277793116819e-05,-0.00026645344662218893
-5.340052123148156e-05,-0.00039781495099082127,-0.0003952645558054603
-4.4667110235163524e-05,-9.263964799221763e-05,-0.000189792691257307
-2.274191232316491e-05,0.0003730384129857374,0.00022547256406929404
-5.168563008165061e-05,-0.00018169802962676544,-0.00034684209785960826
7.237988762405183e-05,0.00020686751229910896,-8.397584145797645e-06
0.0001216248570786768,0.00017517681989728668,-8.026006531646271e-06
3.990699993841032e-05,-0.00019875008152704036,-0.0005943976668315075
4.375186320875352e-06,0.00012464025991019411,-1.6963629769673334e-05
9.378068254494511e-05,-0.0003422568209619195,-0.0006874268796512271
-2.883642393893259e-05,-0.0001711697113736201,-0.0003139223472004559
1.577674441216988e-05,-0.00013594262513556512,-0.0003470871145232825
-1.2173754904627152e-05,0.0003156103315157593,0.00023072730492601788
-4.7113639939349715e-06,0.00013706580814588557,-8.656592357632347e-05
-9.636260309001799e-06,-0.0006509350596797378,-0.0008592808373710909
8.359938942362216e-05,0.00013179309504941588,-0.00012636640314437575
2.1478192721949903e-05,2.540305441296807e-05,-0.00013735828868145244
1.500937555249911e-05,-0.0006002635387370972,-0.0008192800800029352
7.791311696791066e-05,0.00023847069326214069,0.00013144567151401554
0.00011974982416150126,0.0005353440840848903,0.0002927253061252335
5.302134600832146e-05,-0.0003718827642590469,-0.0005875220488834052
4.829794051406034e-05,0.0002950333661832584,0.00020828822939147892
3.766812030829679e-05,0.00022726984163344495,0.00011096134240869756
-2.329853249237744e-05,-0.00038427931438145144,-0.0005423765661719363
-7.386131289622726e-05,-0.0006399848992343582,-0.0007407329147181407
0.00012181699011646138,0.00022176456442834976,-0.00012665235926973337
9.861672460181664e-05,0.0003088712969966412,0.00021954881798318893
5.0315811130398954e-05,-0.0006590023032893774,-0.0008316212286301854
0.0001278242301378736,0.0004702351572938572,9.865500040217421e-05
0.00012311606390492553,-0.00015296737369561582,-0.0003058091259787872
1.4422835851286573e-05,-0.00031649514766026745,-0.00041798507759083285
9.786680695091275e-05,0.0001070516685830249,-0.00016680937136357487
6.902558107213465e-05,-0.0002562791096848956,-0.00043316809171961557
-6.4140481425940745e-06,1.174184628711006e-05,-0.00013743042515142707
0.00017632923504908862,0.00033457821503868497,0.00010027497823078389
7.733224765236328e-05,0.00035448166942512565,0.00020448134610211527
5.991778215102991e-05,-4.0300021759671434e-05,-0.0003934816747999095
3.411379725940501e-05,0.0002086415033399848,0.00010051432973527078
1.0242615647269995e-06,-0.00016815251572330824,-0.00024126765197722203
1.608931731760874e-05,-0.000933455436190371,-0.0010279198927704773
4.839909409153816e-05,-5.215126282036352e-06,-0.00017798736663054242
8.786530563677832e-05,0.00013170719330998204,-3.490087101939574e-05
0.000151318398061076,-0.0001968272833817994,-0.00033866318667460764
2.0598190058977747e-05,0.00013885524670273762,-4.25283430286412e-05
-2.9053318211212827e-05,-0.0002830961882440005,-0.00039786334774585277
0.00010038226271986213,2.4431428217413172e-05,-0.00013506936045467493
1.3457468356869594e-05,-8.633468374660158e-05,-0.00014212771395939706
8.876616072647515e-05,1.2980565454430107e-05,-0.0001811160402884303
-5.4563952704002425e-05,-0.00020488794444598735,-0.00026786832385186963
-9.648367722017221e-05,0.00014667727549092123,-6.195651695352805e-05
5.0321310631943665e-05,0.00017572701164362864,8.563406810419393e-05
4.666379964804885e-05,-0.0005518345974265366,-0.0006606118787157683
-4.1938373292407636e-05,0.00040696097832528834,0.00023913560748473485
-4.8109915233984204e-05,-0.00036337779053971037,-0.0005149603083893096
-3.611419432306121e-05,9.855933734448326e-05,-3.764076106787807e-05
0.00016520024359911994,0.00013818130315923336,-0.00013207028714579
3.312026897162932e-05,-0.0003773644633436327,-0.0006060923712096915
7.533539449926114e-05,-0.0006277856956569156,-0.0007781629361776332
0.00011299841730479733,0.00034319605295692036,0.00013767584226572014
0.00010522295947735665,0.000413227473118493,4.2810841542163786e-05
-0.00012008007614061058,-0.00026843984966789993,-0.00037470450967248554
-2.1551577495252435e-05,-0.0002725099031664532,-0.0003027476761722698
2.905310278748002e-05,-1.805496981578085e-05,-0.00020539254402634073
1.5207259792921596e-05,-0.00046701403160314867,-0.000502934861496008
0.00011740684642953656,-0.0005818170391964152,-0.0008785900788010541
4.207828247511342e-06,-0.0005588360002354519,-0.0006844078021916289
7.507279077493889e-05,-0.000646143660940404,-0.000776729630611726
4.1222764016622394e-05,-8.262944714027554e-05,-0.00027582580174452016
-7.816286911862877e-05,-0.0007113123429846618,-0.0007875826375694196
8.241181391764786e-06,0.0002461766066002511,0.00017562348674676022
4.516607311760368e-05,-0.00025707464251716484,-0.00044968367359596057
-4.0518962100863625e-05,-0.000828494856489275,-0.0009804601391997366
-4.3513106132024625e-05,-0.0004008810296833441,-0.00041352826973307054
-0.00012500955005382463,-0.0005881737329960227,-0.0007515463500119208
2.627194721995863e-05,-0.0007288789051366571,-0.0008097658014135265
1.7103920054823156e-05,-0.00020007524615855673,-0.00035733989835493203
0.00015373952535374904,0.00020417079644143246,-7.995905382047572e-05
6.740546918060722e-05,1.8223333986876964e-05,-0.00010580132045875267
7.753381306624057e-05,0.00028732726925597167,0.00010910196682490972
0.0001229563679383221,-0.00038619609861292165,-0.0006588871167847716
-2.989551716681382e-05,-0.0001605861177412442,-0.000320873387831251
4.983145914709646e-05,0.00047001947197228847,0.00021673241474067689
5.085731468987506e-05,0.000309967339752606,5.7086756669633555e-05
8.713625708516636e-05,-0.0004048370203409095,-0.0006927239393163094
0.00019600525165803555,0.0007599906497828181,0.00042633116900360853
8.85740017843616e-05,-0.0005680820110455816,-0.0009512322178469557
-5.944745920171088e-05,-0.000572640424662728,-0.0006540166256298829
1.1473551556306802e-05,0.00025191819156528274,0.00014562681355291556
5.670298440942141e-05,-0.00011238496892228758,-0.0002889149854751103
9.660635517538357e-05,0.000392669041942895,0.00021523945687941537
6.844470226967065e-05,-8.372572895385095e-05,-0.00012015882399816374
6.660996070647829e-05,-0.00031817635288292805,-0.0006145384413427719
5.326833937707254e-05,-0.00012395587980497334,-0.0002020866432673543
-4.792407123171879e-05,-0.00032252220787388596,-0.0004387048424912759
-4.643163222565973e-06,-0.0009092640886454174,-0.0009499236569287131
8.761440684128694e-05,0.00017288034539564068,5.828621729587788e-05
-6.265975364162113e-06,-7.984441035363608e-05,-0.0002647944503852136
1.6989394602322548e-05,-0.00022970548935217716,-0.0005094669513704927
8.690644998737634e-06,-0.0006001278987570308,-0.0007656739306443837
-4.9465002838892155e-06,-0.0002803968877319441,-0.0007080225029206975
8.667912214093911e-05,0.00016279604128744307,-7.895790844794631e-06
1.217936708971978e-05,-0.00023263580625484964,-0.0004272275799083527
8.684560082022543e-05,0.0005178516908974788,0.00040072882123625233
7.103079339905246e-05,-0.0002360444763093041,-0.00029019652717057
3.7086881951328704e-05,1.4018955416842158e-05,-8.613495374963734e-05
0.00010138244614581591,-0.00017884193728656388,-0.00033507660801349205
-0.00021298191112098072,-0.0009994550218218213,-0.0010185296868059778
8.055056426644949e-05,-0.00038191765086863087,-0.0006468650946627872
8.574476136677465e-06,-0.0002028618554656494,-0.00034362725731706484
0.00017164020294568186,-0.00017976769576434287,-0.0003605044296986249
-8.66682677497288e-06,-0.00016401281337212126,-0.00021194939129042607
-2.8456541228535242e-05,-0.00032934466326549284,-0.0004889746541395338
-8.148463023636129e-05,-0.00014748385070800568,-0.0002737176444541815
9.879414279379673e-06,-0.0002668744455112987,-0.00039551531452095186
1.5955633426226895e-05,-0.00042224377376937284,-0.0006514157699496827
-3.0695258955942074e-05,-0.0006612372155331294,-0.0007814905024417849
5.868899003373391e-06,-0.0001815430876095212,-0.00033688609357856644
0.00011100222920647682,-0.0009524459375094892,-0.0009729444350717151
3.991406269772326e-05,-0.0005099555657562224,-0.0007211744007628438
8.81525473879789e-05,8.291821507449276e-05,-8.415708417885898e-05
-1.18122923852744e-05,0.0001439681178379876,2.1118794416279948e-05
6.53934182568474e-05,0.0003604429503133795,0.0002999349070127026
-1.6337026646307885e-05,-0.00037791616005591183,-0.0005221395919283106
0.00018152363794899891,0.00025409079271463493,4.125310080224919e-05
0.00010873099433941988,0.0002482430616962302,0.0001412861358855893
0.00016619132710881459,-0.0002917473934401374,-0.0004033049330323563
-3.855678004637736e-05,-0.00010132640778085887,-0.0003669189764939354
1.1675888972740336e-05,-0.00031165093235995266,-0.0004283511112252885
3.523647509029508e-05,1.9489078085369065e-05,-0.0003289423602908058
9.880365238897079e-05,0.0002850371174254303,-4.547094639191187e-05
-1.0985983235850056e-05,-0.00010241359783027122,-0.0001588617151125909
-2.2269249550620687e-05,-0.0004055648325071373,-0.000572690806164564
1.2657845166997732e-05,-7.774836233519501e-05,-0.0002373897655220819
5.608653806119565e-05,0.0005425557981633638,0.00041781645545973877
1.0955619083045888e-05,0.00029254893481744384,7.150444756583767e-05
5.347498001376911e-05,-0.0005713653231229699,-0.0007477852235400869
0.0002232410176055031,0.0008473952652539051,0.0006007697971347377
6.333892084661372e-06,-0.00010588386628943225,-0.00033253816131121174
2.7360356099557538e-05,-0.0003974240226505181,-0.0006571239112876155
-6.339498148512303e-06,-0.0003660538875478892,-0.0005040168820225277
-7.115946738187233e-05,-0.00025522770716436685,-0.0003477364994450197
0.00016387782445155704,-0.00044291138964056725,-0.0005972723993182735
9.972273477440311e-05,9.191949470668871e-05,-6.361488233642856e-05
0.00011111640749521557,0.0007817348889381679,0.0006097717247166595
3.373178780897236e-05,5.481881516968238e-05,-1.431370171733918e-05
3.5639002065820946e-06,-0.00022127826248919655,-0.00040580695497730864
5.040064945586531e-05,-5.8246955203674754e-05,-0.00041419083256819054
6.64035497137445e-05,-7.987929766220645e-05,-0.0002346827247696352
4.257889655013224e-05,-9.691399054711437e-05,-0.00031568059766702225
1.9524974963078774e-05,3.4630280137802345e-05,-6.776524964816354e-05
1.6184703774058758e-05,-0.0003741412707165958,-0.0004185212381683208
3.9558801973566796e-05,-0.0006972465949362721,-0.000902339752048088
7.562003130434194e-05,-0.0007834786423514445,-0.0008905302866102664
8.065058849403807e-05,-0.0006385395708779808,-0.00084494473327221
3.378513543731798e-05,-0.0008047504193985332,-0.0009304018863739383
1.1108549407480491e-05,-0.0004425193341165298,-0.0007435511330500556
9.856070318167758e-05,0.000697684408524726,0.0004537512596867259
-4.488702798283081e-05,-0.0011073077755824959,-0.001247408414470044
2.5718434352534043e-05,-0.000486541433064354,-0.000523998026074354
8.353020318993106e-05,0.0003648126519780019,8.220067163271255e-06
4.595763036434814e-05,-6.496829356097972e-07,-0.00018620176986617012
-0.0001318635872591501,-0.0004712058242744001,-0.0006058956409306408
-6.08061469277962e-05,0.00011061001677373102,-3.9153284023406095e-05
8.65269178836189e-05,4.371311905257259e-05,-6.540343114941729e-05
9.354085382724713e-05,0.0002481008256768031,9.034574345625483e-05
-4.5753330313451335e-05,-0.00024336177561579966,-0.0002676709440642509
4.4692327918027054e-05,-0.0007114181726554442,-0.0009307211024340613
-3.333338368428359e-05,-0.0003979911822694196,-0.0005996946123946658
2.0254748357991718e-05,-0.0003174217356140542,-0.0003587656402320551
0.00016063323807803678,0.0006574764245395999,0.0005327151352019927
0.0001222377315944863,0.0002454400203013836,8.377551372875644e-05
0.0001240067921054621,3.2051642074671976e-06,-0.00027604215504404433
4.549758687668928e-05,-0.0004376249360870581,-0.000765044577087584
-2.518567511962204e-05,-0.0005218319365523628,-0.0007462948090878373
-2.1150985430015202e-07,1.4382678810116582e-05,-0.0002545392031686221
7.43887884484972e-05,-0.0002469407748005652,-0.0003148414013756101
-1.386074875530253e-05,-0.000262770291801466,-0.00035157885441000115
0.0001498393073736229,0.0008487237956438964,0.000596610242424732
0.00011877861603122895,-0.00048657368487954394,-0.0007082657997912326
5.181340292728144e-05,-4.001674716897172e-06,-0.00016550143042366977
-9.34891865315514e-06,-0.00050436474664255,-0.0006006082977975317
5.2077262142463155e-05,-7.298979120333378e-06,-0.00013559192161557065
3.403546580320373e-05,0.00017763974551883934,3.799731721263418e-05
4.671160134701272e-06,-0.00030031054904480986,-0.0004437510099108061
-3.804191785841332e-05,-0.0006933241550770015,-0.0007631774690295128
3.963048263978073e-05,-0.0001503894960928825,-0.00034061648870894144
0.0001146190905446827,-7.298566240787055e-05,-0.00016660051806183883
-1.79021803531032e-05,-0.0005262393043964674,-0.0005749518630336385
0.00010576935226136848,-0.0001643253486349665,-0.0002802162412899778
8.275727161665951e-05,0.0008155974340481987,0.0006364090399753896
4.4512670326014365e-05,-0.0006260518151722537,-0.0007502766601186863
1.326798509748074e-05,-0.0003246660951078828,-0.0004482485623332715
8.147949085844684e-05,0.00032376586033218586,0.00012958659393788716
0.0001242254141470134,0.0002545011127554597,8.93940526839545e-05
2.0095827789455827e-05,0.00017725576404602,-9.84268652213577e-05
-2.430722535082727e-05,-0.00036026313009684637,-0.00040072714744577036
4.365495249265093e-05,1.6330606045935714e-07,-8.39776695258198e-05
-5.999604527794219e-06,-0.00043118259511673064,-0.0005194394191301357
-5.515805695490095e-05,-0.0006300604804354964,-0.0007709663168018168
2.2751651342276826e-05,0.00015421969183736507,5.695382047381086e-05
-1.6463602148934184e-05,-0.00014440209284949688,-0.0003568504727850178
0.00015340009632397407,-0.00014832276749177534,-0.0004794511759068609
5.398960946527255e-05,-0.000497508176617384,-0.000592233654396616
6.422483293319758e-05,0.00025134432208392845,3.529353075481934e-05
0.00010018123185931832,-2.2490259552340798e-05,-0.00011067083267792057
6.767107217485441e-05,9.369095559093771e-05,1.37704325013001e-06
6.674352539447567e-05,-0.0006741119317909766,-0.0007967014601252513
3.223812272329314e-05,-0.00010731282133665199,-0.00020716912081505799
-4.060341385100989e-05,0.00010181989056205502,-7.660039847262579e-07
3.201338819171809e-05,-0.0009163524553830267,-0.0011211900068096607
5.0161462673579146e-05,-0.00047421459038388147,-0.0005294222800628996
-8.930585838247762e-05,-2.07185921838584e-06,-0.00017157151142142604
2.383932751863854e-05,-0.00039799979057811264,-0.0004953985330242992
-3.962954737697481e-05,-0.00015153827773238212,-0.0002483842373661733
-2.2908135513611053e-06,-0.00040878262396302134,-0.0006086446295180223
0.00020449693492999201,0.0003178623615319097,0.00010440647364878973
-5.489506524492801e-06,-0.0004724817459831026,-0.0006306081246723863
0.00011062213679121881,-0.00017592975157370436,-0.0004205651345928097
6.503363525961576e-05,-0.00013117004617683596,-0.00029862241846970384
4.2703128609161163e-05,7.543216625894095e-05,-4.005710881342488e-05
-5.622999698276805e-06,-0.0003446613382297205,-0.00043007788740146964
5.247418766144884e-05,6.744759611095147e-05,-3.735760466871694e-05
2.094395954749645e-05,0.00028178248323629447,0.0001055311149334712
0.00021836104368738263,4.408192619007582e-05,-0.00025818936278592416
8.944715462375956e-05,0.0002623828519803551,4.851104571703031e-05
3.164568291998902e-05,-1.0235342057033047e-05,-0.00016089430768384492
5.511918743175687e-05,-7.882758497481538e-05,-0.0002870672272317256
5.781396848986244e-05,6.296700970568998e-05,-0.00011712941833899109
0.00013983553493998604,0.0006398459511035744,0.0003166566734371689
3.216781863752259e-05,0.0001290091903812018,-8.403910159093949e-05
0.0002874372109349177,0.00042943509487362494,0.0001821704325751781
0.0001489699457221637,-4.329535583505063e-05,-0.0002678532235797972
0.00013465365604581447,-0.00020415255822613118,-0.00040820968449234755
6.376643760898929e-05,-4.233630155779791e-05,-0.00023030666505888454
8.166639503479993e-05,0.0006456855196245879,0.00046194967836982865
-4.581719281430261e-05,-0.00027842886249521647,-0.0005158590024409974
2.0595579576091372e-05,-0.0009723619132124591,-0.0010640770959140008
9.080293626930448e-05,-0.0004477260184970919,-0.0006157094865099236
9.330497872651764e-05,0.0005039931312757011,0.0002639790854061224
2.3258395217018752e-05,0.00020282823401895835,9.055669017993692e-05
-4.6831777302412404e-05,-0.0003013607591613967,-0.0003423456805828871
-4.151292173874241e-06,9.548015803901756e-05,4.398139401868901e-05
3.47984287784062e-05,-0.00023898145342977304,-0.0003622161057912769
0.00010807095003584554,-0.00017156042527025246,-0.00030061303162812414
-2.6952855269961117e-05,1.9402662281656045e-05,-8.36562403129445e-05
7.799474616488014e-05,-0.00038417717050467036,-0.0007667299983628107
7.38012467448954e-05,-0.0003893105253126421,-0.000541379652387975
-3.57403803466843e-05,-0.0004587680166844773,-0.0005736585685819032
9.51247230936077e-06,-0.00016157637696754426,-0.00031035117323304406
8.153602326219935e-06,0.00027462319306146085,0.0001290122934818608
0.00019840691180828392,-0.0004329670869212257,-0.0005534352388847324
-1.115985337094889e-05,-5.043531223951846e-05,-0.0005255008480192739
8.455173071443325e-05,0.00039350243264530326,0.00021586491717507262
0.00012683789058077187,5.25931041328079e-05,-0.00013033204664326847
5.0637055586088626e-05,-0.00036063584995617927,-0.00044162553911697097
0.00013651812089081325,2.580493064601621e-05,-0.0002767430064716236
4.7726216118881414e-05,-0.00017860934104157233,-0.0004040063425742094
-4.466246451599869e-05,-0.00018337805957030384,-0.0003036617497985398
9.200965246260674e-05,0.00029197882428253104,8.152582624046064e-05
0.00015105036806200574,0.0008687910641966332,0.0006428635514711527
4.456417557088032e-05,-0.00021909322617496812,-0.0003298387981076744
8.137553091563066e-05,-3.491300178568065e-05,-0.00021977862287910318
-4.0335737074773055e-05,-0.0003143430850532035,-0.0005184085819652901
-3.720376788446888e-05,-2.169275700063974e-05,-0.00018096497427028365
2.050703337905737e-05,0.0002622374271886651,1.8155990553565202e-05
0.0001131002327637169,7.326241888169565e-05,-0.00012717616408715503
-6.272939937191559e-05,-0.000534765940519754,-0.0006794894888874363
-1.1198379129958626e-05,2.937992103450442e-05,-0.0001247290483623269
0.0001676449014868705,0.0008763915663014398,0.0006452707557469734
8.886041926043416e-06,-0.00017932463231263345,-0.0003590861691402668
2.2308294051616922e-05,-0.0005473592576587684,-0.0009279479378002903
3.632509477180214e-05,0.00014614338303955144,-0.00011836567993263203
7.285197529943122e-05,-0.00012588136121903385,-0.0003218590285440477
3.706012362142957e-05,-6.798504244421938e-05,-0.00017600552990865593
9.820798898510196e-05,-0.0005554517011486981,-0.00072738049291149
0.00013775618330769045,3.0131180361079262e-05,-0.00023106166260926484
-4.2887660641931376e-05,-0.0004204399436527098,-0.0004804158108586635
1.4167660665710495e-05,0.00040679195517783466,0.00022931080353279926
3.737706688636497e-05,-2.3411738884007266e-05,-0.0002468241261153264
7.083592460281607e-05,-0.00039997869708922234,-0.0006341113993594193
-1.77590243749187e-05,-0.00022322338254955753,-0.00024884387951829647
8.43624262061023e-05,-0.00015225257682918863,-0.0005244006998378104
0.00019092444356591344,0.00031430537497980217,5.595843228648964e-05
-1.1391535911586565e-05,5.068165506505722e-05,-0.0001700977825692629
-0.00012173231086383476,-5.219984539986011e-05,-0.00019110390433530556
9.661694010284789e-06,-0.00017521194673091284,-0.00028107387461217686
-6.251110780373649e-06,6.645648486977186e-05,-4.7034771606868186e-05
7.863291141067084e-05,0.00016690573244398186,-4.3283380381766096e-05
9.567440641914447e-05,0.00010229693300440111,-1.2506727320356589e-05
-1.4625854721593052e-05,-0.0006477701393770294,-0.0007650156165365959
2.837623930308428e-05,6.424627260840756e-05,-3.7231875022290665e-05
0.00018233186106619866,0.0003797038319819508,7.350303395513928e-05
9.561019834429763e-05,0.00043631999690309025,0.00019978452269072227
6.188105478562397e-05,0.0002819688715029972,8.983452106636896e-05
-0.00013426189678112632,-0.000704788972396042,-0.0007643209220707817
5.408203591273367e-05,-0.00040138158960131127,-0.0006976170030890488
3.847462579679711e-05,0.00014470055740651813,6.592798157644572e-05
0.00011024627099581863,0.00037953580681778355,0.00024562608036885717
-5.2420390155590415e-06,-2.7593042713394553e-05,-9.289648617444608e-05
0.00010965433689141864,0.00035506420922169145,0.0002525218049480477
0.00019753042672277435,0.0010633622619167925,0.0007611084189076199
0.00010331082571253959,-9.298290830112005e-05,-0.00022047246190149778
3.5249080526442e-05,9.823398815029112e-05,-5.42575730639736e-05
0.00010029129297055934,0.000351166705025567,0.00012326687666624212
0.000228164577628651,0.0003432942044109558,-7.28232081933219e-05
0.0001236593934010834,0.00026822570667481,-2.5230130015175818e-05
5.610655081764401e-05,0.00011587742133083262,-0.00013060680877262495
8.45102069977282e-06,0.0001372667119171145,-8.27245132295199e-05
6.341468550562419e-05,0.00048420728525236286,0.0001419731404505336
-0.00011835153124154391,-0.000770712216072976,-0.0009779296753846167
6.176156238217029e-05,0.00024749778190951126,8.616429291677022e-06
1.921391379525574e-05,0.00021583205912974066,0.00010143513711323887
-7.614745523793758e-05,-0.0009308710743857879,-0.0009738931718244222
0.0001393792974815132,0.0007227611285715374,0.00044035098190088064
0.0001300126756673449,0.0002203821973210158,9.480557025220995e-05
0.00014148808386550525,-0.00025387114588830173,-0.0003177353762276146
7.082866445532531e-05,0.00037159372570187634,8.43707695732379e-05
8.328404276600882e-05,0.00014507982860975012,4.984483317090601e-05
-8.20010526731922e-05,0.0002992103920702778,0.00010839245453253603
-7.294113863194856e-05,-0.00035019263800715615,-0.000434980247007309
5.719966418937057e-05,-0.00020322017266735908,-0.0005125099520189
0.0001157627710828063,0.0006398781682701978,0.000327064511745011
5.634332669213866e-06,-0.0005788797193843859,-0.0007033125365878048
-3.972058969507598e-05,-1.6630364548723275e-05,-0.00020293117085768442
0.00012635538089803648,0.0005485066030896729,0.0003425644951519162
6.2307672215478e-05,-0.000568769334810144,-0.0005650646754904801
0.00010244125177167182,0.0003620050305554145,0.0001478712818715151
-5.4664149960769636e-05,-0.0002394399205077471,-0.00037730900647534374
0.00014787810591249643,0.0001387376248051019,-8.925462951639432e-05
0.00011085020311008207,-0.0008141079375694771,-0.0008382661607182849
5.592341354191462e-05,0.0001524357057167275,-4.595974375768653e-05
6.63614946979622e-05,0.0005734082157963981,0.0003645933843189311
0.00011024841741654387,5.3688879770275814e-05,-0.00016716280014148185
-7.703405358811598e-05,-0.0006525907854363739,-0.0007855622705086763
5.095292980420823e-05,-0.00013942237938685718,-0.0002498642676997761
1.2938138474095136e-05,0.00011148405605917043,-5.4378323426944596e-05
3.286524486418213e-05,0.000607934169418478,0.00041016840382074055
2.736351911736993e-05,0.00010621599702132578,-5.063978291259474e-05
4.027481859945539e-05,-0.0004201306188837765,-0.0005777229566498935
0.00012367458386172204,0.00039119684928649124,0.00026027547207234256
-1.763841548860695e-05,-0.0002553884248887168,-0.00044642467237506156
5.1522737306831094e-05,0.0004161189649359698,0.00025971094665862147
-2.7380360441755407e-05,-0.00041385364192861047,-0.0006715108532731955
9.677925280540838e-05,-0.0002540499423125771,-0.0004114885133977269
-0.00011200369915793319,-0.0003061130594956312,-0.0003867736499956893
0.00010740475864004363,0.00010601502526917569,-3.976864599921907e-05
9.112844550834777e-05,-0.0009165311606619837,-0.0009564791340501977
0.00016030431553831965,0.00033271275378222916,2.8126951655143233e-05
0.00010553602568312114,0.00045756970930123185,0.00017158447985434635
0.00015930418000098081,-0.0005650204717651576,-0.0008916022903486732
7.975004157555513e-05,-0.00010276885521319219,-0.0003019021494296723
6.487711587913465e-06,-0.0006132160790928191,-0.0006473223552796173
1.3820711775966671e-05,-0.0006185765469048027,-0.000715555282871607
7.322974712546917e-05,-5.316129724011997e-06,-8.343078671983135e-05
-3.277296287460197e-05,-0.0007834451439085819,-0.0010566984531320625
0.00013335578620097798,-8.977457227858908e-05,-0.000344175971719381
6.315069880737808e-05,-0.00039170890175924773,-0.00042280390596699334
0.00011613641334079126,0.000479226381808289,0.0003178149073376883
4.227042076173452e-05,-0.0007247256753182351,-0.0008253434282904178
9.545910960715706e-05,0.00048565001729105673,0.0001737307277923546
0.0001395895443091271,0.0004639293247634277,0.00021726395614045342
-0.0001539160228033542,-0.0008494900660547886,-0.0009517397412126611
6.586148257958758e-05,8.612214055225557e-05,-0.0001154737510437056
5.429250293838934e-05,-0.0004173561785215898,-0.0007054586803016865
4.6803754045196446e-05,0.00022968532338796323,1.4769399370111506e-05
5.0216823675106075e-05,0.00010255455537682391,-0.00028429117428001066
-1.9511019144519273e-05,-0.0003148396275047186,-0.0004964283238120819
0.0001300039141455841,-7.211412207309631e-05,-0.00029140761630868945
8.954579293458897e-05,0.00027667453442350195,0.00017460462422809003
-6.907637429592886e-05,0.00011422464668062434,-7.896618359731064e-05
8.696201696835014e-05,0.00023443419318425657,9.763349389963304e-05
-4.584588612605069e-05,-0.00028331917686039046,-0.0004357042660450075
4.880343327512635e-05,0.00038638313188553306,3.0458535676024804e-05
9.623968709807518e-06,-6.80055695410492e-05,-0.00025081255079464047
1.1194362573699649e-05,-0.00047950906743672984,-0.0006569461619840997
4.425612846255012e-05,0.00011288353467460622,-0.00010893773211083469
5.336468474586515e-05,0.0003160096794450755,1.2954958825596541e-05
-4.5552722149639756e-05,-0.0007188198888086173,-0.0007555077740939754
-4.355614635178002e-05,0.0003129269132011912,0.00010624322161582704
6.820787530029572e-05,-4.560220444706053e-05,-0.00017379351535454983
0.00012419929482629136,2.7346867269129185e-05,-0.00021622252534495297
8.173969542673838e-06,-0.0011563994773596926,-0.0012998601413867824
8.48852615125266e-05,0.0005759524862418537,0.00041140440964796966
6.680124793412756e-05,-0.0002935931076249944,-0.0004580282968739478
0.00014978645341372787,-2.405108142159522e-05,-0.0002466905170305291
-1.4055377080094525e-05,0.0001952285133372085,3.865554881507394e-05
0.00010313763833808663,-0.0002922457322056192,-0.0004452970686700103
3.7706188931587234e-05,-0.00018064868199840276,-0.0003756101818289059
0.00012965050229256806,0.0005729282940173784,0.00036131401790178217
7.232696826041604e-05,5.014819811122683e-05,-3.192611708446504e-05
0.0001227994089644755,5.054041758349979e-05,-2.3893407537963686e-05
-6.517787837469102e-05,-0.0008944350032130575,-0.001067192674554031
-5.029862681708752e-05,-0.0008311470304800436,-0.0008653622334704506
9.736309171870278e-06,0.00032465951669606726,0.0001192649982110149
0.00013256913828030173,0.00012043525246030914,-1.1120488817873455e-05
-3.7241371558804616e-05,-0.0001751017613354301,-0.0003667486095624706
8.307019303667007e-05,7.136097629122725e-05,-8.152734385102106e-05
3.5495112504092927e-06,-0.0006311745225884114,-0.0006549754817204053
0.00014747317372939718,0.0009099342769579855,0.0006812122145333072
6.340734794070707e-05,0.0005257733560088607,0.0004218161874225985
8.035986709026348e-05,-9.1356798074493e-05,-0.00018298241137023615
-4.050218027866831e-05,-0.0001246525324665742,-0.00021595071250305893
-0.00010585433747455436,-0.0010688133668926535,-0.0011433243280331165
1.571572134328062e-05,-0.0004833736315374305,-0.0005266574833242014
0.00010431557025889296,0.0004260508792768849,0.00022999556428284965
7.276176622175617e-05,0.00013415695048495617,-0.00011939654004930436
-9.35421130584296e-06,-0.000691610790217038,-0.0008918541806594987
4.86687248134531e-05,-6.447214050669584e-05,-0.0002819504894071403
0.00013070695965805766,-9.60240702459602e-05,-0.00037281777106078727
5.410234122121664e-06,-6.944937804964873e-05,-0.0003544755811622815
5.019400050658131e-05,0.0001002128241049112,-5.6313223143203054e-05
3.491672300168859e-05,0.00010465478562756618,8.382990738557927e-06
8.30816573534077e-05,0.00035241547723043303,0.00014216536978189603
5.763625470871263e-05,-0.000174004362604815,-0.00032188334334345606
9.481987493444922e-05,0.00011590852533903737,-7.869020513855344e-05
0.00011090427444694878,3.761968749170687e-05,-0.0002470313377123174
0.00015910270642285467,0.0004606132301809207,0.00023594283232934021
7.995792735598689e-05,0.0009052384841369287,0.0007069937839533127
6.893436631413689e-05,0.0003360312809919603,9.119498165660652e-05
0.00012562594765870583,0.00020994407614183326,-4.59792458895559e-05
-0.0001205952309012808,-0.00037631012304807534,-0.0005298019389134237
-2.0711284721229014e-05,-0.0005217617512408505,-0.0005634633259159074
9.111014950765575e-05,0.0002300075628853378,-5.662061056915056e-05
4.2719974625225694e-05,-0.0001878779809795813,-0.00028690838932961564
0.00010584907556343367,0.0004137866373086434,0.0002102216690376696
-4.221834006298139e-05,0.00032340517500086213,0.00021998819521258195
-3.1732731486469026e-05,-0.00022182040212354487,-0.00031252547444909147
0.00012050694581386924,0.0006025589975897912,0.0003155323119570429
0.00017334488028379526,0.0004038853643191871,0.00019647323514458887
9.876847397943337e-05,-0.00015909048152109545,-0.00028834632544848325
3.6704818967840626e-05,0.0003770025316533719,0.00017805310977199787
1.1584885496905608e-05,0.00025765587043196427,0.00011035074346143915
0.00013907272772921935,0.00023445249198579456,8.249248111171252e-06
4.518428277164126e-06,-0.0002944384845942218,-0.0005902583116729368
5.41554765239607e-05,0.00029376243754251246,4.6683346872346425e-05
2.056370461268875e-05,0.000120438482662916,3.848716432055995e-06
4.04594695869057e-05,-0.0002379405568367921,-0.0002817223133770943
4.4889711753688454e-05,6.315344079490769e-05,-9.345137043574584e-05
2.2133374654725158e-05,-7.837258151015679e-05,-0.0001793656750505829
-1.013243353248597e-05,-0.00024036638187713527,-0.0003696733561740658
0.0001227038893104391,-0.0001130446646161255,-0.00042905450659734795
5.66788943761356e-05,-4.118358464773794e-05,-0.0003825348552171476
7.186849368361327e-05,0.00045830741567044265,0.00030882463387775733
0.00011626121352851783,0.0005380340321542572,0.00033561574850671596
0.0001575621083573424,0.00028112218681330313,0.00019795687708591112
9.54728461422803e-05,0.00043910260093568416,0.00021070908925470376
4.42969099315495e-05,-0.00022652926606132214,-0.0004232604999336302
8.547835732249817e-05,-0.0005955423615120927,-0.0007796591451230316
-4.2267811451491064e-05,0.0001382651576020886,0.00010788769147905954
8.158282993448059e-05,-0.00016362886927740253,-0.0004433141564798243
-7.471181883061766e-05,-0.0005630945564848234,-0.0007748610254616341
0.00018760904032307605,0.0004870394430049208,0.00014796824486652046
0.000135626203658257,0.00035712878421475863,0.00023160696294078663
7.503129869045459e-05,-7.944543972305239e-05,-0.0005141116525060683
-4.877029281831347e-05,-0.0009171998432442232,-0.0010485235311991801
5.551408896129837e-05,0.00016584662232319852,-3.1895409799926786e-05
4.5473673235859534e-05,2.107881068695835e-05,-0.00031928066319822195
-2.0282802434891517e-05,-0.00017395780568517542,-0.00029147174552787854
4.593471533387991e-05,0.00022519270204485563,8.637371255932401e-05
4.1982963384679735e-05,0.00018493302629588184,2.265236898657102e-05
7.969145081330688e-05,-0.00021417771555391649,-0.0002839102057300959
2.508694623759438e-05,0.0001923287015156473,4.4324557968807325e-05
0.00012473946362772192,-0.00023611453692314746,-0.00044672733462555476
-3.3307924944664695e-05,0.00010801621101511373,-3.174685002060599e-05
6.432408499040518e-05,0.00036102323046821713,0.00020880906145858173
0.00010731744369748373,-0.00026543681360097644,-0.00047238374732198906
-4.499753254817132e-05,-0.0003170209412778281,-0.0004601807491697582
5.3640656538545366e-05,0.0006889684377601563,0.0003164973287021126
-0.00021180192290336065,-0.0007688433356484029,-0.0007557082072428598
8.509123063991797e-05,1.0257673631803828e-05,-0.00020380291776755187
0.00014244180897765184,0.0009196739402437613,0.0006724289754189518
0.00014241440346143047,0.00015398426406047164,5.050902195948188e-05
6.857817163571909e-05,0.00016702947942471246,-0.0002606936309682167
9.060723039326857e-05,0.00013093940602039238,1.6027388984013512e-05
-2.6452519582531402e-05,-0.0006682259288178018,-0.0007727349232841251
-6.332886184279583e-05,-0.00034233121782238564,-0.0004273259984607786
0.0001006650207554403,0.00028811219585804374,0.00012011270031390118
2.3795530871270336e-05,0.0001377405230824373,-3.6183416290469316e-05
4.464694414191682e-05,2.0801292406764037e-05,-2.245939265307486e-05
1.8954262709639777e-05,0.00039931256842653905,0.00018194295184327633
-0.00011739316051431783,-0.0003347567571941025,-0.00035668094476597634
7.119397211422235e-05,0.00037644455230962087,0.00026946514317986747
9.070435846039726e-05,-5.763390255138691e-05,-0.00025690020471296615
0.00016917116897189965,0.0010201732834827686,0.0008317097860083368
8.428872353401288e-05,0.00010381740620559797,-0.0001292241662085625
6.88067053441686e-05,0.0007362006504076802,0.0004074886941830871
2.169825857151829e-05,8.67488467944148e-05,-0.00010986984553771554
-2.961054734155127e-05,-0.0005589480837347804,-0.0006118128992924276
4.012306531566665e-06,-0.0004827193635969255,-0.0007777860330885673
2.5137146013770275e-05,0.0008827328817788358,0.000560177666855635
5.852327103265253e-05,0.0004738354166927949,0.0003901950781752203
9.833293568998973e-05,0.0009491297815021136,0.0006799850302794937
9.654748597305745e-05,9.63028152836138e-05,-4.0726776536459825e-05
4.9727536452005085e-05,-0.000415782491065433,-0.0004762746649739463
0.00013662379688774928,-0.00010590568482887153,-0.000286865043449327
2.9849032472059985e-05,-0.00019158085730949548,-0.0003650281497744235
0.00019190750155023432,-0.0003702757373297604,-0.00048611701797948606
-2.7841534155239185e-05,0.00023237605407591612,-3.713986503207177e-05
4.845446242653144e-05,-0.00030483826542935486,-0.0006298696855403032
8.902579158198519e-05,-4.230689299526886e-06,-0.00025157307448026695
2.7905465696595705e-05,-0.0003527382208243894,-0.0005171815101251654
0.00023706301427404687,0.00025783223037943053,6.147695023435838e-05
6.173646633687567e-05,0.0005735132819810954,0.00010872753685739288
2.574481630915725e-05,-0.00012223594726537288,-0.00023688712825046528
0.00011835431254678277,-0.0004189875384649065,-0.0006886856524946848
6.838930079952613e-05,-0.0002906444188412557,-0.00055538517550475
-4.3975022385968186e-05,0.00022884242348706496,0.00010143236453106221
-6.882485542178499e-05,9.253359389962404e-05,-6.732238105826342e-05
-5.8601121713509283e-05,-0.0002473552060002748,-0.0004001244665910741
0.0001329605354673353,-0.0005812129088026244,-0.0008538669693537352
5.2870648397309206e-05,0.00018936024985347094,8.299774001725154e-05
-6.905999786209241e-05,-0.0005045248982818774,-0.0005821054755697105
8.528261022506072e-05,-0.00017414599344771863,-0.0003911962126390665
3.25507528476152e-06,-0.000359288340015226,-0.00042925241139000407
3.74657445448369e-05,6.144338144670559e-05,-3.1076177342899926e-05
9.137334616742264e-06,-0.0006820776478382829,-0.0007122654124931535
-5.079898686065104e-05,-0.000870423155637582,-0.0008895308545481529
-8.847478898953897e-05,-0.00017903802358103506,-0.0002617143538267136
2.72621805842428e-05,0.0004998426136886587,0.00034142220948415867
0.00015758821705365961,0.0009201284383229312,0.0007052506804484559
8.304441921443358e-05,0.0005357070051782577,0.0003959149233941243
0.00020704888513036428,0.00032291717211486873,-5.387398281653106e-05
2.378798977879367e-05,-0.00033977754860512095,-0.0004621391610542786
0.0001002346514548453,0.0002617258024971003,4.765192178897551e-05
2.6296606203060657e-05,-0.000124345250212222,-0.0002968849990112461
3.358490801288856e-05,-0.00018522390085493664,-0.00035798044674467764
1.9653348216595976e-05,0.00015742522241573074,5.1722508350903666e-05
0.00019373171428948725,0.00037106548041826887,0.0001648636303447392
0.0001422920521188923,-3.320334336001822e-05,-0.00029852485856222505
8.058393895051568e-05,-0.0001384631933018103,-0.00028352159617239683
-8.45828814339081e-05,-0.0006141341580222963,-0.0008206600922081918
3.553859425408172e-05,-0.00020334624911189574,-0.00041556798588099526
2.168254246160653e-05,-0.00021269503592412207,-0.00036930298484266
2.4933203514642543e-05,3.578737870690645e-05,-8.57423556705099e-05
6.957979005784188e-05,-0.00019160208583594672,-0.0004074951409694001
9.809942435775684e-05,-0.00027074777721819584,-0.0003448318133703768
-1.269319672592927e-05,-0.0003468045513926677,-0.0006124439402222351
0.00011503242461173932,0.000857389390946007,0.0005065807758076482
1.7227602213260463e-05,-0.0006508917469833007,-0.0007325762045114858
7.514932300396618e-05,9.63862570460177e-05,-0.00011931582687738317
9.081733300383629e-05,-0.0001430898007338964,-0.0003015296756242531
1.722242202852349e-05,6.180388698653745e-05,-5.977530359163054e-06
0.00020940250774033404,0.0007886775965043086,0.00047666510112534945
5.1853849826040044e-05,0.00012991427821348376,1.829860246598863e-05
-9.519381284847338e-05,0.00030642560934412305,0.0001784945535472467
-8.178051765262781e-05,-0.0002227042813722661,-0.00038006444334639773
6.267801713708014e-05,0.00021521793485271805,-7.922666876142452e-06
0.00011393355029876296,0.00013146241547882528,-4.730615972533197e-05
6.869873704437186e-05,0.0002626891380785905,0.00012830825300350608
0.00011420757592409505,-0.00047784343512082136,-0.0005687828988964517
2.463249110798539e-05,-0.0001136184471225225,-0.00026469631861643177
1.0870483161110333e-05,-0.0001621551594974366,-0.0006114925552746077
-6.043226449726154e-06,-0.00033063478547506927,-0.0004505594696663968
-2.770654827866361e-05,-0.000349309303850607,-0.0004503395499121755
7.248362489984306e-05,-3.4854594575515845e-05,-0.00023122141256275573
6.349402764928327e-05,-0.000394179421119048,-0.00048537942340395076
7.771297389847883e-05,-0.0004932522592642427,-0.0005213974300558935
8.506740069720941e-05,-0.0002514256152112657,-0.00033541673059116726
7.2615217995792365e-06,5.9576286546272265e-05,-0.0001629064953770234
0.0002260563391039268,0.0008221388722677931,0.00045155667417232277
4.170358608503191e-05,-0.0004641365335887747,-0.0006911625395832631
5.972212181723366e-06,-0.0001885748709063407,-0.0003280958644022955
2.79657082631735e-05,5.148346191284227e-05,-0.00016762883018585432
6.714207487893944e-05,-1.53664096264007e-05,-0.00010645853569874828
4.407653962785636e-05,9.773286367031011e-05,-0.00011622738825406193
-4.7181712375214625e-05,-0.0010468061863927803,-0.0012004634665148995
3.6448833295156334e-05,1.7621385805057267e-05,-0.00026024240901853946
0.00010165775952358894,0.00038737543602350747,0.00024242112907262698
-2.8862242408182092e-05,-0.0004600179678954887,-0.0005877289648559086
-3.766812094975255e-05,-0.0009682416446113859,-0.001102161884111723
3.748210632123841e-05,-0.0003147187826290109,-0.0005010007052288536
-0.0001462195094793479,-0.000979630793110308,-0.0010701606324934007
6.150721953645823e-05,0.0007148884740864142,0.0005936166815948662
2.1975453322038604e-05,-0.0005124837225146295,-0.0007331384354466389
2.928690248639183e-05,-0.0002625153433284021,-0.000515354666012456
4.938371190027003e-05,0.0007546153341446246,0.0005980384130203954
8.976208828559104e-06,-0.0002497470530784926,-0.00045251229283396093
1.2384100267801463e-05,0.0006848280448313082,0.0004456298218969107
0.0001860113174531799,0.0005808220854965249,0.0003716164507318833
7.05634564651054e-05,0.00041777944076443327,0.00020485387716820733
8.243205852811256e-05,0.0004561873209014936,0.00036614683261029346
0.0001276542303958106,-0.00011843975897680802,-0.00043948809622181234
4.235427297018813e-05,-0.0007694616775270166,-0.000962611621694832
4.111617501861514e-05,-0.0009944888964179383,-0.0011432899365197006
8.951592830456866e-05,0.0005753370072429562,0.0003472993123538732
0.00010897668018608768,-5.649444825913134e-05,-0.00046339212261443794
1.4567317140313222e-05,0.00016292205013168496,5.62616341558776e-07
-1.609049583678064e-05,-0.000637539287351348,-0.0007546981218694875
8.469275211923044e-05,0.00024440186517342324,1.9315323752100148e-05
9.710093653110123e-05,-4.2688312471243306e-05,-0.00029388000833303874
0.0002223362068737048,0.00022681044702053396,-4.23311124583348e-05
0.00013284770257226508,0.0007185018650053301,0.0005177869037525153
-7.205021494882875e-05,-0.00017138811049808705,-0.00036262070488263666
2.788599755851849e-06,2.7234642698984314e-05,-0.000289134319050817
0.00012783883808059013,3.915544899500543e-05,-8.847493496350674e-05
-3.794990952167622e-05,-0.0008461472804819999,-0.0009227775550596652
0.00017745010513427507,0.0004508730812648418,0.0001876441640676683
1.1356021346775602e-05,-0.0007405644379258879,-0.0010453461636376845
4.782353712137139e-05,-7.218250776119201e-05,-0.00024978886144905226
5.107285778198779e-05,-0.00045170616389613507,-0.0006670232941321776
3.526003756139091e-05,-0.0008189162980062627,-0.0009499367082923645
7.323437741911913e-05,-0.0003241008646654766,-0.0004147229355200277
6.944020784298708e-05,7.498768376793445e-05,-1.0984149293986328e-05
-1.875786851538919e-05,0.0001757692768289035,-3.4226355480556606e-05
5.504300946919193e-06,-0.0006634750719834746,-0.0008245467526157036
7.591400412205077e-05,0.00040376254876677714,0.0002384792556304714
3.647194450307617e-05,-0.0008566572946393311,-0.0009348376814963617
8.464497448768821e-05,0.00012707333386558812,-0.0001355200601028427
8.522561425068674e-05,-0.000136395395250255,-0.0002572773711103149
0.00013199715527111895,0.00021229448774021115,-1.3574961441755151e-05
4.287085027174567e-05,-7.135829216362591e-05,-0.00021291069194617925
-3.844300959976232e-06,-0.00026767890257314245,-0.0004773843803715428
8.53316761996092e-05,9.510718978790732e-05,-0.00013849417537879552
9.108870740714948e-05,0.0004929429556586989,0.0003044405749680364
-3.365835232860079e-05,8.609626276274643e-05,1.3352999309063562e-05
3.831016714987801e-05,0.0002847177798029556,0.00011246531895160733
-3.153373956057219e-05,4.734844344484357e-06,-0.0002489789281584486
-2.7074740856338847e-05,-0.0006027674006642711,-0.0007523086888168361
0.0001145780698717998,-0.0003019479707758063,-0.0006905991855699891
0.00014602423780594044,-0.0008487769461573207,-0.0009752904793725416
7.96462529899218e-05,2.350470762955666e-07,-0.00020468595184668935
0.00012771863308573938,0.0001999801613023524,3.294291733841755e-05
2.9325387758837756e-06,-7.328074217454936e-05,-0.00016393433591475325
0.00013594761421006983,4.717838200230151e-05,-0.00013419218779211255
4.9260448573955513e-05,0.0005024439071666481,0.00020887995783929315
1.881374953314029e-05,-0.0002482290063664087,-0.0004172974584877509
0.00014145077412404158,0.0005574222558109247,0.000443803293051012
5.593806900318471e-05,0.0003746624336400888,0.0002682282046662214
5.909318395449202e-05,0.0004626308515419095,0.000332810362995472
5.41212421216998e-05,-0.00023064735085784384,-0.0003292904448207126
-6.664849891907233e-05,-0.0003884175670244436,-0.0005655456107082425
4.6828598924586825e-05,-1.7532721625426306e-05,-0.00040427553661864796
-2.8781950966263385e-05,-0.00012332061088938663,-0.00038325669371464796
-4.7418172685375086e-05,-0.0003103915186546133,-0.0005286331907164124
1.128498014995219e-05,-0.00039268005319723304,-0.0005049503437844823
1.2514363881074722e-06,-0.00022282694563204985,-0.00033761384448773154
6.632608349804356e-06,-0.00015917699813339773,-0.0003631896893848968
0.00011364568402900125,-0.0002407270454538272,-0.0004374291898483606
0.00014956133459534794,-0.0001435222872845073,-0.0002603878463771928
-1.702372770571458e-05,-0.0006048644977661085,-0.000683072869672685
-6.4040990327731675e-06,-0.0009105730655460376,-0.0009304502339358351
0.00014205544607774878,0.0005417753993383309,0.0003139208253972884
9.130028642748362e-05,6.291271575226698e-05,-0.00024865818693905876
7.08741123170426e-05,-0.0002480722857314916,-0.0002703522006574425
-1.1395880375146219e-05,-0.0001693922073616046,-0.0003580054371664028
7.762186466945872e-05,0.0003413052914907405,0.0002238447418339635
5.07767571697705e-05,-0.00034973173020258204,-0.0005108470632481303
0.00010416892419384734,-0.0001592516062866901,-0.0004625868300162119
4.5800890546714255e-05,-0.0002677452565801316,-0.0004883355084136026
8.69969601427842e-05,-2.228985713276959e-07,-0.0001253569037874028
-9.414169348875064e-05,-0.0010129269848141887,-0.0011141455010501126
5.68578657749341e-05,0.00020042534422879164,0.00011670489779260922
-1.68498039518669e-05,-0.0005383890698282469,-0.0006840175406921217
9.258945683707714e-05,0.0006165069598879057,0.0003950316025668134
5.747667068386854e-05,4.8470292477656354e-05,-0.000201039756463072
-4.6979840395599816e-05,-4.431331994822436e-05,-0.00016669147455398452
1.486116942085696e-05,-0.00015268159077177227,-0.00019191003925148902
0.0001319931561122677,1.1987774383712813e-05,-0.0003254727853449794
7.288330472032009e-05,7.566252839498632e-05,-0.00018813024617619003
5.902516132463457e-05,-0.00012513116528528105,-0.00022389616492253742
-1.389120314530332e-05,0.00015059040802453552,3.841118387105439e-05
6.886513064595804e-05,0.000607732454666798,0.00031723049715530233
7.518826537238573e-06,-0.00018393559590325402,-0.00034608611575263177
-6.257273132763129e-05,-0.0005485471886160123,-0.0008293394739088091
0.00015768174503790088,3.808803235277387e-05,-0.00022219768914602322
7.260002235331477e-05,0.0008830874258837891,0.0007227421598488169
5.203511541212449e-06,8.89424807742271e-05,-2.823938249448709e-05
-3.73394504772625e-05,-0.0004207745035334728,-0.0004329777553112529
0.00011705676808879276,0.0007671355641673946,0.0005820086374826297
9.661513312560671e-05,0.0003417407042550417,7.755111030117182e-05
1.9662622871345257e-05,-7.567506082894728e-05,-0.00013584635137833465
4.34534023573949e-05,-0.0008379881745230786,-0.001086525155932559
-3.1673840349157577e-05,-0.00021889253152966172,-0.00037024801415099266
-4.4165166293071796e-05,0.00010133633272840335,-0.0001125449784220182
-4.6554604737266355e-05,-0.0001384207490157001,-0.0001948742938341898
0.00012957009422485597,0.0005569337801333873,0.0004155321058336043
-6.12101338352973e-05,-0.0005602868370130651,-0.0007106227369482384
4.493527291978054e-05,0.00010493760465612893,3.8495436049083034e-06
-1.1217269410985665e-05,-1.363491246355671e-05,-0.0001251630761509819
0.00010896692245693882,-0.0004619006668632285,-0.0005521893452235537
9.619443893392655e-06,4.143472938131953e-06,-0.00011543634353413301
-2.684168928164196e-05,-0.0008528117060167816,-0.0009802734718097764
9.140432573137585e-05,-0.000415065487473596,-0.0005231622565631294
0.00012806562686637187,0.00027440253062202655,2.1222537714494697e-05
0.00010239335472972798,0.00022054633725837505,-0.0002156282150263015
2.8697240912184312e-05,-0.0001527417755309208,-0.00022638744245667678
-8.832517328448362e-06,7.179852260969812e-06,-6.110535805964014e-05
0.00010609611908514783,0.0002512844748491801,0.00013898003613492795
-1.734030509903438e-05,9.166084002968657e-06,-0.00021113938457684002
5.828242397909903e-06,-0.0001615912933339085,-0.00022684323580230814
0.00014856875325184658,7.703296283256491e-06,-0.0002731204833172734
0.00010730054673575916,-0.00020515999866150072,-0.0004367638781960407
-7.318281238054096e-05,-0.0005569750251375408,-0.0006257992702938954
1.2627979561500395e-05,-1.5008304988137341e-05,-0.00014434847638232956
-6.075724093519789e-06,-0.0004372569931506765,-0.0006251131406135825
-2.8429571634032517e-05,-5.382777753009182e-05,-0.0002544524392763233
0.00016584352439034358,0.0006979321241127108,0.000486959945098432
-9.082248694388691e-05,-0.00041360582759356393,-0.0005876635506254374
0.00012130583815485457,0.00024842910707894867,0.00014261275982915394
0.00010301384324746704,0.0005511334600377723,0.00038090717550215815
-6.694468540005338e-06,-0.00012952652657730615,-0.0003584704903016389
9.838998038178663e-05,0.00023293336897884355,2.4624476366969878e-06
9.50672350867345e-05,0.0007461807464905874,0.0006217191798168939
0.00017863526264736971,6.963484709983524e-05,-6.083729651294538e-05
1.0934194427537818e-05,0.00038912089413292234,0.0002681448079148222
0.0001390446630602929,0.0007289954920275849,0.00039655211380503895
-7.0008436421866e-05,-0.0006021221589689549,-0.0006492226735242613
4.037353996398752e-05,9.954948859047504e-05,-2.915184350861233e-05
2.910463188766433e-05,2.7347102176844535e-05,-0.00022282375763515847
7.328525381553546e-05,-0.0007078891728332302,-0.0008173950359052957
-9.958829267276497e-05,4.5807072017064245e-05,-4.874497648853655e-05
0.00010481614944296849,0.0003376832953994946,0.00016643185034437595
0.00013350275544144702,0.00021151555620559128,-6.095651888680638e-06
0.00014471890389669272,0.0006661678860435012,0.0002832891754289473
9.869412216848898e-05,9.87888944544806e-05,-0.00012441138177465643
6.99222863029394e-05,7.754242295496052e-05,-4.1600715026106014e-05
8.999386781902422e-05,4.7334568303125375e-05,-6.21437288180243e-05
9.292267111394328e-05,-0.0002208850011518788,-0.0003677442872053772
3.2964586231384554e-05,0.00015208389573696414,1.258864150635369e-05
4.499795576672357e-05,-0.00016572129705364895,-0.00039076601495997664
4.090702787795081e-05,1.9612158961703895e-05,-0.000274219155679581
8.511662023875856e-05,0.00014708643132735065,-0.0002582528352689308
2.118048975602611e-05,-0.0003725572991695389,-0.00041629469077511267
3.867207599031144e-05,-0.0008215836568005759,-0.0009136013131082795
1.4692077644772137e-05,-0.00020367523685494498,-0.00040600055470945854
1.2276668785230404e-05,-0.0001876484114675825,-0.0003185388548683992
5.382284666523648e-05,-0.00012585727965838713,-0.0003226593496737999
-5.5069116678172655e-05,0.0004969762294439911,0.00037685224527904697
-2.5030646720805973e-05,-9.42408937225866e-05,-0.00020983016249390108
1.0050679158565162e-05,-5.713259314809205e-05,-0.0001873294348672741
0.00014181019512940937,2.843893851981418e-06,-9.74610067322513e-05
-1.782242494599649e-05,-0.00045820951277565587,-0.0005857861473353127
0.0001775505153639977,0.00018342475743403063,-3.637477013812424e-05
-7.729670531900521e-05,-0.0005759676349921373,-0.0006234944441209667
3.76922214269385e-05,-0.0001720202909731426,-0.00037454594359745527
2.9387194919249193e-05,-0.0003123213290661183,-0.0004704214280513114
-9.753366462790085e-06,0.0002611090579438973,0.00015225200454615161
2.841695556889755e-05,-0.00059768947357206,-0.0007517463471354479
0.00013450369114411938,0.0001969779789589493,-0.00014715524103254928
4.898481692659651e-05,0.00015880985431131057,4.161175435997492e-05
0.00010349916855481906,0.000671323091282954,0.00038812351138614847
4.671423294850876e-05,0.0004296649101091047,9.520868294615831e-05
0.00010718924152307652,0.0006133705991592778,0.00044570032310746655
0.00016178842877475298,-0.0006105570604052583,-0.0007351849682272857
2.5702328113157418e-05,0.0005380739623162446,0.00039555941732193577
-5.542248880440324e-05,-0.0005479395294665512,-0.000622676938598521
6.679853683574686e-06,-0.00011148342301462676,-0.000349984516211049
9.023206096816648e-05,-0.00037178055529717006,-0.0005195602491925746
0.00013520190058679405,0.0007797434751836751,0.0005461185796802616
4.658581704799759e-05,0.0003402529649632358,0.0001286523823871611
5.730752973544527e-05,-0.0003807043808742315,-0.0006785825570649766
9.67336134714164e-05,-0.0008966475000680565,-0.0009527888044193703
0.00017021346471972871,0.0006860002313601555,0.0003307457613972129
0.00027342380789482164,0.0005374735935790343,0.00024094423026907604
5.5542934222391156e-05,-0.0004664781670883667,-0.0006603019266904424
-3.841671631626484e-05,-9.641590480322107e-05,-0.0002992035728810972
1.2713898973971217e-05,0.0004976242771584235,0.00039289213866751263
8.590234635387018e-06,-1.3071702432362274e-05,-0.00023670160871915413
5.1354197700029345e-06,-0.0006727720824338931,-0.0008326504078492269
-2.9792604187416435e-05,-0.00035679502169087574,-0.00039161480992044276
7.854300304782383e-05,9.306711962240054e-05,-0.0003716523151832588
8.226011098145825e-06,-0.0006071909105269517,-0.0008497676147851356
-5.776513582822897e-06,-0.0008081179655950383,-0.0009277758807152599
4.377160804635877e-05,0.00033320826301728394,0.00011047664855892085
5.157480826615097e-05,0.0001522521832849817,6.761241025736363e-05
3.289851431066466e-05,-0.0003730293418503153,-0.0005305906306034928
7.721941425472389e-05,0.00037036498223121393,0.00013519042975349764
-6.34438772890854e-05,2.8083290229337493e-05,-7.850266431175058e-05
7.99787141517602e-05,0.0002244172513210686,0.00012169195273432458
2.8177176211877228e-05,-0.0006999532376015302,-0.0008885229046530357
4.4539005648698674e-05,-0.0006508293003180128,-0.0007212654671809172
-5.5491913209690066e-05,-8.974002187237276e-05,-0.00023011726767425576
3.587128981823165e-05,0.0001083836490716802,-6.821836378763011e-05
0.00020020089449904397,0.00023047265982299034,-4.29072274181841e-05
-9.567233263053012e-05,-0.00012003165787139702,-0.00019896006400811042
0.0002220237348120424,-9.889420501755329e-05,-0.0004972538308668892
0.00023686526790277579,0.0006709109984436433,0.00035551163173142876
4.861227439099502e-06,-0.0002350351632391117,-0.0002521309297060275
2.513351795153365e-05,8.851582004623432e-05,-0.00027432501177675575
3.077273835107273e-05,-0.00024297901846703296,-0.00048657131159359336
-1.4501594248440781e-05,-7.259444661549227e-05,-0.00025136840161285335
0.00013024134521197656,0.00036120681148197947,-1.6915528073345844e-05
0.00012083693774838833,-0.00024060265846484832,-0.00044881611047120515
-5.9851645196747625e-05,0.0004857648522420177,0.0003060618856160137
0.00014923039732936766,0.00031949983387427085,8.417117809796584e-05
6.307438846097268e-05,-8.406423465976483e-05,-0.00020983047467391656
0.00011792569754931327,0.00024469789526830826,-8.634520422310619e-05
3.307533610545372e-05,0.00046269245022602086,0.0002072476733325867
-3.0617859545625846e-06,-0.0007620988225996475,-0.0009526136829698504
6.90515679480585e-05,-0.0002503626571183313,-0.0004326704072942356
0.00011681951904232654,0.0005691065399996935,0.00046124696475955817
4.091873288469518e-06,-0.00029788467886454536,-0.0003783663220811142
4.494188516327718e-05,6.614600512384029e-05,-0.00021135404983242456
0.00012923449998270773,0.0001971907903697012,8.41201856537107e-06
-7.833813274303763e-05,-8.019880712161422e-05,-0.0001871773632749947
0.00010837282736977989,1.523874200211152e-05,-0.0002417151414546028
8.910454112461791e-05,0.0005277384535712457,0.0003004342139277754
9.89187769118665e-05,-0.0004270510914519507,-0.0007646432147177856
3.90923500958519e-06,-0.0006015606569137668,-0.0006652460256125711
-1.733094356568362e-05,-3.346817224752882e-05,-0.00020037899989104325
9.443078572881676e-05,9.042623931228332e-05,-0.00013604146649424907
-1.556240649137024e-05,0.00020273946979467025,2.162134031791541e-05
3.8633261789277533e-07,0.0004274067160769296,0.0003295281209865702
3.6951881995826017e-05,-0.000212724421911793,-0.0004949699201243546
0.00012682632796476122,-0.00018475569749950888,-0.0004360983021193549
-8.795343715541329e-05,-0.0007535342381909565,-0.000727800392672324
4.6862950189282006e-05,-0.00023385557029238812,-0.0003361336295086632
5.0484558437228534e-05,-0.0005628139895662261,-0.0007865024510515067
5.676218268085202e-05,7.271400437247677e-05,-0.0001420952069455451
-8.17704187603019e-05,-0.00022429755200371396,-0.00038168951727187296
5.1221710419930704e-05,0.000305835429796844,4.895033552181256e-06
5.056597461954937e-05,-0.0001827862363954775,-0.00030638446383039254
-8.666992039928337e-05,-0.0002517641859697922,-0.0003444684895148548
-4.450793183790539e-06,7.509419376933545e-05,-0.00017052159138548377
7.573592207689573e-05,0.0005008373457906143,0.00024295159560492528
9.349963678736273e-05,0.00010549699869227046,3.087027409164232e-05
0.00011455846090629816,0.0005617677870738338,0.00041653796220317757
1.105709407458143e-05,-0.00016535714102503926,-0.0005123375236837589
-3.880935215714183e-05,0.00019321238401851906,2.8252360616297714e-05
-4.856394000003761e-05,-0.0008893340234342668,-0.0010159305134359309
6.22016043384378e-05,-0.0001551412204334516,-0.0002960152053883976
7.7945508955124e-05,-0.0004573102279530612,-0.0006016707699253333
9.148850688514356e-05,0.00042881380201332327,0.0002614853697154136
-1.7442338318251777e-05,-0.0004161740721003326,-0.0004629928976898031
0.00010114003432226104,-0.00036814872269508737,-0.0007582520228060095
4.940838420793226e-05,0.000719778464378259,0.0005102398675280067
2.041606509416716e-05,0.00021542554400743273,7.490435214839669e-05
-5.536859346210726e-05,-0.0011477958106805315,-0.001223206597916181
4.637522019614843e-05,-0.0006817178462111639,-0.0007975820889564166
0.00010638150421698076,0.00041821666265260825,0.00022697893400624414
1.5918884594144536e-05,0.00013733475853291627,8.66671074891832e-05
5.150976724568808e-06,-5.978516315133901e-05,-0.0001935509593392333
8.594593675834696e-05,-1.4300144498154865e-05,-0.00010991332767961386
7.519833182095717e-05,-0.0007819689641015207,-0.0010854549058586002
-1.946226155482482e-06,-9.510705897170839e-05,-0.00028207657291157173
3.061133672981395e-05,-2.7196172024954613e-05,-0.00018354220953304133
6.992657327580741e-05,0.00020760979522676983,-4.2283673564770665e-06
-1.0283023623184771e-05,-0.0003101094219459458,-0.00042299471040999683
-5.1484120548191895e-05,-0.0003689016330483065,-0.0005089416812066536
0.0001067808951565552,-0.0003466682615730635,-0.00040783184192803206
8.674448410869162e-05,0.0003802138600309978,0.00020673467295192634
9.512694878785428e-05,0.0004286403739584006,0.00035999925010658427
0.00012606590459928024,0.0003621813689793222,0.00017682044827265468
0.00010452050554051277,0.000579649716048021,0.00023061811108734481
0.00015973052826338626,-0.00010212897490572556,-0.00028037167365540676
6.390774187753782e-05,-0.00011452166617903703,-0.0003563095089229647
3.0102571456387233e-05,-0.0009984599548322171,-0.0010754240790286202
8.92008118291748e-05,1.4609351319123365e-05,-0.0001299035925833068
1.334162922450012e-05,-0.00019471740929350316,-0.00017758347329152057
5.6136148053660294e-05,0.0002665871419056106,4.9002222322643804e-05
7.450183215993141e-05,0.0005743076147140436,0.00031096711862236095
2.307901165817417e-05,0.00027290986241552105,-0.00013690176943831076
6.597875497824115e-05,0.0001402651254122923,-1.1780644068392178e-05
8.719127474011434e-05,0.00013872114380340377,4.924853523518007e-05
1.1836145374296598e-05,0.00018964787517383098,-9.341865393010132e-06
-7.929959873998783e-05,-0.0009316655084774005,-0.0012737857528750977
-6.715970734408463e-05,0.00021995784633796104,5.091943060041889e-05
0.0001097675000807182,0.0003384898594092454,0.00013693887623341647
0.00010722075282954474,0.00032235008468580584,0.00013147648031865128
4.375820649017428e-05,0.00026733668151555115,7.052574168083652e-05
0.00011650246930717422,-0.00012207331648448138,-0.0003424974232827168
-1.9073527917602766e-05,0.00021498870196746627,-5.1018508332212646e-06
-1.951363336447648e-05,-0.00011597521128532337,-0.00023652872821343935
