inverse_volatility,minimum_variance
5.9359233247048803e-05,-0.0005898351163525498
0.00012887148544662536,-0.0002793710744958115
3.789001807906817e-05,-5.6802006681529004e-05
7.332246021094952e-05,-0.000562751684155011
-2.725055895701217e-05,-0.0013597329955034403
3.39044028214733e-05,-0.00030799337897430864
0.00011596093153146475,-9.492127956710076e-05
0.00012074552187529371,-0.00018875028982157652
0.00018134080360283341,0.0006181570882635172
-4.478297598247116e-05,-0.000756563085221916
5.1602657559773516e-05,-0.0006675937024301958
0.0001297451366251527,-6.486016046763113e-05
1.4383106684159175e-05,-0.0007494039936687933
-1.0322849072202223e-05,-1.2273522299094798e-05
1.300771754441201e-05,-0.000822127839011053
-7.241610910474459e-05,-0.0005523378145491066
-4.4108804446201986e-05,-0.0008289771274804023
7.37426111702436e-05,-0.0009638762279804779
0.00015911770427421798,-0.0007512690071149596
4.6759404292696845e-05,-0.0007227339528961894
-5.1631272638412884e-06,-0.0009155390341235476
-0.0001178041290608084,-0.0005596446747586494
-0.0002005021670159563,-0.0009716347596248726
-7.901075592967152e-06,-0.0006847470921526165
0.00010459027016986933,-0.0011117216992103664
-9.709986626746814e-05,-0.000664876156832051
0.0002255824210132103,-0.000328145801215884
6.808548852940113e-05,-0.00017113968674054857
9.567705893002935e-05,-0.0004858493055204039
-3.5665329646426304e-05,-0.0008108846666036351
7.239540141296111e-05,-0.0002538723576058085
0.00019324616250139897,-0.0003029064926492363
-7.57383755955668e-06,-0.00029435115466028343
6.0858473807229784e-05,-0.00023097370501936994
-0.00011010151311224576,-0.00022844628777375032
0.0001682950460340579,0.0001687078025133831
-1.4586354283767388e-05,-0.0005303592435098971
3.2491363793149953e-06,-0.0004486460332740022
4.2208292769068035e-05,-0.0005232057094796251
-9.177216249766553e-05,-0.00042261323125673475
7.021718096567677e-05,-0.0011013982421379802
4.51187901504583e-05,-9.637174161207511e-05
2.8822495490851287e-05,-0.000430424953005651
-0.00017462316143739335,-0.0007668730616696431
5.543208502790852e-05,-0.0002408582808660794
8.871182612181586e-05,-0.0001700163300803225
8.527857294802363e-05,0.00010993014130623302
0.00012181520236887347,-0.00025659063413227654
0.00012287396067858582,-6.719347975271651e-05
-4.071663437833745e-06,-0.000415688261715612
-1.9940713692255334e-05,-0.001261759222406808
8.638183624580655e-05,-0.0009156142172077792
0.00012257176228347053,-0.00011856087094135558
8.013871895619247e-05,0.0001769276947026537
2.8282853800615872e-05,-0.0008423044715351347
-0.00011384509539659113,-0.000833385053506696
3.207638523636608e-05,-0.0005572855646377985
-6.509736754589792e-06,1.274440847155237e-05
1.5865840727903194e-05,-9.59411436655315e-05
0.0002088441615196813,-0.0004893047713316328
-9.02889764319435e-06,-0.00030007003919292646
7.306122485905778e-06,-0.00021391721587122524
7.312724238458241e-05,-8.462149959573834e-05
-2.8081942822717255e-06,-0.0007386150493338519
8.130347862158336e-05,2.8340325774813392e-05
6.025881714763048e-07,0.0001637319063482626
-1.792941784567757e-06,-0.0003896593613137181
-3.368030417196327e-05,-0.0011000222762605582
4.969136154161939e-05,-0.00030723905316518444
7.838373624849025e-07,-0.0010714409055532649
-2.2790747873085526e-05,-0.00024428751847594305
8.78172286455211e-05,-0.0006768531227253162
3.746300922327585e-05,-0.0003134191406509759
5.301727097401903e-05,5.922777460540851e-05
-4.596637758997617e-05,-0.001042834157639125
-3.2558894947374504e-05,-0.0007677028776911926
-4.122814005919518e-05,-0.0004972358220342928
6.37560139232305e-05,-0.000584668059127851
0.00014194072339563722,7.452951610742106e-05
4.9338667238605426e-05,-0.0006117841594552674
-1.5893774930857688e-05,-0.000574254211472111
2.5746574244840502e-05,-0.0008563824841359828
4.5570018123768015e-05,2.689893221703959e-06
0.00010130232217878224,0.0001251808774905796
7.311392516716887e-05,-0.0005939690558051849
-8.738535056153284e-05,-0.0008080148119391414
-1.698937884434974e-06,-0.0002777046488348521
0.00016211816735364605,-0.0003556413218735289
-3.667557957300486e-05,-0.0008300667482206823
8.911200841341913e-05,-0.00046782719277937794
3.758073418280833e-05,-0.0009464732936389754
0.0002267888921251695,-0.0002402859490994529
0.0001599405022606272,0.00011623473931791697
0.00016758620731280972,0.0003749447876532218
-4.5584719636045595e-05,-0.0004810203616961078
4.7437024931533536e-05,-0.000496861373863351
8.31132819863823e-05,-0.00012754679204998813
-5.036768131137627e-05,-0.0002715288836833874
0.00013673044433033408,-0.00040416959031932035
-3.312540173577199e-05,-0.0006204349852119109
8.2425607698732e-05,-0.0009613488817775513
1.0772937594108592e-05,-0.0005620372758570447
-3.121166581109897e-05,-0.00028249149985691904
3.152702142308935e-05,-0.0012290369293386626
0.00012852991671261787,4.0214135010398564e-05
6.484796622881173e-05,-6.184834330038615e-05
0.00017286344486672044,0.00025493938112718117
0.00011058601774195817,-0.0003186079726827415
-1.0824456530438768e-05,-0.0005993318842831051
4.487759101780132e-05,-0.0004431976634983624
0.00013271901749458727,-0.0003964432354821124
0.00014899371174223092,-0.0010325115554652528
1.8575677784150776e-05,-0.0005565550373023216
3.113011709041016e-05,-0.00044798554430884065
-9.917312557264853e-05,-0.0010447328455308255
0.00010068649575319241,-0.0004929620148199255
0.00010132902077993123,-0.00042878147328028013
8.208337612107308e-05,-0.0001472101231399436
-9.375043858779857e-05,-0.00034582492761209987
9.891928355565226e-05,-0.0005690733094693319
7.387331974036923e-05,-0.0008758242160173719
7.340117170527384e-05,-6.370477101531213e-05
-6.350660760747048e-05,-0.0007266759643511677
4.2935701526643845e-05,-0.00034222042016833
8.216987694063886e-05,-0.000583910554073432
0.00013869403635400485,-0.0004827578759374603
0.0002505116708760831,0.000346231984772769
0.0001451224606149818,0.00010339679187265535
0.00011656738997480089,-0.0006905598012504706
0.0001736170270436463,0.0002911613976246671
0.00010914488326777135,-4.128830712825531e-05
7.744754803636909e-05,8.757112210667214e-05
0.00010232807455117906,0.00015222293253984407
2.3667537811987506e-05,-0.0001600797453105626
-4.243687845580434e-05,-0.00019360630695911777
8.353038662261868e-05,-0.0005469787978419695
6.283323974569496e-06,0.00022559085130069523
5.909206157703078e-05,-3.360956270415807e-05
0.0001023347439098484,-0.0001416131952595283
4.3982056208132184e-05,-0.0007768478115166815
9.866946390452654e-05,-0.0003440593134020857
0.00012091239255295299,-0.00023211857074488976
-1.912690029548845e-06,-0.0009002489888912395
-5.276809248488205e-05,-0.0006503365818623268
-1.4791763958007967e-05,0.00015673838402727527
-1.3124495056170325e-05,0.00033149395592744753
0.0001015302865374674,0.0004917804027024313
-8.240888058004501e-05,-0.0005629831054419835
1.697626467002904e-05,-0.00021511732401420058
2.4708700542228496e-05,-2.666788747653396e-05
6.285326266043575e-05,-0.0002869377239011512
2.9025278766525584e-05,-0.0004141151297799762
-3.859477082648351e-05,-0.0005670811884993326
-2.6400834807366617e-06,0.00014382283678129418
0.0001295926354116092,-0.00023229697922139708
7.119322940495936e-05,3.4756858863816266e-05
4.401899535417237e-05,2.4407979613553902e-05
1.3635203339802042e-05,-0.00046188732642236236
1.9718307375888553e-05,-0.00019509131392949025
6.422224441827662e-05,0.00021328515706779618
-1.2440099762675818e-05,-0.0001586378348908526
-2.1487499634294217e-05,-0.000677769464916833
-5.317964839357252e-05,-0.00027455629017915297
-0.00015753559734077422,-0.001448421704643175
-0.00011108532886083911,-0.0003018385569723026
4.459979253226663e-06,-0.00038709574846133057
0.00012622830193441512,0.00010629067694576663
3.3798404033915405e-05,-0.0007461486594495618
0.00010535018543330794,5.388921737492126e-05
0.0001248222684031685,-0.0005309801753102618
8.782503907912907e-05,-0.0005131400459905962
5.357957440924049e-05,-0.0007056401340413967
-9.017793519277797e-05,-0.0008695887612457309
-1.9510644993714696e-06,-0.00017870587220278228
7.884102927369134e-05,-0.0005443145314609471
4.610821560073773e-05,-0.00021454146692143517
8.838309781717451e-05,-0.0004931851241592598
0.00014299704738556646,1.6170606794941526e-05
7.362596473913285e-05,-0.00010517355219601015
0.0001696066404463464,0.0002929888168522023
9.925698212942267e-05,4.530675768024892e-05
0.00011931886780650801,0.00018779134528893317
0.00017668300659798078,-0.00043560758132863835
5.949884449311585e-05,-0.0004965439067436266
6.208088506446768e-05,0.00018669633830152598
-7.025802759193586e-06,-0.0005875651154860855
-8.801039953187229e-06,-0.00018470018530626143
3.7948678623991904e-05,1.9478140942392867e-06
7.372593197739594e-05,9.450598461665135e-05
-7.58409363404209e-05,-0.0005374898081189848
5.868863005503777e-05,-0.00016723555972450934
-2.631366184643179e-05,-0.00015814918893679436
-4.107861868645645e-05,-0.0008796984196273005
1.5144848704082384e-05,-0.0006843016556258849
4.428280350481136e-05,-0.0003247634474424233
8.553922751469833e-05,6.098125905824547e-05
8.414757922585157e-05,-0.0002469365226495007
5.3393945382224106e-05,-0.0001324629398161806
0.0001667273564349154,0.0004489759733200168
5.986878744392772e-05,-0.0005176612366459086
9.441721344092188e-05,-0.0002084589503314097
5.485674420662668e-05,8.315920884635337e-05
7.702625467582999e-05,-0.00028990471037238104
-0.00011937714153626298,-0.0006855726942576727
-9.084127051862476e-06,-0.0003540213417443234
0.00012767276234576446,-5.4294672139727914e-05
1.905212604200022e-05,-0.0003833869470813791
-3.928364206864319e-05,-0.000711634588234097
5.06599794638739e-05,-0.0004410302236595082
0.00013180743298275453,-5.2802467098214464e-05
-2.653969748350472e-05,-0.00048812934898150273
-6.424362744502992e-06,-0.00012151181038156484
1.642915927329837e-05,-0.0010646487158240008
5.437364013968696e-05,7.9844564894594e-05
-6.427758425415838e-05,-0.000792323102450726
0.00010850335883434459,0.0001382850729905717
0.00011379739981808422,0.00010835718264422183
0.00010547244528082118,-0.0004123336938300875
9.76870203186072e-05,-2.3117929722566176e-05
9.447507748626168e-05,3.828951878379294e-05
0.00010810879893918891,-0.0009995646812846464
-8.074114781827949e-05,-0.0009018726410984247
-5.03071726757979e-05,-0.0002811657697801283
3.717514113327657e-05,-0.00014518017111623974
7.368690734165331e-05,-0.0003358098713351043
-7.960693045606088e-05,-0.0008125587362549537
1.0803640998083129e-05,-0.000524984794654028
5.48588869346527e-05,-0.0010405962933485247
-3.312028350171178e-05,-0.0011198887936021593
7.989460503158143e-05,-0.0002541923539351239
0.00011726719950992044,2.6447315492613614e-05
4.033872950709501e-05,-3.740705779761331e-05
2.6643435415817167e-05,-0.0005926737515133138
8.404856724911376e-05,0.00022800323134152916
4.8509351469004744e-05,-0.0003069244363986741
3.6526442604887307e-05,-0.00012182839248342899
8.744908141685126e-06,-0.00047471634350750377
3.074198466748788e-05,-0.00016505030545813215
4.071335403355112e-05,-0.0002976592769582413
0.0001873689438815928,-0.0006337983760430102
-8.601741053719807e-07,-0.0004386100175069913
0.00014258592698021446,-0.0005988417433971789
7.472201695311452e-05,-5.623095397303926e-05
-5.602969492697626e-05,-0.00025514006940844644
0.00016139763734452243,-0.0005353522645141131
0.00011503135881979877,-0.00037517770082517494
7.2353207238614985e-06,-0.0007319721820606953
-7.641949347525685e-06,-0.0005424359002160871
9.22899555109432e-05,0.0003406564289452953
0.00013791591038124097,-0.0002981690534618343
4.8799431899607094e-05,-0.0005903886265536205
0.00012986317153066787,-0.00019240639411819538
3.2714640785801955e-05,-0.0003770760027763232
-2.0461931583375646e-06,-0.0003381892333840593
-3.6466561181786695e-05,-0.0005210024014550456
-2.3011404725076207e-05,-0.00032824888884273754
-6.787046773544064e-05,-0.0005334910552118564
7.88985405182578e-05,-0.0018494901885565177
4.645570417812671e-05,0.0003048860119192674
-3.51168431629958e-05,-0.0006841776238275118
0.00011171154830303643,-4.796447217417784e-05
-1.5542336153431027e-05,-0.00020402042407954472
0.00014116327311295096,-0.0008847308776716193
0.00011631381248139515,-0.0006146941787106179
9.974674661459312e-05,-0.0002941406086410491
1.2231424946947123e-05,-0.0012217994159431352
2.5857894675629825e-05,-0.0005119915973683319
-8.769123011949948e-05,-0.00035931307460308157
-0.00011094376669386506,-0.0008137199228449316
0.00011595087802717543,-4.7631621764250714e-05
0.00013133554819832943,0.00021340996665143014
3.5040453865218103e-06,-0.0008321688171630759
0.00011784344454324005,0.00040485521157501063
4.853227560953273e-05,-0.000712286726262551
7.90853931387556e-05,-0.0008217124538209505
-1.330915584553223e-05,-0.0006663300031195655
0.00013463786515708067,-0.0006189497894618125
1.7631567397506415e-05,-0.00015204139622541034
0.00010983593310692939,-0.0006031761863017195
-3.0673002061684044e-05,-0.0006633608070513075
-6.832959656668944e-05,-0.0003137748775230354
0.00010475403971585526,-0.00024092267266750183
6.883388651321193e-05,-0.0006777091633756705
3.768633263797862e-05,-0.00022789819586345607
8.57662062553505e-05,-9.15126215584778e-05
2.6200481167229636e-05,-0.0005484929568051169
8.21813836902112e-05,1.0425901250972949e-05
0.00013270144045865494,0.0003213026057309123
2.620122468288127e-05,-0.00030833258496974476
7.615678894689102e-05,-0.00016195817149640515
0.00014083126825651605,0.00010583829571252185
5.015144430593464e-05,-6.068458121113597e-05
7.638492859724335e-05,-0.00016205173817913308
0.00014607457957220435,-0.00015087385466061563
4.036970959737208e-05,-0.0006813660081534253
7.380841535793061e-05,0.0004102191233005013
6.746254188344926e-06,-0.00018060638702226627
0.0001653045719738361,-0.00040871891555040244
2.797398176035041e-05,-0.0007088008478785109
-1.9056825561112705e-05,-0.0006408881459733516
-8.363391555005485e-05,-0.0005921181317968328
9.41074988920596e-05,-0.0005949220281913418
-4.816206182842761e-05,-0.0006416418729888994
-7.282793485883718e-05,-0.000533549786025642
0.00012106822373584729,-0.00012982978354664484
3.242590428939742e-06,-0.0003623893196622148
4.818533416365108e-06,0.00019826695567752795
7.1082942198046615e-06,-0.0011591510484926513
-0.00010259422185023598,-0.0005978529387140295
4.156587194228281e-05,-0.0006414870711118877
-9.655289027109534e-05,-0.0005417064545818254
0.00012989215123093592,-0.000517471378173258
-6.070823632044409e-05,-0.0010800044052425525
2.2113451497172477e-05,-0.0005132732238648695
8.413082974437132e-05,0.00027647806529632784
0.00011895247612600618,-2.0011010654038207e-05
-1.1637707329603604e-05,-0.0008390420801333748
-2.2812287143483562e-05,-0.0007149867551078646
0.00011411279983350055,-0.0006391974624583578
-3.5469406461668843e-06,-0.0009679664729598234
8.60637169886014e-05,-0.00043524877715507874
0.00016712956843944983,-0.0009271834383372104
-2.5424973774148684e-05,-0.0005586110596593475
0.0001418872093012385,-0.0003211354179119255
-8.203948740704187e-05,-0.00040714501920528
-5.4821640465872376e-05,-0.0003836449443816864
-7.488525130775633e-05,-0.001157430614821092
-5.5121347696257355e-05,-0.0008945911000171533
7.492996722502436e-05,-0.0002974735399089007
7.242749700833273e-05,-0.0007861397015063824
5.860124804443328e-05,-0.0007914576314326441
2.510757067213898e-05,-0.0001791952870183855
-0.000146935766481704,-0.001712363005460814
1.7067652531640515e-05,-0.00012146522286005925
-2.966108640712428e-05,-0.00024235008124704401
-7.827435837865201e-05,-0.0007116507513116193
0.0001428815588622455,-0.0001700505104132188
6.873186337630818e-05,-0.0005308011655033554
-3.7592477171757485e-05,-0.00047498109556866645
8.273694414121638e-05,8.006542359610688e-05
0.00022198352742055217,5.932120780156039e-05
4.8871152566698885e-05,-0.0004110819059769135
3.082448855968999e-05,3.980495201509817e-05
3.061469081852019e-05,-0.0006096333106174437
-3.490296055305792e-05,-0.00043926017635864114
7.624270013623568e-05,-0.00021787020465660977
0.00010965214052929741,-0.0007095733832829562
0.00012263446243364443,-0.0003156014157318964
3.867479547029298e-05,-0.0002952235758546792
5.342665854090066e-05,6.315285265391597e-05
0.00013532543934456086,-0.0005060034331135682
0.0002452826934122539,0.0010779469025372953
4.0922577566225476e-05,-0.00017579504854447247
4.722166939541352e-05,-0.0005431312587965834
7.657568677376525e-05,-0.0002652049872690557
-5.8085412520241826e-05,0.00011960350285423601
5.1744534882810676e-05,-0.001168957153697663
0.00017196825988732164,-0.0010179253929266537
4.4623418697469825e-05,-0.0009720222136738603
9.347673780253868e-05,0.00013166160574848066
9.693025495772955e-05,-0.00011881507018632318
7.448926659099937e-05,-1.33224904771189e-06
0.00013781126102416327,-0.0005119665075134725
6.0103359485253675e-05,7.481170744339035e-05
6.483117404529158e-06,-6.841210356639592e-05
7.002472575210858e-05,0.0005446064756197471
9.656555421456027e-05,0.00034298278554151674
-2.6242731473071455e-05,-0.00046106756356624576
5.711742683514338e-05,-0.0007483413800141029
8.483531591405925e-05,-0.0006276880732054753
-4.621889103947229e-05,-0.000829386013440928
-2.6137264202610985e-06,-6.563456531203057e-05
2.430448084359483e-05,0.0001875157761119595
0.00010075781980950751,0.0006428441141109987
-1.1740639103599191e-05,-0.000579622538000634
9.905957289110497e-05,-0.00022114416287846342
6.491629640093732e-05,1.583927870140063e-05
0.00016349389734606205,0.00025096712895656775
-5.990844102835035e-07,-0.0005701066530086257
-0.00010672027422983194,-0.0004671756365166657
7.830584643265777e-06,-0.0002480128621714063
0.0001080005052378576,-0.00024271072527406133
5.0913749668481865e-05,-1.352323354357471e-05
-3.664152484053216e-05,-0.0013302939286671638
0.00012785091406224033,-8.602767122741962e-05
6.76697501367475e-05,-0.0001705943940919931
1.959608426773101e-06,-0.00035520586610102026
3.3202566278554835e-06,-0.00045059746502099503
4.9845178528266275e-05,-2.455083065504495e-05
0.00011199783422079958,-0.00023647242814926788
0.00010250800077715985,0.00019593309243633023
-0.00010370866659417557,-0.0008330460230180955
9.368879812884055e-05,-0.000341506215313572
5.739820419864646e-05,-0.0002842708729728883
6.627925536381804e-05,-0.0006851606370681599
0.00014484436244148005,-2.0677833191215734e-05
0.00016456922737569332,-0.0004624631735308494
0.00011453648768033504,-0.00020580815326460273
0.0001292044891220979,-0.00038869286940969116
0.00015299591311142128,-0.00043498717369041694
0.0001413395620797509,-0.00032805794628475903
1.0401413225868925e-05,-0.00013036613304225433
0.00013772449896946767,-5.56559335066836e-05
7.47438471457193e-05,-0.00045566237437462675
-2.3481505189462177e-05,-0.0009776597780966083
4.288333603664544e-05,-8.691567189870881e-05
3.686373107748546e-05,-0.0007007773089172502
3.952354968240199e-05,-0.0005125463236264988
5.399644832283971e-05,-0.00033059703283882884
6.153254845393666e-05,-0.0005357674105637734
3.816592087285524e-06,-0.0004233724114043975
-4.209130939492606e-05,-0.00045348671953072267
9.214083322853448e-05,-0.0012162906154114105
2.4870042115396264e-05,-0.0002534018431925676
4.610257965342098e-05,-0.000328187890732225
-1.9123207751664274e-05,-0.0001404326497826236
0.00013200526053466901,0.00043883481048133464
-5.375071495476323e-05,-0.0008833902415390251
4.731744599191051e-05,-0.0007045730570708749
2.7603717025122287e-06,-0.00044546074017463844
8.704544868719821e-05,0.000184210683377377
0.00013096068699367699,-0.00043570093770851556
-2.8762765008433358e-05,-0.00025408045835033507
4.3084697982223515e-05,0.0005017058259060062
8.157080633644176e-05,-0.0008003287964450744
0.00012134937910607773,7.27106844142362e-05
4.486522785119025e-05,-0.0010477119255009198
0.00010970382630966032,-0.00014304014427287824
9.232431879852888e-05,-0.00020382713626615663
0.00016385670428742627,-0.0009741182515079131
-7.70377826196612e-06,-0.00010966360795055278
-2.0888423040907257e-05,-0.0008880407244893554
5.4153502082299627e-05,-0.000841697061858978
2.9427267283208507e-05,0.000277937493860707
1.065219267178748e-05,-0.0008692350082786985
0.00017597106440928655,0.000153413833842636
9.730887707443058e-05,-0.000495453137673813
7.302398304286997e-05,0.00012663776851023969
-1.1632505605845575e-06,-0.00026204830843391515
8.892943615193387e-05,0.0003164861319522105
7.84921082825792e-05,0.0002994051095685858
-3.1955322488590046e-05,-0.0008716524022127417
-7.67864259324315e-05,-0.00022215907909444729
9.158242775067591e-05,-0.0005900033728450934
7.509371343396778e-05,-0.0010026084652240855
-1.49981100680039e-05,-0.00015666991588489788
8.160340539192645e-05,0.000683112068676876
3.865267502717147e-05,-0.0005207510236634905
0.00010704506909074875,-0.0002537854359413227
9.133921226101008e-05,-0.0001906863729212732
6.387344804504921e-05,-0.00022738070315213844
4.23927473679274e-05,-0.0001549191906478228
9.820689938901697e-05,-0.0006316103610511247
5.892492554740076e-05,8.227711628264596e-05
0.00011954792581914646,5.654020065664878e-05
0.00011547446678562837,-0.00022803496392334236
-4.189928063987359e-05,-0.0009704476344129855
-7.88134959088318e-06,-0.0004629181520042656
2.3757382189277672e-05,0.0003268190048222223
6.939589521499481e-05,-0.0006739156678807423
7.135901427501661e-05,-0.0005749270177014884
-4.0975950316302816e-05,-0.0007472636362113067
4.5675280164690776e-05,-0.00018737811217823202
1.5068790236674138e-05,-0.0002557426214488216
9.294655377544309e-05,-7.853119193366485e-05
0.0001325839930537737,0.0001585972533722732
8.74114780125378e-05,-0.0008961237744824612
0.00021624110584790316,-0.00016724152381100257
7.781382250093827e-05,-0.00026937893159660327
9.059216995474704e-05,-0.00028581300189568543
9.962551273807091e-06,-0.0002560795810193844
0.0001359499494380819,-0.0002162502391497853
-2.7570169355290244e-05,-0.0008762908826450464
-5.9231474652697574e-05,-0.0008735201313318891
-2.3602536805250596e-05,-0.000540551450115447
5.824518803799973e-06,-0.0006373368184988672
0.00015077980040487156,-1.8617224965698212e-05
7.430614471112351e-05,-0.00020956290115810424
-2.34066838085265e-05,-0.0009439197149941607
6.193617195545924e-05,9.709059078177979e-05
2.8004477391555132e-05,2.7670614430709407e-05
7.750668455992567e-05,-0.0002625560656433085
6.229232814947193e-05,0.0002957109678629192
2.418102061098814e-05,0.00023949455476563196
3.7959271771504397e-05,-0.0006292064590184447
8.775154570611211e-05,-0.0005867039554938997
-1.8164514951777655e-05,0.000297374443832806
-3.302162997103391e-05,-0.0011101112792162291
1.3674454686131497e-05,-0.0005122002686370366
-4.675458428342574e-05,-0.0007692108935466582
0.0001298739636864492,-0.0003050430625658525
7.887237051521355e-05,-0.00035200157270479565
0.00010178833722312884,0.0002508684023967201
5.3356421433091856e-05,-5.808958414839997e-05
-5.884657759212711e-05,-0.0010576690846044034
7.174391092199507e-05,-0.0005146124064544599
0.00010406671924224236,-0.00030859827125856876
1.828145801791977e-05,-0.0005832462161461779
0.0001090347064592596,-0.00030398948252313793
0.00012138161099073608,-0.0008150117938478661
0.0001759559324349221,-0.00011997719425069819
8.468437218542974e-06,-0.00047939664020321356
4.548085116594773e-05,0.0002735591217458705
6.807841389614642e-06,-0.00041990739225038665
-2.2235038369530135e-05,-0.0002469015030188579
0.00013476850749328634,-0.0006305134424380192
-2.7191371852352435e-05,-0.0009906045221150935
8.95108291562334e-05,-0.00013357156754708073
0.00010096336538772781,-0.00013907651929971417
0.0001391009791648397,7.60750755542601e-05
0.00015643702833822493,0.0004862970566542386
6.630405498678737e-05,-0.0010642913532072512
0.00012020666013935146,0.0002668720211147919
4.999314022677222e-05,-0.0003694848825048533
1.885364314676915e-05,-0.0006066431736711114
6.625988357060187e-06,-0.0007238148689028588
5.792870326502967e-05,-3.032909031177611e-05
0.0001524379362462254,-0.00015928882678486707
-1.9600416291116286e-05,-6.501004206067607e-05
-7.017620689533992e-05,0.00011531301451963289
0.00012773240352498814,-0.00021052034465030754
0.00010422389636174077,-0.00014943934297020442
2.017699866565811e-05,0.00020638389482611547
2.7209885383472934e-05,-0.00039889207854752675
-8.491523817555368e-06,-0.0008094172357694584
1.4810584522808928e-05,-5.687885158769707e-05
7.802421103624617e-05,-6.630711709657418e-05
2.287054584609226e-05,-0.0004318570484233195
0.0001571763591902257,0.00022303831202630307
-4.434011595852124e-05,-0.0003388937129715869
0.00014055584652061904,-0.00039380006075685146
9.951590652948462e-05,2.076752682984643e-05
0.00011705002913353224,-9.795896587213272e-05
6.473511243573651e-05,-0.0005743436897823802
-6.897496118123266e-05,-0.00026515693360404196
-2.7117805399062687e-05,-0.0008427818028258627
4.24448643330635e-05,0.0002476247198681697
2.4526785145219133e-05,0.00019791123980850644
1.5833690864185476e-05,-0.0001579555516621019
0.00010922232671915647,-0.000753852309249643
5.146240018074232e-05,-5.710507870890409e-05
-7.960936178461221e-06,-0.0004948730542793788
-5.0699489558500316e-05,-0.000621172120099709
4.9756831550866714e-05,-0.0005628430421944977
-3.435134706237882e-05,-0.0005975436220095813
3.366556727836306e-05,-0.00011328238472921237
0.00026791380562733274,0.0008554723074203141
0.0001319219446555446,0.00031915151633343195
-2.4401407893182893e-05,-0.0008009321456330166
1.938458750255488e-05,0.00010000822500818443
-0.00017032669861099416,-0.0007123461507942661
4.209303838850913e-05,-0.00014367573218693932
-1.0516433278092894e-05,-0.0009644391602031512
-4.4232175919790595e-05,-0.0004246528744907531
-3.1762851405563766e-05,-0.0008027081661790585
9.391236350081127e-05,-0.0009529927969034143
-3.067841884509014e-05,-0.0002818993777972032
-1.4606949387531388e-05,-0.0008811815028123494
2.8760110847553632e-05,-0.00012025795441673516
0.0001598855190722597,0.0001714155322623677
1.2300969673946255e-05,-0.00042539837835382343
-7.056902806387857e-06,-0.0008482472427381969
0.00010701801273732383,9.754338362556928e-05
8.91080853138015e-05,-0.0005565520633547487
-9.577929792949481e-06,-0.00032403093450653086
-4.853068940616022e-05,-0.0003899021760640879
5.6274991454107734e-05,-0.00027785591276471616
-7.982701784704099e-06,-0.0010181483856330528
-5.263638921228564e-05,2.391339467631493e-05
3.326902499885208e-05,-0.0008460751839582508
0.0001063348488177061,-0.00015798927962989433
0.00011111526205252541,-0.0004406407360306772
4.0096569006943997e-05,-0.00037680802836104026
4.779156008478391e-05,-4.435467830408795e-05
0.00011008334231439257,-0.0004807562209370263
4.5069510328578615e-05,-0.0006749772311089638
2.3261582389640155e-05,-0.0007849875930262902
9.553594759270882e-05,-0.0006249718024751313
1.917705435822484e-05,-0.0006569247091440687
-4.898217709297601e-05,-0.000459107597483141
4.417404915964142e-05,-0.0004691613923219392
0.00012498289294515222,-0.0003369583740703945
1.141169857128051e-05,-0.0004090568851234076
-8.083851359422053e-05,-0.0004670038916935738
0.00010493067074996326,-0.0004891509160069587
0.0001914991298397151,0.00027881871600842997
0.00013327778918018562,0.00030947815839557337
-3.814498264194296e-06,-0.0006188125194412045
-4.997753927760005e-06,-0.0008174057175327699
9.657727704720933e-05,0.0003173483831216062
0.0001411356215906591,0.00017269383512645393
5.5171983914317226e-05,4.273865516540658e-05
6.877131597060173e-05,-0.000687217116294106
0.00011300225741872071,-0.00035462818647659323
-1.1085110907320227e-05,-0.0006052711145949944
7.211398332632979e-05,-0.0006167535071022814
3.6778579142149825e-05,-0.0008769200693990198
0.00016577708166750835,-0.00040445284941004964
6.556899638261761e-05,-0.0006626999006359083
5.944165524262362e-05,0.00010962202253716639
-0.00010845049041208443,-0.0007345298615518464
0.0001127624859532284,-0.00034017916577919313
4.7855715768544283e-05,2.268388168789198e-07
-4.674262322822476e-05,-0.00019217216407185645
-9.271176796166671e-05,-0.0007686450334906391
0.00016590108149943365,0.0004403215515833663
-8.883362677258354e-05,-0.00018771132425097773
2.9721651662612214e-05,-0.00040752427112563825
8.565739466957561e-05,2.5698666126283768e-05
-1.5909377179349886e-05,-0.0006163262756650423
0.0002144554278339092,0.00032005353439858446
7.747161166760553e-06,-0.0007079791615708349
-2.3628775078906667e-05,-0.00024475491148418996
-1.6224225514613777e-05,-0.00029932153023779244
9.684602420271149e-05,-0.00012865426188209505
-1.8491320222087138e-05,-0.00027410925446472146
4.720074737697889e-05,-0.0006656984913988135
0.00016136705461489877,0.0004800950416441606
2.4155481157090965e-05,-0.00041965620374068515
9.481915765163478e-05,-0.00046638285482374824
9.209452133028516e-05,0.0002692337644412808
0.00010338285036014816,-0.00047273871032404687
3.451792894898441e-05,-0.00035269271494062676
-3.169592975203327e-05,-0.00015578302001536634
0.00012144448158861652,0.00013483715978257428
1.60154509649573e-05,-0.0006216118878456805
0.00012366615729938362,-0.00028960482341745396
8.81500669983917e-05,0.00016264747042935948
-0.00020196576457577115,-0.0007809259400436187
0.0001202607194504529,-0.0004308746780345902
-4.112341415691103e-05,-0.0005507129770326387
9.689207857987029e-05,0.0004490339122397635
-0.0001296016906540013,-0.0012996377647098696
9.425722213001524e-05,-0.0005480358498093942
7.880325397201216e-05,-8.548156094890505e-05
4.027738686225411e-05,-0.0006972943167735477
0.00015851736154822503,-0.00018718990692264848
2.450014582216527e-05,-0.00021359347697635215
6.951959558015194e-06,-0.00047977956004245144
0.0001893376347165269,0.0005162604284128505
-3.845386990231131e-05,4.320680259452352e-05
8.481388948430746e-05,-0.0004354038572414399
-3.111880452305597e-05,-0.00040762781655156105
-5.8438550467875125e-05,-0.0005954272815314289
4.193511842742097e-05,-0.0003379282444963426
0.00011728126803015081,0.00024002293464076496
1.1423206426808144e-05,-0.00047808451505316075
-0.0001643107938589939,-0.0008543230729795353
0.00012132761024344238,-0.0005700547946427303
4.414998169243145e-05,0.00024358511801073838
0.00010618018635585532,-0.0003492240934616759
5.8090086606109445e-05,-4.197739406014608e-05
0.00014872581273597772,-4.076631745940465e-05
0.0001191078003932909,-7.635002686203634e-05
9.754950586693525e-05,-0.0006256390670215752
7.336520371901345e-05,0.00020259054200022535
5.0809409606384666e-05,-0.00014951365900712346
5.851962598088009e-05,-0.00038423956910863487
0.00015162847450085116,-0.00046304814782266885
6.055153509883465e-05,-0.000249692290130509
6.391896807373239e-05,-0.0004876016384016042
7.241376255356258e-05,0.0002272801003659985
8.103003101276739e-05,-0.0004208487267487403
0.0001589652128349184,-0.00025142215194855764
3.010777737918067e-05,-0.0004249553183746261
3.158867023837203e-05,-0.0006847633488662919
0.00025775781605484854,3.0361612353591434e-05
6.299860504099556e-05,-0.00010723447115205858
2.506608654394754e-05,-8.189586669156112e-05
0.00020499161487817224,0.0001186642113198693
4.793081514047469e-05,-0.0004327714377415614
0.00012256846247576342,-0.000566424327087843
-3.1533398307955206e-05,-0.0008809401905709705
9.259041929032363e-06,-0.0003568514193835737
6.230088301685649e-05,-0.00040090575715657063
-5.347403700487816e-05,-0.00012704959180717608
9.53410182795915e-05,-0.0012900150918334888
4.970367150127636e-05,-0.0007210085463451229
-6.0433458410569116e-05,-0.0003512735021483312
6.171739443448566e-05,-1.762827529788128e-05
5.584084277749759e-05,-0.0007801814843481899
0.00011823627885678965,-1.805321885035949e-05
-2.8895131683754613e-05,-0.0006473743436399306
3.4633784031212625e-05,-0.0002604406666563277
8.977279343791325e-05,0.00035142381541673957
-9.695975058949348e-06,-0.0006214272210017006
7.124796493250497e-05,-0.0006246687834932259
-9.038803821665082e-05,-0.00023280735305588037
-5.074020389387999e-05,-0.0004908613080574668
1.5064357556042408e-05,-0.0006665159416773947
0.00013718460202277418,0.0001039315888211259
8.439152351055564e-05,-0.00025761343006478886
8.827773067724047e-05,6.637333137783198e-05
-5.8679949391072904e-05,-0.00020100651060334812
5.166025455708643e-05,-0.0008326543957513841
8.127329403887748e-05,-0.00019682014044410494
0.00015645449929056055,-4.704582173970233e-05
-2.875396087864389e-05,-0.0003780276998998874
6.550486879474711e-05,-0.00035964519909396616
4.784248371223694e-05,-0.0005156529988846803
5.210948852078125e-06,-0.00032905976217338043
0.00011423011876899442,-0.00037416012888579614
-8.904504752257919e-05,-0.0006889395553392913
2.666495995886354e-05,-0.00022700094413603394
-5.4486001698952685e-05,-0.0004328991207551622
-7.232922311564363e-06,-0.0009903948089555726
2.4356135225092417e-05,-0.0005347397961768731
-1.187870791599046e-05,-0.0002015141890077394
2.8232492845001894e-05,-0.00036723180453151854
7.853255665407331e-05,-0.0005927183938332832
3.4572682723936406e-05,-7.6134124212229694e-06
0.000118813519334127,-0.0006354881981530725
0.00011745099924543461,7.477248099199528e-05
2.373882620318319e-05,7.073649575608417e-05
6.681345169076464e-05,-0.0007295204614844629
9.742965186237973e-05,-0.0003049285920546538
0.00011910487536801592,-0.0005565161455461649
-7.740729580046345e-05,-0.0008189791067075369
0.00012960735587947412,-0.000983093608060578
0.00013880973069594236,9.263192208522973e-05
8.777768460391689e-06,-0.0009134250585327575
9.784590841882283e-06,-0.0003639211894214883
6.92764742845915e-05,-0.00035805524469045277
3.469765016397703e-05,-0.0007959813695806338
4.2122731730077396e-05,-1.588051146834312e-06
5.033588727616358e-06,-0.00038116750446419586
-1.587723581786984e-05,-0.0006149226304767946
0.00017323091341669525,0.0002275656704147447
0.00012835522067035265,0.00021017540111059038
-7.264419972195243e-05,-0.0007912370061269468
-4.276976116953038e-05,-0.001081804591766186
5.3212841813576113e-05,-1.7923193553260887e-05
8.412044046991057e-06,-0.0009002848625061838
1.9837018650647304e-05,-0.0001757396763122329
-7.302632434250803e-05,-0.00041117848742286
9.70879530537305e-05,0.00018680901362765856
8.86681765725876e-05,-0.0002269766923340596
0.00017902128608169812,-0.00010490463371086136
-1.2993520920756552e-05,-0.0004716306157743098
6.849618667326295e-05,-0.00024420824712901245
-6.359469879660154e-05,-0.0011815960527522358
1.2804053381212802e-05,-0.0005288724103456081
6.787529564679625e-05,0.00021507300917099177
9.89780961429048e-05,7.866388124444011e-05
0.00011555838652357886,-0.000181813533464186
-5.702231102939638e-05,-0.0011341452151718467
0.0001327778007207874,0.0001318140463244479
-8.541643367670826e-05,-0.0010504708444623821
1.2000615820064099e-05,-0.0006309984908917964
1.679777693019998e-05,-1.9147442341217188e-05
0.000133478092717035,-0.00017137715526558317
8.598015352792105e-05,0.0003078457381127639
0.0002201851377610476,0.00024753850088939794
9.173049022973202e-05,-7.64342490023517e-05
0.00013027467582129963,-0.00018916228321801684
8.708407797109302e-05,0.0002493458359687785
6.520784547509422e-05,-0.0008091675506979263
0.00015541079721939342,0.000342183601017771
4.069917085750941e-05,0.00016721900229850842
-3.403031216083028e-05,-0.0002976801794647158
3.621582716357698e-05,-0.00035298713528821973
-1.6663584666850808e-05,-0.00028193407523817866
8.222086774135737e-05,-0.0010210281894036278
8.004813555487027e-05,-0.0001942125871219627
-5.50880233710213e-05,-5.026138721870159e-05
1.1246365357975421e-05,-0.0005263284569994905
-6.335889573680459e-05,-0.0004786465959542561
-4.4738901405719955e-05,-0.0005494587017159513
0.00016647258533666626,-0.0004377786130494503
0.00013609401891157363,-2.6320795862427046e-06
1.2948195190430075e-05,-0.0007625206798634994
5.98837693992325e-05,-0.0006371174396788882
-3.8084939497577794e-06,-0.0010118897711949304
-9.935833319581926e-05,-0.001211979467805789
0.00015385306869090064,2.5713110999082636e-05
3.236442745026486e-05,-5.265457683417697e-05
5.961726977503716e-05,-0.000177702895942609
-4.555288810175777e-05,-0.0009429595627335989
9.216667978619107e-05,-0.0004980483662685623
-6.416402312628073e-05,-0.00030902851004814276
5.42633520519112e-05,-0.000553715486669636
0.0001533994698019701,0.0004182155807419981
0.0001980366786809669,-3.4383798454081795e-05
-6.22504988968334e-05,-0.0005423847587479808
-4.092388622456574e-05,-0.00046233074603107264
9.184290788011594e-05,0.0001306286032574224
0.00022887236330430304,0.0006497882904128797
0.00011640931029314685,-0.0003257112911206666
0.00012724313043155786,0.0004904893816532758
0.00011964187768145719,-0.00047080478074692296
8.716916748046448e-05,-0.0005506561916451394
0.00011441062415253818,-0.0007212527332031678
4.001312313602298e-05,-0.00039605114436333413
1.573091490196426e-05,-0.0004079818766931457
5.318023668917201e-05,-0.0005088984537246791
8.442849198554245e-05,-2.5114782945239258e-05
4.2509172332924036e-05,-0.00040149639572957383
-9.224245614502429e-06,-0.0007288433221669523
6.692547102938755e-05,-0.0007785456106855703
0.00011159697285178093,-0.0003101092945755415
-2.6333585979371844e-05,-0.0012607447023559953
2.4994581272308686e-05,-0.0004763984766911094
1.1379585932538275e-05,-0.0004959844885885369
7.105291836695637e-05,0.0001778517190949458
1.6439934800947245e-06,-0.0006568491917288772
5.421051227716997e-05,-0.00015084371369049278
4.3584029158241436e-05,-7.941950598896517e-05
-1.2232242856989795e-05,-0.0006364111696605765
-6.756790819552135e-05,-2.439773387512826e-05
5.363296156711688e-05,-0.0007676075016522703
0.00014129107551694267,-0.0001536147184424918
-8.49291358754867e-06,-0.00011059649252198676
0.00010995879359451815,0.00040180692042130297
-1.3377766889513255e-05,-0.0003558608541913157
-5.901209494855994e-05,-0.00037341788377797454
0.00012221933099175973,-0.00028892264152932066
0.00014634967797692947,-0.00027219612609701504
-7.783460851292583e-05,-0.00036947350197546336
0.00020319601818880506,0.00028117885710356324
0.00014049541605575642,-0.0006231906365275603
0.00012192786074131102,-6.98861577183947e-05
-6.147609679912794e-05,-0.0005943447844901747
9.281589099782738e-05,-0.0010007419895967928
0.0001109271341915092,0.0004338618671588263
8.444995071355705e-05,-1.8937918779817091e-06
-1.1772577971038659e-05,-0.0005860972059680926
0.00016113833073440478,0.00018422801717312136
1.3984799352637637e-05,-0.0006529418906490507
0.00013628430038778642,0.00021722226802090727
-6.904667580155712e-05,-0.0002634262880648596
3.5406514704857165e-05,-0.0002964512647725716
6.94703521102735e-05,0.00017537977791314935
0.00012094310939877294,-0.00012824046794786563
4.135333769007704e-05,-1.8746374456392122e-05
2.702876182055137e-05,-0.0002136448994212376
-5.397708513524513e-05,-0.0009628806349842422
0.00023857227532447962,-0.00015966664891292953
-1.607125117606419e-05,-0.0005967000839722133
0.00015086930807707092,0.0004636286611012242
0.00010197619523028936,-0.00045139558188676517
6.432231671054756e-05,-0.000392327898928089
0.0001167115802845761,-3.9185487179610386e-05
7.913442864448033e-05,-0.0004079382693807346
-6.952515459810615e-05,-0.0008436409404803212
2.4576757546853714e-05,-0.0001826669781663674
8.517452391286481e-05,0.00018876408943875313
-2.1230632308242913e-05,-1.1415758362472454e-05
0.00011097235967761772,-0.0004524499308108681
-5.8504686958371665e-06,-0.0008634826525440457
8.670956450393234e-05,-0.0004343839327083748
9.343044306431594e-05,9.58086310222439e-05
5.742248217246101e-05,-0.000593930458392609
1.4143229910595272e-05,-0.000688838889569126
0.00011067306360921257,-0.0005204035598277908
-2.8003950819683942e-05,-0.0004746009038976813
5.669081917085856e-05,-0.00033303256693987247
0.00016493781119844802,3.674875918650882e-05
-6.546342409974944e-05,-0.0008505780479506084
1.4565629172093677e-06,-8.116199003823337e-05
0.0001222153921609123,-0.0006666465022075102
4.0337790177440424e-05,-0.00038532662189873674
1.0047845758767783e-05,0.00013843696084742067
0.00010498018385034347,6.333397644739164e-05
0.00013168606901927865,7.101225977239662e-05
5.361245723735472e-05,-0.0006944824531605826
8.3530311423667e-05,-0.0001280970409446878
-2.8922167303142604e-05,-0.0005673114118180355
5.5615074728626745e-05,-0.0002958906859426877
0.00011038421845486638,-0.00035327808397156386
0.00010491475783559059,-0.00029140288121541467
0.00011508833896805146,-0.0005154305954795954
0.0001059806773806701,0.0004993312688561344
7.437322592233699e-05,-0.00022147759723836413
4.394097791375151e-05,9.014259751561875e-05
1.9601472138020335e-05,-0.001191851533868831
-0.00013129739520424848,-0.00033860389251679445
-0.0001538587852864689,-0.0004736154541945621
8.035889349543348e-05,-0.00020375141669459239
4.907806671794533e-05,-3.0241831527141573e-05
-1.1477686082228382e-06,-0.00023145674833789615
5.040895637391132e-05,-0.0002431803028074568
0.00015506765892978947,1.844914984565948e-05
-3.457721605105318e-05,-0.0005131349196416926
5.579773322179847e-05,-0.0003599879241087523
2.3343067273254672e-05,-0.0010915936669791985
0.00011162980970983903,-0.0006729530877216071
3.946820603084174e-06,-7.681483510081755e-05
0.00017284160621945438,-0.0001240986173543045
1.77141279610046e-05,-0.0003856165938888012
-2.600992246274184e-05,0.0001421751730270709
8.899891072468828e-05,0.000381176021710601
7.617778676185583e-05,-0.00043337071476506905
-0.00010575026902030592,-0.0008997334016353133
2.085460323087812e-06,-0.00029348831158442325
8.412440654530787e-05,-0.0008861595351690818
0.00010440607961799566,8.714494852745904e-05
-1.2171183128190078e-05,-4.548292486209027e-05
0.00011325898462856639,0.00016952383939348748
8.040921251430151e-05,-0.0005017021516836026
-3.1937207318128216e-05,-0.0004116797282924853
6.174130022034666e-05,-0.00027346976355210396
3.96836323582933e-05,-0.000706060891605329
8.691971292090231e-05,-0.0003901882932126101
-1.594710099744702e-05,-0.0008398173304660593
0.0001172019946213589,-0.0005006658795472254
5.835450049594503e-06,-0.0002887714607261472
6.451148260020301e-05,1.6269341967342806e-06
5.4763851860647794e-05,0.00031379976850872597
0.00010902841167237998,0.0007529791976721154
-4.465642613159999e-05,-0.0008124436675996448
5.586501373193624e-05,-0.0006997449404762283
3.0680247816389992e-06,-0.00021943848347159245
-0.00013325427737084547,-0.000638527945048378
5.846841536336607e-05,5.2327291683719294e-05
9.493987348569211e-05,-0.0001250378689021476
7.623844986129485e-05,-0.0004774514886141032
0.00011077337767043615,-5.919412504142344e-06
-3.2331590496889205e-06,-0.0008492982532091105
0.00010132340722753829,0.00021200635820811697
0.00013249133843318815,0.0006693140909058872
1.3770533391460583e-05,0.00016893628028626648
5.874718876582614e-05,4.696999844499254e-05
-0.0001240342380942636,-0.0003288769426222924
6.407847104514896e-05,-8.226763058728523e-05
-2.423162397336731e-05,-5.275343546733976e-05
3.9283276061654435e-05,-0.0002430991242747631
2.04145086461353e-05,-0.0003747158992368632
0.00013906614436648266,0.0006654382980275416
0.0001446001877565773,-0.00011456695345654677
0.00011219384986161767,-0.0004903720799182928
2.7834169711521005e-05,-0.0002163895115229348
0.00011634920786357774,-0.0008433506911612417
6.869456931589508e-05,0.00020557740014557783
8.003316806431789e-05,-0.00023449255606199863
0.00011640197843025026,-0.0003969141672884285
9.03390999540559e-05,-0.000417301787705993
5.6541295690201504e-05,-0.0007215247519101939
2.4505165306995004e-05,-0.0005296623677603144
5.101711808750569e-05,0.00034797238307561056
-1.3168620321618298e-05,-0.0007711329497398096
-4.530297342196743e-05,9.917925914117685e-05
-4.576349630839685e-05,-0.0009471996565354941
8.652392210298167e-05,-0.00043004464247692553
-3.7768425654472886e-06,-0.00025244104895642914
9.79443134149707e-05,-0.000260338953496861
-5.5474895015143126e-05,-0.0007375817513429503
9.64440179887306e-05,0.00028757862690531626
9.834035554801326e-05,0.00020686818321525837
1.0402624079995242e-05,-0.00038872295470506694
4.972144475742077e-05,-0.000204484247134834
-5.549446036220717e-05,-0.00022204058935002788
-1.9429130064233018e-05,-0.00016535436400913467
2.5032196699799515e-05,-0.000628644348672405
-4.18908144257654e-05,-0.0005085941999978277
0.00015956386543191072,7.686184993076664e-05
0.00012227873968061114,-0.000559548989943142
0.00020068851573517524,-0.0001898994164816855
2.8732047065010928e-05,-0.00023775021409711905
-5.309725934115201e-05,-0.001221193281601737
0.00010112120934480588,-0.00020051465926811124
0.00015405440068828988,0.0002653463638525942
6.314340854471305e-05,-0.0006085378168754861
4.4698380805797646e-05,-0.0004081519267880681
-7.541394530288228e-08,-0.000730891836796792
-1.1083095011025118e-05,-0.0005424726929155053
-8.064731288260778e-06,-0.00034152839960286513
5.037982706486199e-05,-0.00019292419126100071
6.638422826368425e-05,-3.7017859264554584e-05
7.036524683224482e-05,-0.00018387534166560123
-2.72791942939639e-08,-0.0002767239477945778
4.1417279252844996e-05,-0.0005782235119289206
-8.476778718456747e-05,-0.0006239172479963191
9.748348154628976e-05,-1.1378975382908012e-05
8.156957560716191e-05,-0.00014636603027202218
6.546855263792414e-05,-0.0010270000677234125
3.1054776322434266e-05,-0.0004511231582626265
6.918512102984477e-05,-0.00039148933419469684
-2.4588539533869e-05,-0.0006586413800093406
3.2865487232701794e-05,0.00010393080816804026
-5.8304446447557243e-05,-0.001134448264239896
-0.00010138162867338462,-4.046407297721356e-06
3.6700357709844056e-05,-3.9397673736062006e-05
-8.547948540293192e-05,-0.0011785462513126126
4.549333104812424e-06,8.281677922789133e-05
6.961811902078536e-05,0.00012977695990039716
-4.6497131313455334e-05,-0.00014078219442164458
0.00010220767278299172,-0.00029040512713795694
9.750396139618237e-05,-0.0003443271917434119
0.00015882554962395228,0.00019354333782208363
8.62785676492548e-05,-0.0009073810678397872
-0.00016420184022263774,-0.0013842769128366078
-4.715051678479395e-05,-0.0007354862843759081
0.00019014530894023544,-0.0003540468217535729
-6.925515691953352e-06,-0.00048652543582689575
0.00014819800870058706,0.0006125743636377044
3.4131699355793074e-05,-0.0008656909697517174
-1.6226530782239494e-05,-0.0008888199911997419
-5.3823293951685085e-05,-0.0004950160527518127
-3.717493210681429e-05,-0.0010231476098411956
2.725223119309176e-05,-0.000387419994182854
1.7451906888164262e-05,-0.0012247422920589738
0.0002385366015005952,0.0004942849294473805
9.398158898757825e-05,-0.0002982842357715022
3.301726474874944e-05,-0.0005582173904263047
0.00018310556232062082,0.00018794480374359447
2.5736750395118275e-05,-0.0007973826814258043
6.99990809574338e-05,-0.000660016703229735
-1.9082007693198093e-05,-0.0008111764611653963
0.0001591071725476944,0.0004250599996530944
-4.73388541222427e-05,-0.0005669928806796571
1.9930500800221802e-05,-1.3388167760677096e-05
0.00016704683762297208,0.0003825094594570353
3.4150426339177005e-05,-0.0009414863435038288
9.534423573925128e-07,0.0003339973981646995
4.749458199423188e-05,-5.4283625575575494e-05
2.888543477991417e-05,-0.0005972370298236357
3.393397277725389e-05,0.00013045596694780505
0.00011440073166121037,0.0002498677343186187
-1.2256589045651326e-05,-4.0441451457082575e-05
0.00013192199209198903,-0.0013017906925027773
6.0194430159264626e-05,-3.6966623744222964e-05
3.4890909070699725e-05,-0.00038853954839870934
0.00013770150758728492,0.0002507217180317767
0.00014781597180870077,0.00047015660519352697
-1.2146895562577833e-05,-0.0001544367200621587
-5.78592986981083e-05,-0.00013632022781551116
6.027259466074108e-05,-0.000544846192089299
5.079095936523631e-05,-0.001057003353140867
1.5380817373339807e-06,-0.0005630605511296793
-4.61669276697431e-05,-0.0003627025523442559
5.142656872859675e-05,0.00017290025133016293
0.00011443792701082551,4.691961919984095e-06
0.00015445702933397109,4.270478273760378e-05
9.4642714329034e-05,0.00011006316889351956
6.506026796773324e-05,0.00023625367747976835
0.00013091421808040816,-0.00023218380716229797
-0.00012111680371621118,-0.00034002635333450824
0.00015254480588717246,-0.0008447774502396816
6.868585651725382e-05,7.230836544294014e-05
-4.537956551246353e-05,-0.001399843104224629
5.988080028779898e-05,-0.0005155281378836191
3.383276432972714e-05,9.358905382013082e-05
-9.835841368576072e-05,-0.0007951776854321669
0.0001423048187777697,0.0005136746388163997
8.736061803198673e-06,-0.0004217830887560597
1.5068559607529937e-05,-0.0003519808896331028
0.00013445834441877554,-0.0009535522581958023
5.087416128368667e-05,-0.0004986198952518585
7.631463973637324e-05,-0.0006941420107861676
2.6975167836307425e-05,-0.0008525166990622538
5.716954224194276e-05,-0.0004348333492923552
0.00010561488261746743,0.000151577920028933
0.00012064164435729255,-3.122091102746805e-05
0.00010183883357373698,-0.0001851032522181505
7.447228936180683e-05,-0.00025722351036180154
0.00018293850577435794,-0.0001709743460458154
5.9269445339429374e-05,-0.0004581681730808445
-3.756510979876078e-05,-0.0006749707310773358
2.2394421698515614e-05,-0.0008120413423010453
9.728878781016406e-05,-0.0001914929586305791
1.2377049627753587e-05,0.0003610072124593379
3.192090298032233e-05,-0.00038652900215405546
0.0001236089243158171,3.106493620274827e-05
3.809788194750939e-05,-0.00021102859113899156
6.788572379701411e-05,-0.000505045139778594
3.7187170023053276e-05,-0.001137622316882416
3.200663731451123e-05,-0.0002687958854005991
6.537494784268307e-06,-0.001173052266456391
-8.712423614167501e-06,-0.00045991290565741526
3.0208943422967968e-05,-0.00032700517831285353
-5.454918030804018e-05,-0.0011089094964979308
4.5020407426407796e-05,-0.0008408862552588194
-4.7702514110219265e-05,-0.0007288254575252601
-2.1203284190856984e-05,-0.0009146079493485486
6.903933833063501e-05,-0.0007070012234694182
0.00020071885550570026,0.00023066290883399243
-7.916071687164624e-06,-0.0006294178123780871
8.547486499316863e-05,-0.0006339580964994369
-3.3806040086342985e-06,-0.00018330841604236413
-5.855742829245078e-05,-0.0006691534295063916
9.572407879470438e-05,-4.0068572847485915e-05
0.0002200741756783547,-0.00034953558670449206
0.00012333110549427853,-0.0005687783802394457
4.315068216463716e-05,-0.0002982812347990066
2.5110996237602838e-05,0.0001486730547946264
0.00020594579389968606,-0.00021609916880325456
-3.57795925119396e-05,-0.0003004691286109973
7.272932705885857e-05,-0.0006330683256737852
1.630488703714915e-05,-0.00018162662844320898
-9.995833594787356e-06,-0.0006871296326498909
8.798698335712039e-05,-6.430785076979637e-05
3.236521588144994e-05,-0.0006612614820955541
0.00016185802394409591,-0.00017059397939732046
-3.631698769790932e-05,-0.0003823894112021439
0.00013625014930842403,-0.00011881275317510503
7.922459288455251e-05,0.00019809014469967425
0.000106996764997586,0.00060632305908514
5.5001937927531103e-05,3.3805588056325076e-05
3.24128990181137e-05,-0.00047399497005331853
-2.375545574097857e-05,-0.001249864892388043
2.4393772857570363e-05,-0.0008778264911475017
6.217052449208514e-05,-0.00016347366723727956
4.278585303097335e-05,-0.00029250990088976897
7.409735117240183e-05,-0.0002702697613203025
9.9521881942493e-05,0.00012157752897140175
7.701198584447597e-05,-0.0002306337633028439
-4.256518849521718e-05,-0.00013671482043730196
0.00011483963682882114,-0.0004087383796270322
-4.4469115713225674e-05,-0.0008107851020737321
0.0001325620596598989,0.0001638552367304037
-1.1430974402413673e-06,-0.0006117275854529585
9.173217835599848e-05,-0.001016341589622864
1.401712466392595e-05,2.8935231959558393e-06
4.265510698949748e-05,-0.0002033164539082956
-8.426701021895311e-05,-0.0005805331302020875
-0.00011092664171432395,-0.0006627491038102781
0.0001705539587552516,-0.000573566209166993
-3.1116695131574296e-05,-0.0006406488942174635
-2.4312883058684166e-05,-0.0006261492941859084
-6.020733376009248e-05,-0.0004163060528919038
-4.4435798920521594e-05,-0.0004903582003678744
2.3239197421650817e-05,0.0002710903644217675
-2.673480808188387e-05,-0.0005998799856638572
-5.804008212261511e-05,-0.0006549783888343827
4.588325879053724e-05,-0.0006611139735014774
6.0350911320129904e-05,-1.9967163446847196e-05
0.00012760838494726498,-0.0003423346263134617
0.00012903233016603395,-0.00022948538208762307
-4.2075003779642296e-05,-0.0006902087111468561
8.232882323483902e-05,-0.00044718144101329267
2.9916704720143545e-05,-0.0007721216658338411
-1.3680471054450076e-05,-0.0005199660651400945
0.000128991901455161,-0.00012529496335240506
9.932575519943545e-05,7.469709509756176e-05
0.00014612135085166215,-0.00037216764695927816
-2.366895831273615e-05,-0.00044426090514934115
3.9174760728674174e-06,-0.0011385255386906243
-2.3046574542741788e-05,-0.0011539628223436143
5.607637273933184e-05,-0.0007177246593857528
4.385951820189596e-05,-0.0005837023326281128
5.333558497302975e-05,-0.00011513027659072034
9.362227234133288e-05,-0.00036131035755864404
5.026410203333811e-05,-0.00047020567190423317
4.093623370620469e-05,-0.0007741492476705599
2.1055848534330305e-05,0.00010382346598385479
1.0262415672920297e-05,-0.000684433206450582
5.104422580681249e-05,-0.000183729480544678
6.0664859896717295e-05,-0.00045288652009067897
-5.894979950349946e-06,-0.0009998673091331466
7.244699482927841e-05,-8.877732535959672e-05
5.7444726189506194e-05,-0.00034567701937538364
4.758559088703353e-05,-0.00012540476547131423
-0.00011343304501839943,-0.0015240570085075958
6.736770813429055e-05,-0.0006068707235654202
5.707344882832074e-05,-0.0003788294484733991
0.00014828440303214937,-6.731771777172477e-05
-2.3799401019057175e-06,-0.0007550951152789666
3.506726678686621e-05,-0.0007862678015466871
9.761087215715819e-05,-0.0006333701057463669
1.446681021877733e-05,-5.162376962954707e-05
1.737578869424712e-05,0.00018046267095652937
0.00011788402216969087,-1.2436339482907959e-05
7.838888811039144e-05,0.0003512472048362921
0.00013499967855481006,-0.0005388736291778429
-5.249474251540947e-05,-0.0004633408888141793
-0.0001236247690062113,-0.0002094381968519029
1.681079098119101e-05,-0.00041639904009857146
-6.681536348327751e-05,-0.0018443393597781937
2.4402086643912098e-05,-0.0009132784527142887
-4.7093208785654324e-05,-0.0006530173407824987
0.00010925076105430925,-8.640807578052858e-05
-4.5598433751930254e-05,-0.0005340063437200028
5.888359010831258e-05,-8.537908807401885e-05
9.903172279348359e-05,0.00010154484297887341
-4.7889484694507175e-05,-0.000325038497534373
9.843588737949157e-05,0.00010404100174214948
0.0001413951021341402,-0.00022111525600074076
0.00013625726536944938,6.93517512288518e-05
3.43325984274025e-05,0.00038718246878608994
7.330005734489624e-05,0.0004404527331265063
0.00010351872896958867,-0.0005607431347512161
-1.1162438179511392e-05,-0.0004610007734685256
0.0001577391822267329,6.489921582100434e-05
-2.7591507130081947e-05,-0.001221989769720566
7.856545683166584e-05,-0.0004432874751052956
-2.8895376483966453e-05,-0.000615836893185675
5.3971307196943e-05,-0.0007082439601407817
-0.0002020153721214645,-0.0007837663683522148
-2.4687297686461516e-06,-0.00019193731962832412
0.00010003802278050458,-0.0003734339930966653
-8.788937452335646e-06,-0.0010991860454724247
8.248313898208282e-05,-0.0003382629252267452
-5.0500635106089445e-05,-0.0002299996880738878
0.00012320737609787158,0.00023789245162003677
2.749812637201958e-05,-0.00013342604065312344
-3.671606348058562e-05,-0.0006809778205381044
3.122431379743241e-05,0.00031807736414407475
4.533822225586407e-05,0.00013154240200101403
2.447528290844256e-05,-0.001801425365694909
-3.5099379580501387e-05,-0.0010256311688827682
5.271689615034188e-05,-0.0006205138207717736
0.00011086010660292684,0.0001755933591819867
4.721719495772597e-06,-0.0006530039352791072
3.388778234496894e-06,-0.0002824216695969501
6.691606180576513e-06,-0.0007982221862386884
0.00015438524719713363,0.0003847960432157093
6.921458493279307e-05,-0.0005888919726817193
1.4605282094423125e-05,-0.0011628104641778823
7.117385004291665e-06,-0.0001840587633521151
7.292201200607024e-05,-0.00035388069536151587
2.4918959189074597e-05,-0.0008780491538007402
6.857827004209393e-05,-2.7706524592028924e-05
-1.6783024761162364e-05,-1.6586581348440314e-05
5.521497620027921e-05,-0.0002899356673744037
8.379303771482362e-05,-0.0002934411722180573
3.452510651546344e-05,-0.00044053676374269604
-4.4035814980141716e-05,-0.0007289914316284449
7.660871101448767e-05,-0.0003323749968909075
5.490693211572287e-05,-0.0012044423612871508
4.413901357304363e-05,-0.00012378079597632967
-0.00013326019620301887,-0.001286592557446083
-7.687813135556925e-05,-0.0003866835358492336
-0.00013557187684970997,-0.0004289310572438237
1.1161405695331574e-05,-0.0003593264092468999
4.653614846588809e-05,-0.0006779867473551175
-3.430959875263623e-06,-0.00032322074407460254
0.00011089800501474394,3.0032005271711114e-05
8.040977180476494e-05,-0.0005112102758239622
0.00016937335547525243,0.000887785359944884
0.00011411180942382196,-0.0005947222589929777
-5.201205995931392e-07,-0.0004644456450904889
0.00010479416003328316,7.038673579492003e-05
-5.339249463918864e-05,-0.0006541928630126423
9.396013431636042e-05,-0.00025284681337384455
0.00013138576517482826,0.00029069087874165813
-6.697142358482025e-06,-0.00032060784880738504
-3.829607144485074e-05,-0.00031263802456220444
9.871459783585885e-05,-0.0003210429220306759
9.556991216576948e-05,-0.00024485928038856853
6.209556063017834e-05,0.0002485650323096055
9.939736123818209e-05,-0.00039687021692482827
-0.00010857071436498706,-0.0008029712477813148
0.00014640298508058016,-0.0003583044873623919
0.00010218565592621888,-2.3026047764272673e-05
5.935000943346698e-05,-0.0001703991381765243
3.115326682441466e-05,-0.0003243269801423095
0.00017314235986592375,-9.84231992520498e-05
-2.085354529278869e-05,-4.610483659654763e-05
2.8348250417214912e-05,-0.00037649836467128315
-6.730179248686563e-05,-0.0006718549900136532
-3.686754729723448e-05,-0.00038614302245407607
-1.7749810310912535e-05,-0.001155704504426484
4.431325368912557e-05,-0.0005695355668343206
5.467209562149666e-05,-0.0003412551896060216
-4.373856310989875e-05,-0.0013305354012746171
0.00022521071654385338,0.00017794073872318665
-4.0474828808339456e-05,-0.0009072089398184059
3.885746259713819e-05,-0.0003444397747411855
0.00019963808470534563,-0.00025877629296098295
0.00011106951523527701,0.0006493455073299452
5.274225783898415e-05,-8.194337161612891e-05
0.00012191504756628795,0.0002706970727484881
7.382007594557353e-05,0.00038910556383052653
0.00015009553274365655,-0.00013442110149350494
2.0243840478899317e-05,-0.0006208944579797882
-2.2612221774533775e-05,-0.0006473281819328869
-7.681094819946086e-05,-0.0006291468074118925
-5.7520541145059716e-05,-6.96292904114303e-05
0.0001552040745355131,-0.0008090515432041233
0.0001579370074062864,-0.0007373589308627547
0.00010820283488990727,-6.99609180971127e-05
0.00010012967183931457,2.7882257745557226e-06
3.425341652588427e-05,0.00012411647548512945
1.5348005135436377e-05,6.566188122111358e-06
-7.160848130812771e-05,-0.0012240268722046638
0.00022602778670737303,-0.00043442282948523355
1.150634861216589e-05,-0.0006209769295755546
-2.247025436257421e-05,-0.00029784072184494055
-8.089120171995981e-05,-0.00038372173598371555
2.363368244298451e-05,-0.000607919821138874
-9.90264128364097e-05,-9.994493130355763e-05
4.8156720163610106e-05,0.0001411205986437248
-0.00010197130392081643,-0.0006618800405557923
5.6785408401483915e-05,-0.000648650233900608
8.784519946118364e-05,-0.00022874171093790623
-0.00014673974238196241,-0.0017398697137880872
7.327100812705236e-05,9.249981568050457e-05
7.221635103263292e-06,-0.00036825320062185347
-4.371483455099242e-05,-0.0004859039166323543
3.135900640184082e-05,-0.0005833773599592917
0.00011749442519962757,0.0005572119537811907
2.703853105859587e-06,-0.0001687366786738423
0.00013408520454882155,0.0003786081351520182
3.0641453948067674e-05,-0.000846777472258595
-8.491629776830658e-06,-0.0005778709197554054
-7.137923057529984e-06,-0.001025946239196921
0.00014443444736617623,-0.0006334602644553367
-8.450849552978987e-05,-0.0007564036886524603
9.643198555551503e-05,4.4057439877682336e-05
0.00014179296073080778,-8.021133426096253e-05
4.13280579092188e-05,-0.00037544261183619556
1.871111774102364e-05,-0.0002813334927920934
-1.1201963078318636e-06,-0.00044357111608801103
-2.8750506499117083e-05,-0.00046296089854693824
-5.9802006708028306e-06,-0.000604787441830271
1.6179552130250315e-05,-0.000796303417859297
-0.00012685315074314658,-0.00067912263903497
2.4987909283674746e-05,-0.0001715331915100009
-7.759028882675745e-05,-0.000786789839887065
0.0001994577393304703,-0.00023714125797796078
-0.00019398440789029095,-0.0004255962542919947
8.288446766980108e-05,-0.0003294875811665778
9.029184917775901e-05,-0.00014662479092623557
6.315441677982289e-05,-0.00012962959977755296
1.1798309206519124e-05,-0.00040616280307680856
1.8845122094747483e-05,-6.080153242817498e-05
7.978397485981672e-05,-0.0007229425870701156
6.1286409218166e-05,-0.0004590290648289644
5.8032247049627245e-06,-0.00016623443092548398
0.00011935613155008052,-0.00037197189446399226
3.995591775876359e-05,-0.0007111808530351987
0.00013207418406991397,-0.0006849161283787871
-2.8420977403128433e-05,-0.0003947821553153296
1.6227698998205352e-05,-0.0002787903915929132
5.8618121696013754e-05,-3.641815173860984e-05
6.588389722920053e-05,7.231139400781729e-05
6.64958429977793e-05,-0.0008469580521067709
-7.316861171573991e-05,-0.000671998063179962
8.215061038069205e-05,-0.00013478244412368513
1.784147871899788e-05,-0.00012444678414664205
0.00010982907065760624,-0.00033743513116100716
-5.112235988478795e-05,-0.00120115065567325
0.00013861684574034217,-9.61379009012652e-06
0.00016070573319515793,0.000202358566277844
0.00010815460053715048,0.00030884259143363
5.391263932862103e-05,-0.0001575425251392695
0.0001292640061631803,0.0005302213104390783
0.00013799142503557213,-0.00013492362986839253
8.9057448841759e-05,-0.0003711473049852921
5.122818088644583e-05,-0.00021676135771084623
4.439429503796843e-05,-0.0004580178403592078
5.021921246218828e-05,-0.0002019728962944638
-5.522847911113482e-05,-0.00044310818318858984
0.0001903744576638629,-0.0007707509799356491
-5.8310441357355315e-05,8.814161609140236e-05
8.509925315006197e-05,-0.0007916079072609362
8.869842653532397e-05,0.0002602953650574013
2.5403860056754738e-05,0.00026843839170726
-0.00012204373386680582,-0.0012697201187109686
-5.073238367969113e-05,-0.0006195274427520423
6.713285703352156e-05,-0.00039410432857473783
-6.704017668476665e-05,-0.0005780071048579012
0.00010396047241162157,-0.00011103717682877019
-2.6196870873560147e-06,-0.0003411051837904816
4.453330631744808e-05,0.0001091289227245347
4.466711252860606e-05,-7.15478733174439e-06
-0.00010989411354010663,-0.0005773474654651989
-2.6207002540818604e-05,-0.00027344471528308685
4.1952829044130974e-05,-0.000298094914170319
4.986441586614459e-05,0.0005951306971111731
-7.0286273198926885e-06,-0.000871481464418531
3.474603729414795e-05,3.198648974449484e-05
6.780666723276866e-05,-0.0007276876305633909
0.00013298151528929727,-0.0002288255926773621
-6.221848125257439e-05,0.0002944493775511762
4.50330900463635e-05,-4.623240069464199e-05
9.608556002061907e-05,0.00022493135258802512
6.963733090613126e-05,0.0002821818901516877
1.927826821653694e-05,-6.577422449927306e-05
1.5521969613863405e-05,-0.0013625234042033956
-3.4741882786730054e-05,-0.0005612313728289582
-4.677724298110097e-05,-0.0004782657203968076
5.528489851361908e-05,-0.0003126458367260312
-2.316046677086346e-05,-0.000643297328575165
0.00011138050796850051,0.0003790734308107976
0.00011846324134963014,6.573935555462417e-05
0.0001410697206409766,0.0002681158240488113
-4.754710246887271e-05,-0.0007138521978285233
-5.25219662784329e-05,-0.0008884620042798497
4.153010485911845e-05,-0.00044704230155891047
-1.5578116083682426e-05,0.00016742831181222414
-0.0001231366924172262,-0.0016060028193367773
7.211717836764407e-05,-0.0005675507707542793
7.350232051587849e-05,9.037172033685026e-05
3.625117335756675e-05,-0.0003079437325113118
4.2146915668770095e-05,-0.000870415941125881
7.506910707371019e-05,-0.00018445338162077042
0.0001304627346111486,0.0001234354641054167
2.784839616477375e-05,0.0001456789992922564
0.0001517960407901922,-0.0004575942865871146
-3.261686369525159e-05,-0.0005802632544050581
0.00015545658055672736,-0.00019777868486004142
3.9016895798116925e-05,-0.0007538151022397032
5.627003864874122e-05,-0.0007789500432810945
5.4884192541214334e-05,-0.0014947390973940361
6.957830356174379e-05,-1.8522737281718705e-05
-4.5919419237861934e-05,-0.0004503058844323141
6.451830204870854e-05,-0.0007173762963049625
9.335611917991605e-05,-0.0002485370554029654
8.822477792518716e-05,-0.0007762297836720003
6.060246835332123e-05,-0.00022786385417919864
-3.0541570132035256e-05,-0.0007274320533964748
-7.293641201936603e-05,-0.000525999213408962
-4.64117635441623e-06,-0.0002024841664576261
9.197449173188317e-05,-0.0006689395574458011
-6.916901728444485e-05,-0.00032838370225793986
1.1590014265390223e-05,-0.00026497724694372757
3.8964038096148606e-05,-8.541322393846524e-05
3.918100781109097e-05,-0.00010917021165874577
8.40748592738574e-05,-2.2764379484811523e-05
0.00014740956649971084,-0.00020628181014901143
0.00010020713315630822,-0.0006350366053329001
-4.9329296691630954e-05,-0.0005651535983049991
4.0880089838122484e-05,-0.0003002897775592641
9.854120278723226e-05,0.0002862501027028726
9.237018910241348e-05,0.00029777988315693243
8.555994288857042e-05,-0.00017281966947637633
1.7319321875933663e-05,4.5211800798815576e-05
3.2077209398486463e-05,-0.00032159305301941396
7.507921131955049e-05,-0.0002327587786675442
8.687641730996032e-05,-0.0003988567615985994
-2.0414162114654178e-05,-0.0006744303924117239
0.00010041392023772027,-0.0004039505054953109
-7.607800081209392e-05,-0.0012469504325993326
0.00012466589174419876,0.0002057052553749256
4.124476808885527e-05,-0.00020509186254780206
1.1480627834899675e-05,-0.0009741438721489349
0.00014592988180651457,-0.00045510484132755874
1.3001940299220248e-05,-0.0006970876328463318
6.887738223853175e-05,4.3297775249088885e-05
0.00010648741953842646,-3.8894195167896476e-05
8.137224459468616e-05,-0.0005054973291264697
1.064151368028877e-05,-0.001101548432246044
2.7769109556108514e-05,0.00038285221566195773
6.041028919795936e-05,-0.0007528238608448874
8.258438749416195e-05,4.978467726324288e-05
7.878441170082134e-05,-0.00044711563091139224
0.00016531391133513287,-0.00015729106525073987
-2.2076664891098664e-05,-8.101075821465569e-05
1.5031628111651868e-06,-0.0006208303230550216
6.391939639603506e-05,-0.0002228089066481041
3.7265658111630936e-05,-0.00045904486694923227
-0.00016429989914500088,-0.0006797741000077009
0.00019116977902520124,0.00012843102636574079
5.552958830728203e-05,-0.00023344815665225825
0.0001076070731291111,0.0002112358555914772
1.9215941810906415e-05,-0.000327492513378076
9.729302228331631e-05,-0.0007529215480873118
5.211704335378458e-05,-0.00016748588070394108
7.77033356623641e-05,-0.0005553298647663975
-6.393557256735864e-06,0.00013769538250214003
5.7847169984978394e-05,-6.139010575255697e-05
5.7261885915555074e-05,-0.00044278995220732283
9.479575015292494e-05,-0.00023876073561892452
1.4647467515988526e-05,5.9837072473053115e-05
6.851088411816592e-05,0.0003472670334520104
-2.1732246068428167e-05,-0.0010694483386934934
6.749993450913537e-05,-0.0001405820709445309
-2.3269188477107535e-05,-0.00045350185012776986
0.00014799348251057245,-0.0007367939646457001
7.95445161860626e-05,0.00023236534758596945
5.8418200306347296e-05,-0.00040217887657346366
7.202764431721321e-05,-0.00010036562269011679
-5.4153817661437156e-05,-0.000532594829173676
4.817260840711611e-06,0.00017044670284723518
3.8211640154007796e-05,-0.0002844365273351869
6.600720645814245e-05,-0.0001664078971782068
0.00010963534263121514,-0.0003300604828248822
-7.50790895595607e-06,-0.000582466354616854
-2.1673973097636155e-05,-0.0013136765077511933
2.0592369389719762e-05,-0.0008023843255830027
7.049208580784088e-05,-0.0006873599803225893
7.40487098803537e-05,4.975887242777169e-05
0.0001004114779661695,-0.0006074790801487643
0.00012609840616380674,-0.00014884196703122455
0.00016916765281669452,0.00021976386806952142
-6.027504228255066e-05,-0.0006686891953594039
7.097408504472003e-05,-0.0003273521038676911
1.5889423126297668e-06,-0.0003542483167184492
3.071320526894903e-05,-0.0001342542760952171
4.470631815178052e-05,-0.0008064256870189477
0.0001604663090783634,0.00013254152693021736
-4.461115879753741e-05,-0.00046798272205630866
6.37962859774328e-05,-0.00046984762024073477
0.00010358224181217373,-0.00013145675589488231
5.447072074657471e-05,-0.0007849842908482755
5.900776812199201e-05,-0.00021432416349428162
5.101117685194382e-05,1.547276884000722e-05
0.00011174059010024472,-0.00042535671203180873
1.973977777550666e-05,-0.00024174775892228418
2.4436824424707167e-05,-0.0001365875299530683
3.3333928332826654e-05,-0.0010001150919470836
5.501157289173453e-05,-0.0004679952127262416
5.279359707089989e-05,5.869169727029116e-05
5.8941813952915394e-05,-9.182958039751307e-05
-2.7340026606583736e-05,-0.00018822406799107506
6.266800047814949e-05,-0.0005701535032620271
0.00014011197368252198,3.844225147280877e-05
4.0258257587316596e-06,-4.300135396906362e-05
-5.44796871760913e-05,-0.0007034564229784308
0.00010691271512288685,-0.00029806496403407166
-4.566929588275543e-05,-0.0006577465064995547
5.299661229160146e-05,0.00016487588239814702
1.260192769007867e-06,-0.00019247747146091562
4.260257482527875e-05,-0.0005480162828455297
-9.041062080318595e-05,-0.0006420284599259307
1.0566274415475932e-05,-0.0009007430181942233
6.40431618745294e-05,2.6693140745732516e-05
-4.542749215062018e-05,-0.0005034235682069812
5.6188458537758475e-05,-9.305417993069618e-05
-1.5395753770233782e-05,-0.0005076047792685863
0.0001282855077383267,0.0004715922075886927
6.401854001891877e-05,-0.00034842712423852843
0.00012558146808967956,-0.0007034701801753834
6.345120838831454e-05,-0.0002495710770457429
-7.44500069437199e-06,-0.0004464399029571888
7.016806933622294e-05,0.00044621625390463417
0.00010544643969016444,-0.0004006701847827047
0.00010620461420634918,0.00028487506314083476
0.00011520350280457947,-0.0005089452825660737
0.00016828907942848938,-0.00029476542605076325
-1.4067827632192258e-06,-0.0006610055701697046
9.975290724371813e-05,-5.4816220670017346e-05
-9.305123969758158e-05,-0.00032017693658825826
0.00010843116789433063,0.00028235038320005633
1.7082284583613643e-05,-0.00020641937262822505
0.0001265542494252685,-0.0005589592354998291
5.5106923269701086e-05,-5.111404236119181e-05
6.689803917040788e-05,-0.00022791756891627561
-1.8602144804790116e-05,-0.00029916623249216985
0.0001210209937614088,-0.00041861100923547913
0.0001408962803476543,-6.603484253302606e-05
0.00015922841290114668,-0.00040914461369077453
0.00012352498736335334,3.508264017581747e-05
6.628370338516431e-05,-0.0006359614461239447
1.7211573088386366e-06,-0.0001821477341963151
6.1016589488316504e-05,-0.0008204837245210927
-3.354395401658814e-05,-0.0011145162802495133
-5.175918488749368e-05,-0.0002798583874626484
4.489794427777887e-05,7.850585562849806e-05
0.00011116199407905077,-0.00018140364787881539
7.564784644609724e-05,-0.0004594026438056297
6.559320727120551e-05,-0.0006526965098506837
5.027018479587762e-05,-0.0006965138682258835
0.000184486584411167,0.0008784045314195895
0.00014727784515584203,-0.0008053117914901532
1.7486947313767593e-05,-0.0005812459161369375
7.188893546501173e-05,-0.0004301993215753871
0.00015011389698113076,0.0007699934393282055
0.00018128461691417868,0.00020035032582273147
8.914876308484953e-06,-0.0010275134147558294
-2.69411236621675e-05,-0.0002791527044080886
7.816486803686966e-05,-0.0007921499320812411
-3.822302715657876e-05,-0.0003507004604399555
9.842921569946526e-05,6.764252598363401e-06
-7.001110297204246e-05,-0.0008229566262551765
-3.6777181947995994e-05,-0.0003809411592378156
-3.3055173631574275e-05,-0.0010959517322551024
0.00016715093294485545,-0.00014836796000943718
0.00011763175860653184,0.00044011787096369127
0.0001063669007225863,-0.0005230006803733884
9.243143975776377e-05,0.00048209033849597676
3.48945900782086e-05,-0.00011671915526854107
0.00012644949746249196,-0.0010831969239403503
5.557939956066818e-05,-0.0011872389878795568
5.352632775040497e-05,-0.0007060931503527564
-3.429920637530986e-05,-0.0005688691324479153
0.0001563508494870141,-0.0002841232898994589
7.195903109424192e-05,-0.0001508289131380629
6.046130886283723e-05,0.0005068608646616245
-7.680069253818752e-06,0.0002978487275878495
0.0001738400166177506,-0.0001691291030004141
2.755473164816027e-05,0.00010547970433908875
6.423500340254392e-05,-0.0004966034720680639
0.00011002164978791873,-0.0004808328914210994
-2.6065032857163878e-06,-0.00028999968402150284
0.00010802809274762591,-8.865420654546031e-05
-1.6688275258970484e-05,-0.0001798869515288447
-1.2624625635961366e-05,-0.0006848198968859357
1.7927801173074897e-05,-0.0012304206132817842
-1.5182241061531527e-05,-0.0004488686259840917
7.350972086071664e-05,-0.0006286486685161832
9.369774500396608e-05,-0.0007039029141418824
3.921295483579973e-05,-0.0003942781337928013
5.3106690079106735e-05,-0.0006896858679635655
-2.5723333329961625e-07,-0.0005679463317180643
7.740559383081108e-05,-0.00033595628432107536
0.00011954893124143607,-0.00019841546613587663
7.549677127371561e-05,-0.00037629167159890817
-3.619076275877142e-05,-0.0003710910902872401
6.16702592973706e-05,-0.0002180136207171408
4.145598432752983e-05,0.00014499579309153608
0.00011802741246488794,-0.00017055969716107218
3.816118355404481e-05,1.676962807762008e-05
-3.5869358694007986e-05,-0.0008361448883575946
2.9376256898213895e-05,-5.049141952157373e-05
2.7581663125587094e-05,4.6318267048692485e-05
6.69904236160073e-05,6.460993749640543e-05
-3.235900664342971e-05,-0.0008077398373449775
8.24807906890472e-05,0.00021752894521458676
4.374505906778607e-05,-0.0004209730499072363
-3.39424961346012e-05,-0.0007632213727679751
9.281244029258655e-05,-0.00042929040429224956
4.679241607099632e-05,-4.8184765483109217e-05
4.427781416272198e-05,-0.0007498053554824391
-3.98329407753372e-06,-0.0011450283481591016
4.571221943320904e-05,-0.0006799466363779596
3.238651521572574e-05,-0.0006011017518257848
-1.9031742934744704e-05,-0.0003163691470469478
8.218795469247829e-05,-0.0006288896946687419
5.3263362492001485e-05,-0.00033186055613203713
0.00012609260836323507,-9.808600041475803e-05
6.702303708324247e-05,-9.305817483838782e-05
7.764272942228117e-05,-5.0633336111047185e-05
1.2045953943849637e-05,-0.0001574901577369801
0.00010002225755699731,-0.00016286241602221754
3.100345155767183e-05,-0.0008013842106696421
6.127357454771651e-06,-0.0008587300364279503
0.00013891104756604886,0.0002311032196525648
9.342990435528385e-05,-0.00023917448578238397
5.467769584360034e-05,-0.0001776687498336679
-4.5307788786612055e-06,-0.00014774240443366762
3.2911270866328875e-05,-0.0006001875525185753
4.545830512044464e-05,0.00015915888650626633
3.462810136490221e-05,-6.588218582076844e-05
-5.930303474830869e-06,-0.00037965082995739273
0.0001359946841416918,-0.00010585343600105158
-4.18205095234527e-06,-0.00023044823378416522
0.00021401198881374834,0.00033497366755347937
0.00013915583934027802,0.00017942486741398506
7.161547731444994e-05,-3.657832970688438e-05
-1.3020493281572091e-05,-6.132608882735593e-05
1.0549121640930723e-06,-0.0010161387237643698
1.2600689429010525e-05,0.00012417532105790487
-7.527684951497048e-05,-0.0009558917757325332
8.6791119214728e-05,-0.0003928096771684858
-8.348961464891948e-05,-0.000991896926377528
1.9694225614965517e-05,-0.0006796426947050408
-3.893420253549215e-05,-0.0008731505679320209
-3.1991919749114366e-05,-0.0006793590093055002
7.055683971438922e-05,-0.0005033675094573677
-1.624775725110871e-05,-0.00018532305926884568
-4.288760089436584e-05,-0.0007169811670751805
-2.948703624993507e-05,-0.0003260274859458901
6.741533514078373e-05,-1.1039020239011165e-05
6.233609762335023e-05,-0.0008168085018956293
8.478468252652035e-06,-0.0006659234708106092
9.460541282704863e-05,-0.000422561681650005
8.401466747919289e-05,-0.00014303354022538822
-9.067405755874082e-05,-0.0007240276652286854
9.408788673311e-05,-8.031785759108606e-05
7.990363489189147e-05,0.00010746036331483279
4.4181779408509564e-05,-0.001344562024927175
0.00013974401636905717,6.490645986920011e-05
9.001882875429459e-05,0.0005667573237795113
-4.975034364741932e-05,-0.0006988118226661265
-6.291302605425738e-05,-0.00038686906443194695
0.00012400667026212688,0.0002202803142453981
0.00018176524658508402,0.0004196648878186292
3.54030698530676e-06,-0.0007092329209810525
3.970058876129814e-05,0.00012496591508059156
0.0001246747967986443,-0.00039861850675912473
2.0380112473937598e-05,4.053592597851388e-06
0.00018115316292006525,0.00012712336836999448
2.617781389186092e-05,8.414245300090046e-06
2.3782280873870898e-05,-0.000722590094109339
-6.175964453004879e-05,-0.0009779048765430134
-8.82642957526082e-06,0.0006094915441992555
0.00011967163832951933,0.0005428659216625361
-2.2795278878432935e-05,-0.000160157215590234
0.00018012768487727482,-9.071809677335449e-05
8.348225454825895e-05,1.5745065802416053e-05
0.00016809244025642951,0.00019511229534806008
0.00010018372914255899,-0.0001562611919843974
-5.653205343106381e-05,-0.00040789410104303083
6.542267548451054e-05,-0.0004181414174163887
6.884138204004176e-05,-0.00015221390803951004
6.229174664728398e-05,-0.00031702720891792067
6.808274571992647e-05,-0.0010627763409608959
2.93898203305593e-05,-0.0001835804312320899
0.00011344892030225987,-9.09881148637834e-05
4.622481731050626e-05,-0.0004508761167388951
-2.643187512502951e-05,-0.001371295408464679
7.882714781776032e-05,-0.0007059074064467523
0.0001447133229863241,0.0003887308861146271
3.156775004020741e-05,-0.0005767165509596597
0.00010419757301068083,-0.0002523051580669803
0.00016606688211198755,0.00010843894989414691
3.1484540331345665e-05,7.413603708876233e-05
0.0002270921197980533,-0.0006976030473864426
4.1460835348556847e-05,-0.00035457547338292486
0.00011655923566784698,2.1084153676894578e-05
1.6472705812151252e-05,-0.000572635684052653
5.6386423501789666e-05,-0.0005865772723025358
1.784536698474766e-05,0.00035502058114134723
7.749027264645217e-05,-0.0005493463792020561
9.891543185289449e-05,0.00012268849072127313
1.1677816479287287e-05,-0.0003277988280877125
-4.1909548722991735e-05,8.212611770552278e-05
6.920630412423614e-05,-9.872945142478409e-05
-3.7751091010941254e-05,-0.00023920651813237533
-4.6926530734283376e-05,-0.0004963003543031675
9.025872589890356e-05,-0.0001661590569812707
6.189176825715918e-05,-0.0002706320248145698
3.193789939813407e-05,-0.0005694691200801253
9.671874569196009e-05,0.00023245959099429912
4.788958429795498e-06,-0.0006740027254185134
5.809008632596781e-05,-0.0003807332683807641
0.00013359199519329202,0.00011854793532027372
0.00010657934642820855,0.0003458413455707082
7.70688439107973e-05,-0.0006566584275382666
-1.7939383527773036e-06,-0.0004173959440598019
3.2061026377055003e-06,-0.0007682490942010915
4.810356850180558e-05,-0.0004606704856933003
8.807879530234994e-05,-0.00021607117838349986
4.4368447850234795e-05,-0.0007102587837983138
1.100631843354327e-05,-0.0015284429599190965
0.00013930769137236317,0.00016599011834690332
-1.4599190218190903e-05,-0.0009264421835490452
0.0001268947045830927,-0.00022839299623184488
-1.811695183019771e-05,-0.0008998717896671576
0.00014825293236675794,5.471689708088325e-05
0.000181099264863672,-0.0007331973197763741
0.00010885771225025226,0.0002758397101156049
0.00012557388215015945,-0.0006442767119054373
6.751831016553849e-05,-0.0005321090198470846
0.00011391239694326103,-0.0001537485857898916
-7.046098085774285e-06,-0.0004922296673331003
5.04566358116106e-05,-0.00012752043285945325
5.855298943386393e-05,-0.0007934440693888959
1.0247460348527593e-06,-3.162503165889818e-05
0.00011974177487322543,-0.0012125992524149648
-6.128121237041503e-05,-0.0008731383009631365
-5.3640629167506215e-05,-0.0005390229642660363
3.262619217454164e-05,-0.00014039543073929143
3.781933480573077e-05,-0.00011279163465966523
0.00011344569868296115,9.625043035613301e-05
-7.899540603990114e-05,-5.797014724359347e-05
3.0789233407887805e-05,-0.00037033028794436425
6.555515931752867e-05,-0.0004023922691436179
0.0001100522262738226,0.00021159157892492911
0.00012064713440027394,-0.00045733645814011604
-0.00011407575081915535,-0.00043121520553758477
9.192387414817346e-05,-0.00021115960153036926
1.731906322678786e-07,-0.0006764815475679871
-1.55676916777518e-05,-0.0013026506070981606
3.7010992519464564e-05,-0.0012031150765096376
8.809769480578095e-05,-0.00017157036955016346
-6.021932989578495e-05,-8.600918324684371e-05
4.5490835453375805e-05,-0.000757300620371578
0.00013105039836444447,-0.0002475123038035204
8.903209313505092e-05,-0.000293876472393633
0.00012886322600797465,-0.00018329148023500997
2.5269901031262207e-05,-0.0013456300474607638
1.8905486227686717e-05,-9.906706525782127e-05
6.605731091243173e-05,-0.0002605762246368239
0.00013344743794710466,0.0005001651205463238
-2.8549732786351076e-05,-0.001123896472653608
-0.00011118613348062167,-0.0010866531571490172
-1.9657874606043315e-06,-0.0010698059172937358
-9.49757780970955e-06,-0.00022168922272241577
0.00010948758632717894,0.00017901525937421447
1.6321010626508674e-05,-0.0005954431057102282
2.6358234945620068e-05,-0.0003252602169147927
1.3478971882367426e-05,-0.00013014567545924314
-3.669550185716024e-05,-6.0160334953101e-05
5.756938194851195e-05,-0.00027191085442398625
4.1500285809512456e-05,-0.0009545071887820559
0.00017771887166418104,-0.0005923580025155327
2.7664244092040605e-05,-0.0008125991072053535
0.0001064825080008865,-0.0007535122662098575
5.427099423950952e-06,0.00040218184084181126
5.789564411277863e-05,-0.0005501597027368332
0.00010994922106765249,3.229461440576884e-05
-1.167598908687192e-05,-0.000865971728691639
9.036519166610574e-05,0.00024958270007210904
3.4225315411344942e-06,-0.0004862455812199385
0.00013113431107832945,-0.0002247335351740295
7.031560880410435e-05,-0.0005594573724166136
8.341113095260705e-05,-0.0005414969833206162
0.00013558090039979362,0.00023618815341355375
0.00015242830107311107,-0.0002102133391965505
0.00015290124505293226,0.0002725224468714863
5.8778830556732926e-05,-0.00082054176446548
0.0001410521598009153,-0.00015285027835698782
3.737303256803805e-06,-0.0012846494806368536
2.3685612980072193e-05,-0.0004215764130698581
9.646716173200668e-06,-0.00020683958497898415
6.525376221464956e-05,-0.0004290568521670413
5.737802373378343e-05,-0.001085053166756102
7.235680815763352e-06,0.0002823783940115507
3.561870602428859e-05,0.0005556251247372842
-3.991636918903858e-05,-0.0008985121677420793
7.160911095935437e-05,-0.00038541324735367924
6.356258329786143e-05,-0.0007715723235427108
4.278178986933539e-05,-0.00032911666599308074
8.188322801524613e-05,-0.0005228645050360178
5.432716506553151e-05,-0.0006112950704749501
-3.68622327751373e-05,-0.00012423163634578657
1.9985878669571055e-05,-0.000467947228555987
9.38902570093438e-05,-0.00039337043273240496
-9.974545017107028e-05,-0.0010902897695888015
8.494471125387558e-05,0.00018995731727115123
4.3674499327737865e-05,-0.0003541480988302456
0.00017082551002781693,0.00023644569245873727
3.086206785098754e-05,-0.0007916625151869386
-2.539472315100114e-06,-0.000470453851243315
-4.393684413725072e-05,-0.0004967841856142924
-6.18897117635612e-05,-0.0009308953156147047
-4.50440863787582e-05,-0.00035569172475587786
4.588371719247267e-05,4.815343052586699e-05
3.372272993294769e-05,-0.001044966149529009
6.320519595463223e-05,-0.0002668813998502125
5.6964437466244875e-05,-0.0007837860351472099
8.1940355860603e-05,-0.00039679784841858913
3.988466169610851e-05,6.136513079216569e-05
-0.00014685426911773827,-0.0007180585940251505
-4.096252723962066e-05,-0.0007660076518509626
7.635463097465057e-05,0.00012725016364821063
-1.0098715856173354e-05,-0.0007196978689283641
0.00019370582626119582,0.0003909783347648833
9.509875123223986e-05,0.0002893076162336683
4.5509037474391484e-05,-0.0003086335983599895
5.9920621232195876e-05,-0.00026745460673369885
1.0801611072729344e-05,-0.0007077312249522052
-2.553102754036602e-05,1.5260307851889122e-05
8.24621466183961e-05,9.406599763528652e-05
0.0001284244584140324,-0.00015918107532949898
0.00012071762396683427,0.0002033759473903707
7.818951639115867e-05,0.00019529468054533137
-3.72878822102857e-05,-0.0006826620749483893
3.7844593924368547e-06,-0.00040763585594535956
-0.00014021146272272898,-0.0007073538990148927
7.005118667320322e-05,-0.00031949120920385257
0.00011123423181328325,-0.00014787414969768794
6.33871581117974e-05,-0.0008770114430477203
-9.583323581031941e-05,-0.0006564143197662671
7.579761976243574e-05,9.934204370595705e-05
4.678735739659447e-05,-4.411856572054769e-05
1.6801383485862007e-05,-0.0003521844254069345
-0.00010015500805901165,-0.001417242989042977
9.980524879199781e-05,-0.00044312191962918616
7.61463626402146e-05,6.895404258473728e-05
-0.00010234763963830345,-0.0005065062460447686
9.086036438134371e-05,0.00044967035891173236
0.00011725799913822206,3.370257739371388e-05
0.00014230274183334673,2.9763904097709058e-05
6.734906054838142e-05,-0.00013733432867705614
-6.894318861806482e-05,-0.0008012624202932935
4.159094959399121e-06,-0.0010186513479958632
2.9119240731224726e-05,-0.00013521573344908228
7.05587218849956e-05,5.665409325423675e-06
8.480787304117641e-05,-0.00024264011445657873
8.082827865096921e-05,-0.00034702983767519006
0.00017279179291182972,3.158635660763557e-05
0.000145832542423155,0.00018707614970918057
0.00015624774531922762,5.263129997190252e-06
3.052544474670428e-05,-0.0002539946268580695
1.58700612500567e-05,-0.0009343824875528116
-2.1140513007775628e-05,-0.00026176885108496385
-1.4273656555994905e-05,-0.00040117502239043606
-4.5587682303255056e-05,-1.5219751126687776e-05
0.00010350347371187316,0.00020883284674072218
5.740481762759144e-05,9.204391450786509e-05
4.603749122469194e-05,-0.0002926650181467534
5.34226120828275e-05,0.00024012593488440895
8.096374601106044e-05,9.66559737476677e-06
0.00016608604094796179,-0.0002574820384275041
-1.4640839780426861e-05,-0.00038959552643366057
5.238185620274786e-05,-0.0006002897332100983
0.00023703979126597796,-3.3810194314965705e-05
6.875651499929476e-05,-0.0005517382240623936
-1.5972975915211574e-05,0.0007874706299212941
8.928405495320902e-05,-0.0004769587621397443
-0.00019324351723204995,-0.0012897049421131004
-1.0481023649321525e-05,-0.0006485420037353884
0.00010966453156496857,-0.0004811597338109573
-4.462379272756371e-05,-0.00031389774859916643
-1.5190181977239479e-05,-0.0007530795682927596
3.980296555566263e-06,-0.0008685252798482371
0.00010503236529069257,-0.00019070305981040662
2.5417118949609837e-05,-0.0006980008349138364
7.946250963511058e-05,0.0005558638568283478
0.0001606677360548033,-4.145157129627715e-05
0.00013278980234770772,4.055220696653075e-05
-1.8469766319164906e-05,-0.00042165500660966724
8.557635970554237e-05,9.767211236594233e-05
8.691978115070717e-05,-2.6408757911378116e-05
-3.970492560913236e-05,-0.0004598495466829284
5.021983761944139e-05,0.0005779602616864211
-1.4546742011478891e-06,-0.0006184706142315717
4.1502445639825345e-05,-0.00034695748546409954
-0.0001289753423031207,-0.0008732674741545086
-4.3419408158062225e-05,0.00013366277135017012
9.056136923893496e-05,-0.0006399853082096413
3.691073960907953e-05,-0.00017452327899830075
-3.589419010307073e-05,-0.0007252654577410633
3.72863916517668e-05,-0.00035259459455435374
2.5934642828217522e-05,-0.00030614361261480815
0.00010804676958883037,0.0009501927668208244
3.835465005464465e-06,-0.0002655396026142802
1.4828603224945487e-05,0.00043076453007584003
0.000161660701880152,-3.0160848488039292e-05
2.296288968162949e-05,-0.00012535298814740612
5.656609460565927e-05,-0.00041678568472463954
0.0001727942145502049,-6.0662946789131615e-05
3.341277786246133e-05,5.735413818168095e-05
-1.4736090247315591e-05,-0.00042299977032134796
-1.4666811953963576e-05,-0.0010407309408254765
-0.00014962066104178784,-0.0017335332786370579
0.00010586508919875037,-0.00032017593395133675
1.558601605298969e-05,0.00010141902250676763
0.00017602103756040425,-0.00021711512934821436
-7.197956234435235e-05,5.813907904033395e-05
5.096783003357498e-05,-0.0009479528969124464
6.774684914170737e-05,-0.00018216919431873247
2.110612569011905e-05,-0.0012123295520887504
7.773635675021158e-05,-0.0007163031309097587
-0.00015307702160020887,-0.0013350961018728238
3.691922643909502e-05,-9.264933785796018e-05
2.944824354235613e-05,-0.000738626320596156
3.4553072577567104e-05,-0.0011600326294043382
4.321815986601995e-05,-0.00011076217263742777
-2.22206527606395e-05,-0.0007755515481709694
1.495067015719952e-05,2.5122644274570537e-05
-1.380110732865944e-05,-0.00036427373430819685
5.435677807988224e-05,-0.0005161139236067599
3.961697562720433e-05,-9.416777446687587e-05
0.00013795656517535292,0.00027459374302492696
0.00011216962643690432,2.044321370807319e-05
3.968646090860207e-05,0.00039329955636866306
2.9283008822557116e-06,-4.680034117334401e-05
5.412201813056536e-05,-0.00037790484950865833
0.0001684355868476392,1.745057669985759e-05
4.213648954991804e-05,-5.318603491369752e-05
9.114552802133127e-05,-7.994830683671553e-05
4.595288209974376e-05,-0.00035193768569210995
3.912993285376767e-05,-0.00010586192343419277
0.00012251209716199278,-0.00044037724605653684
-2.9619915557887007e-05,0.0002896489418241168
-2.549731733075071e-05,-0.00038584467453831495
5.187175089763592e-05,-0.0005428000020280595
-2.8347341078500233e-05,-0.00040493267531007993
2.19410160417851e-05,-0.0007408854279763058
1.6382377108337497e-05,0.000293526439428286
9.854751754296925e-05,-0.0005335009929702652
5.351640772691653e-05,-0.0004718371073504073
1.9279494865149214e-05,-0.0008803942852850121
3.4885084676917634e-05,-0.0003646782927402749
-4.159776170716993e-05,-0.00026338055397237043
8.631107890408809e-05,-0.0016078458820365541
-0.00011045097794102384,-0.0011904608569365174
-2.829666536496633e-05,-0.0008148889767744965
-1.8862290197808217e-05,-0.0005520173088541488
-2.7760516460393296e-05,-0.0005599251275498365
0.00011302543600420721,-0.0002630580437291008
0.0001643095271272273,-0.0003410528908088899
2.5001139732822006e-05,-0.00025401972632161653
9.221186988814231e-05,-0.0006057282096947001
0.0001758524717514956,0.0007296194233853247
2.2471441000795488e-05,-0.00036381512636895336
4.8112067902118955e-05,6.854508931022755e-05
0.00014129917419689796,0.00010630432433705144
7.646402697515217e-05,0.00010873214153316515
2.4408359829303412e-05,-0.0008691741931996557
3.478726588651581e-05,-0.000684380338697319
9.3100327448604e-05,-2.5093675043071542e-05
6.278527429159652e-05,0.0004252769344446376
3.086494716045881e-05,-8.745965402276005e-05
1.3022759573025908e-05,-0.000535872693312184
6.159836885841391e-05,-0.00021658786303928193
4.894684861900066e-05,-0.0007541887954757742
0.00014727278364468896,0.00038464661009073796
2.5240768441606376e-06,-0.0001314881922766569
0.00019211654085286913,5.883583823536605e-05
6.56394574465513e-05,-0.00035342093771035773
0.00016155202905749578,-0.000338820709750457
0.0001021986938226228,7.142131485591197e-05
0.00019204756501523993,-7.879557169778451e-05
7.608933269370789e-05,-0.0006857553026490031
3.536660402483643e-05,-0.0006697207530022868
5.086606981226922e-05,-0.00045340663380919144
7.916129085840402e-06,-0.0001699599071455194
-3.859661769985723e-05,-0.0009808230738189447
2.9921766175344794e-05,-0.00033148695731127304
7.460856941970701e-05,-0.0002863721013977998
3.872802199781343e-05,-0.0002357634641908347
7.577989641546285e-05,-0.00010935828862381584
-2.647424201569125e-06,-0.0011384007421741647
5.695983135857394e-05,-3.8788723905340046e-06
-4.8540025230815314e-05,-0.0008226506218570112
7.556825017987118e-05,-0.0003830182190332835
2.3229972402326457e-05,-0.00037588037209328347
-5.896618121598233e-05,-0.0006198578447984404
9.735444800941576e-05,-0.0003610375613808406
6.741657047642232e-05,-5.084975041085513e-05
1.7974684814437878e-05,3.987962582612675e-05
8.10765586441435e-05,-0.0006510013219830446
0.00015019855126390382,-0.00010089998261304365
1.079336091565499e-05,-0.0001159030030713864
4.8789711172868286e-05,-0.0001383040894196078
-6.333695749550654e-05,-7.467798643453828e-05
6.480258638311231e-05,0.0005459702185510086
8.960859486474026e-05,-8.738642960894249e-05
9.118197576255606e-05,-0.0003759263749884005
0.00017321618202811019,-2.600972289497011e-05
0.0001420558206721832,-0.00023648288832527157
1.1626084053004831e-05,-0.00010616022082573918
0.0001191664318188944,-0.0004173572678888351
2.6838158019700165e-05,-0.0005411129566036945
1.6904831043409692e-05,-0.0005154602787863518
2.9202957509689086e-05,-6.142832281604907e-05
-4.403146317648332e-05,-0.001629313524559796
-1.7581480925725804e-06,-0.00036368528840470445
3.131763885192741e-05,-0.0001775662629625998
0.00012221224664844878,-3.862995226826714e-05
7.228647470917124e-06,-0.0015861065762662184
8.840203939751791e-05,5.709705035154761e-05
-4.113292011404673e-06,-0.0006674783549036011
0.00020067166291948515,0.0001669188187994661
-2.8681520706111765e-05,-0.0006072752674879968
0.00016853332191088776,-0.00023449032001371362
-4.158952823283426e-05,-0.0010601077105271718
9.531068851237887e-05,-0.0007148627787084165
-6.24317436467107e-05,-0.0008112348058099828
-0.00015753276685600016,-0.0008135556404548709
0.00013618649820312933,-0.00037594882433174986
8.12359615378776e-05,-0.00021010614718867243
-2.8132767727814313e-05,-0.0004587645232137278
-7.875782287438193e-05,-0.0008417973610836316
-6.836412696230651e-05,-0.00037300733493562347
0.00012082068552404516,0.00022174307537233955
1.1087463937890421e-05,-0.0004914163315183508
5.472287330970463e-05,0.00022669627134752168
0.00010219620408352504,-0.0008730241930174385
0.00014511035262322855,-6.629899306524322e-05
4.899652662990287e-05,-0.00022995449880718565
3.533852389866159e-05,-0.0002638365709460078
5.344410746282324e-05,-0.0006959434542146506
0.00011924002419360894,-0.00022814472937718235
9.266890460747502e-05,-0.0002636170837636179
0.00011441062266058342,-0.0006923911368065902
3.89867114404393e-05,-0.0003842364626690098
4.601807357604694e-05,-0.0008529470641473905
0.00011303633476986133,7.130288044363757e-05
-1.6557085672658256e-06,-0.0007531267112115524
-2.5111053578555137e-06,0.00011420125230994491
6.568306289335936e-05,-0.0005099010184455904
0.000100083713587879,-0.001006309958924231
8.773066275064592e-05,-0.00012185753924118377
0.00010376769019386427,-0.0006500254282940902
1.8874929410231714e-05,-0.0003709849842047317
-3.063114054075908e-05,-0.0005373126155673793
-6.840445330770156e-05,-0.0003009319642709473
0.00017546686641612574,0.00035168878211336936
6.72888645690588e-06,-0.00028132918734731244
0.0001845424185605992,0.0002039363836151183
-0.00010208010550907289,-0.0005335417720567064
8.705271209150494e-05,-0.001123540606502978
-4.768991149583409e-05,-0.0005767401419624075
0.00010845296017003038,0.0005612114617500766
3.864762849576972e-05,-0.0002044258516962734
8.649752382349182e-05,-0.0003812146287146851
8.740775502397925e-05,5.331998059132512e-06
-0.00012273660433369154,-0.0012013846143388177
6.837575219121347e-07,-0.00043797388590800475
2.1673979419360793e-05,6.877939397717471e-05
6.003670522303686e-05,-0.0002115764164583269
0.00016542938319365197,-0.0003127958342704191
5.7898009247184704e-05,-0.0006197867297292484
8.472262053246656e-05,-6.549000615473216e-05
-5.009148148259006e-06,9.071426608560604e-05
4.9102570929663415e-05,-0.0005400547572527023
3.472096290679379e-05,-0.0007548280042068928
9.163110332280697e-05,-0.00012847367431239302
0.00013220855005639142,0.0003803942215744001
-2.0587004456406975e-05,-0.0009788765458844156
-4.6150605898717304e-05,-0.0006317015929539853
-7.222386407732589e-05,-0.0007976316501140356
0.0001622537775900323,0.0005856919349762421
0.00018072601921484662,0.00019709398954378588
7.037585616634747e-05,-3.5401147940227785e-05
-1.2828942863673197e-05,-0.000369517988242879
-6.267146071347042e-05,-0.0006636091917644718
5.81017538690966e-05,-0.00025150152607553324
8.995952933348275e-05,9.184670677604448e-05
2.325627751686521e-05,-0.00029258900278862307
9.577148512228357e-05,0.0002781311811066361
0.00011483666152732377,0.0008214786243287616
7.039370421706672e-05,-0.0007449521611039955
0.00010172298347113241,-0.0006377743402128482
7.38248958445581e-05,-0.0003192276805737699
6.751417567206337e-05,-0.00047340211115882286
8.1708861276497e-05,-0.00035507660117815144
0.0001482893782365448,-0.00017320040766810496
8.461019014216573e-05,-0.000273735833109649
4.096599892061608e-05,-0.00016861852239865622
1.5265385756923567e-06,-0.0007755822265136133
5.0590047012945635e-05,-5.935111803229349e-05
3.954533482601354e-05,5.098488704358217e-05
0.00011587009439989492,-0.0002239855304618244
-3.0348867454259494e-05,-0.0003924729138649076
2.816711522267117e-05,-0.00016035487162174806
0.00015891449011071936,-0.00038985923523772963
8.053542654672345e-05,0.00011803330697402886
0.00010037577584645017,-0.0006057826517483354
4.726890333022724e-05,-0.00027824730622298216
9.431648963650861e-05,3.9793708901395556e-05
4.1492167589659505e-05,-0.00048750812345760557
9.442610751466378e-06,-0.0006236266577407676
0.00019226176279236605,-0.0007313322566884904
8.850707548571283e-05,-0.000378746726190601
-9.856914437450385e-06,-0.0005338554294768223
0.0002165503154376887,-0.0010173493761355984
4.6409158639106485e-05,-0.0010369864546799048
-0.0001064642072174951,-0.0008127167201816572
3.139104942878211e-05,8.535693184853199e-05
0.0001169673126711592,0.0002773359763611758
5.5967978947104506e-05,-0.000757702725105446
7.718158286788097e-05,-0.00031944593548355836
7.705614419221585e-05,-0.000566973306777868
1.9781459430645538e-05,-0.0003157222491730138
0.00013059725341452034,-8.80397451499931e-05
1.6586526970768637e-06,-0.0010806722075161976
2.6870896498563582e-05,-0.001115052917067665
3.119647365236531e-05,-0.0006405179674399788
-6.49815153358173e-05,-0.0007486355086497062
-1.7276822082310336e-06,-8.720664608409264e-05
5.689897425287404e-05,-0.0002784664334575018
-0.0001092186126579997,-0.001195532897344632
8.97370368076977e-05,-0.0001247341798279009
1.5130286961750666e-05,0.000272600118172602
4.162854982152307e-05,-0.00018100398783378916
5.118344613347381e-06,-0.0007316801518278929
4.719768029152158e-05,0.00021935248997156316
1.8453965906894596e-05,-0.0005782446540670899
-6.03434416084316e-05,-0.0012786612730768603
1.2107386741227704e-05,0.0002638809950011498
1.5255642275654443e-05,-0.00033946826532551286
-1.2609869894411835e-05,7.002699588509422e-06
4.850637128676167e-05,-0.0003503510648702647
0.0001046403772124172,-0.0004179174745140829
-1.2622192949978046e-05,-0.0009061548507515709
3.79953547515326e-05,4.941241929912386e-05
1.8056685279368683e-05,-0.00024284973389654136
4.6459770105215136e-05,-0.00046346400191794916
5.239230872674947e-05,1.1732739662618822e-05
9.398776651098171e-05,-0.0006741981959684708
5.746894573004251e-05,-7.270980720514762e-05
8.803726241570663e-05,0.00010421535314917809
8.156288636830073e-05,-0.0005326333362475442
-3.4910530600019274e-05,-0.0006475638363443329
5.073171371162512e-05,-0.0004722001515628325
4.026331898290318e-05,-0.00025836684258684903
-1.8946694963245146e-06,-0.00039617992836200834
0.00013694295713962868,-8.209813451077335e-05
6.837022308196368e-05,-0.00015625580229914704
-4.732423232916292e-06,3.428061265029328e-05
-1.2892552559736869e-05,-0.0002924943433969891
-5.5077260390798904e-05,-0.0008145947346817233
-8.481180187380527e-05,-0.0009723034535951195
0.00014609006830296594,-0.00027744792738684484
5.851286260799527e-05,0.0003382890532761816
2.4892156925123874e-05,-0.0006842020772005752
1.2295184674670985e-05,0.0003758779600150408
0.00013061792493143895,0.000104629338867717
2.369300190466827e-05,-0.0007989263346842763
-0.00010933532932401539,-0.0005604999332229703
1.9710818053234324e-05,-0.0007067384396117422
5.214852972002128e-05,9.591679196004494e-05
-2.7728499044104763e-05,-0.0010364598034997181
0.0001580939464932524,-0.0010071951296294777
1.6175531601598733e-05,-0.0006395377083406337
-2.7555825735693244e-05,-0.0006790590332048896
-9.388812728166785e-05,-0.0008861029339351573
0.00010718593167473531,0.00014349390985792418
0.00010356447245934961,-0.0006990103573395124
4.594073636969681e-05,-0.0006461418042992574
4.279203274010961e-05,-0.00031396462999160534
0.0001741971493696673,0.0006907275871864063
8.609738891831e-05,-0.0001623531063464095
9.723990228716089e-05,0.000751370926170398
6.813749659961656e-05,-0.0004929165052052812
1.0275484162995793e-05,-2.1987539244542484e-05
4.0982524826020704e-05,-0.000868404362675203
-5.209082672202845e-05,-0.0007728097170419541
3.203565962689683e-05,0.00017512298468032582
4.0813395582211767e-05,0.00015434903573771484
4.5804459438978734e-05,-0.00016809968448906174
7.43345950570586e-05,-0.00031972991668983975
0.00013779392099262934,4.4571202097503314e-06
-1.4158544153407618e-05,-0.00033634221835390446
-1.2562204629702972e-05,-0.0009070925608267406
0.00011910097316627182,0.00013206705608588781
-2.4616824460077096e-05,-0.0011168453514286561
9.343599425115854e-05,0.00020057925096982908
0.0001397503592267623,-8.390956474408281e-05
-4.344870755572345e-05,-0.0006585353938982931
8.097491155603317e-05,-0.0002529096183619639
2.564836699484277e-05,-8.785633207354917e-05
6.604294938535198e-05,0.00034628623974350896
0.00010562615854829699,-0.0003358578126494695
6.034001638275478e-05,-7.65186847313231e-05
0.00014376714261540274,-0.0007727607068810606
-2.7312972719396118e-05,-0.00088633531693768
0.00019056880649027965,0.0003627079321357598
1.4132377670816827e-05,-0.0002802655403473628
-1.706723860543202e-05,-0.0008233098918415936
3.159591026061147e-05,-0.0007584272468075065
-2.217715054716714e-05,-0.0003748270010322225
-8.370729569130752e-05,-0.0005448381496057766
4.359161543194759e-06,-0.0008123835380365755
8.433624025780048e-05,0.00021562458580712008
-5.7763488835549766e-05,-0.00022532118584081315
-0.00012405963254128732,-0.000910325532308265
-7.632249869859276e-05,-0.000373207477603274
0.00011448081051610565,-2.732540856407095e-05
0.00014754443396081926,0.0001432843314474319
-4.115373471316329e-06,-0.00017485228353623054
3.126270012075576e-05,-7.604850041659115e-05
8.012455957765087e-05,-0.00024524557465886715
0.00011897106504785928,0.0001259989071210541
0.00014390703706345807,0.00019363878112317219
-5.594466133401657e-05,-0.0005861244696430687
-1.2932614134194566e-05,-0.00048768582844837714
0.0001346906479219734,-5.5245124515992505e-05
5.0246701811752016e-05,-0.00010726093094885299
5.51569178453389e-06,9.365292370539183e-05
-5.1041990520832254e-05,-0.000497228121778757
-4.321513189987992e-05,-0.0004535836271238951
7.556302156785018e-05,-0.0004221497017626655
3.658037768444243e-05,-0.0007897430339241341
-0.00012190918791692712,-0.0009762754621483337
0.00011262463295574006,-0.000305689141742682
4.620450764700548e-05,-0.0006943852889681032
0.00011130536957108902,-0.0002992182645130997
-1.63480678885343e-05,-0.0009062024867844326
4.210917480983303e-05,0.00025195510332738527
0.00015177963889856047,-0.00031736023370014
2.3197992761509882e-05,-0.0011578425512099241
6.316531424212018e-05,-0.00019811099749735426
4.58071696887098e-05,-0.0003445374119361776
5.353075051511681e-05,-4.722509881052039e-06
5.599575454225285e-05,-0.0002412938774083282
8.350856628297989e-05,-0.00036278047722463583
7.24015325344859e-05,0.0002459707059648635
-2.727359925498588e-06,-0.00010783945327848859
6.512909923986565e-05,8.46797007519819e-05
7.53868892321886e-05,0.000271313370703301
8.15052931554664e-05,-0.0007372461995770597
7.989552814357745e-05,-0.00025414527187797077
-1.100777404759956e-05,-8.918664013484942e-06
6.26332024286152e-05,0.00010614914451025389
7.429578781208005e-05,-0.0002322693690244751
6.292619351398188e-05,0.0002325369567552477
9.55578615212184e-05,-0.000188505321058503
9.411885338183451e-05,-7.218015573136989e-06
1.2503463263252275e-05,-0.0006628929364552792
-2.7377153187687367e-05,-9.661647670777984e-05
6.405868352505946e-05,0.0005656673668977331
7.356382022895768e-05,-0.0003949396430541451
-4.870868698308634e-05,-0.0006135667260182365
4.907271872660393e-05,0.00035081404438958643
0.00011966033037423673,-0.00023951088381145034
9.944200759335624e-05,-7.564049147446844e-05
0.00010178645169217444,-6.0632930674947466e-05
0.0001115237799602579,-3.465916637870623e-05
2.3791439136255682e-05,-0.00020976114104610488
3.391868954184644e-06,1.089822657171727e-05
2.3951703516641944e-05,-0.00023764853987748698
9.676692014320271e-05,-0.0005464029871662832
8.164441333811366e-05,0.00014008259975339493
9.486429957492526e-06,0.00016224670945475065
7.761421735395059e-05,0.00018443598685118475
3.643049945455538e-05,-0.0007592202712444958
1.1763059087977731e-05,-0.0004912295080879575
0.00011091076999707219,-0.0008154707804414828
3.269977317408841e-05,-0.0003547817205384722
6.728508539808679e-05,-0.00045614264303713177
8.590010757071644e-05,-0.00036345400312359674
4.529021249383952e-05,-0.00018196898160892613
0.0001353250192563925,-0.0003425711041716163
4.834769173962832e-06,-0.00035520772980501326
-6.531395479762587e-05,-0.00014806060604934
0.00011907477594461641,-0.00030150646400293134
1.9079961532913185e-05,-0.0004002613863750685
7.562725246184959e-06,-2.988031255668673e-06
0.0001272116176605302,-0.00030458330509453474
6.80618966834485e-05,-0.001047882170759969
2.2029054908790163e-05,0.0004344689487511914
0.00011380828323555853,0.00011845828238413433
8.139296057758547e-07,0.0003268034268057935
6.207174709024101e-05,0.00040399185131839764
5.8202509075558194e-05,-0.00012224201675912813
7.47090607963416e-05,6.61719935189093e-05
0.00011745813708362378,-0.0002410616096905404
9.600137388661553e-05,-0.0007712869312709974
0.00010985141015352025,-0.00024516838052269585
0.00012653664973396383,0.0005667094292268995
-0.00012539190909145753,-0.0008418198943248405
8.14184792920949e-05,0.00011150253631126344
-1.4643872507428396e-05,-0.00039616843909165997
6.909743193975892e-05,-0.000610526101427166
8.793905171751502e-05,-0.0004568523541420027
9.963784768587346e-05,0.0003020739981545155
7.79578242536901e-05,-0.0006375362677844127
-7.96090258808777e-05,-0.001364086329128239
0.00015461226272863558,0.00020779703834419833
-2.0237994528455618e-06,-0.00012309358770230428
-9.183710567727153e-05,-0.0002160839733307217
-2.7758626245457795e-05,-0.0003583250321074248
5.875857801721274e-05,-0.0007251958252781955
0.00011045781044705477,-0.0008090826748805602
0.00010058891123132643,-0.0006447163378491725
6.543663916053448e-05,-0.00017622858180075596
9.396895554927178e-05,-0.0014058367423655936
-1.6342193996354273e-05,-0.00020016995054670964
1.7164203725400306e-05,-0.0007395122750487135
4.071006264210608e-05,-0.0007086600671475178
2.5723434951553138e-05,-0.00015532411106343322
0.0001625107220827479,3.4695714242405175e-05
-7.189739047453895e-05,-0.0013409139454336515
4.479213358516538e-05,-0.00031431891583061605
-0.00015446446362466512,-0.000439565958436259
7.262320948870754e-05,-0.0004774784965719563
0.00019021448873231,0.00033404161090922873
0.00012345502030050237,-0.0004145800226385537
2.729643501401521e-05,-0.000181789800058519
5.3642745016320485e-05,-0.00018465825591582372
-6.645814853102847e-05,-0.0004804616507623979
-3.1278907362275926e-05,-0.0009210838303392649
0.0001380659573311751,-0.0002492345975116711
0.00010422354791212176,-0.0005262346787491396
6.107322476664177e-05,-0.0002326614641154197
3.301876175955065e-05,8.976018927836393e-05
2.37004764922302e-06,-0.0004171682658804748
5.93129295017579e-05,0.00018058255989364624
3.278181980022359e-05,-0.0006246716088918261
3.056559539094185e-05,-0.00019802388138305803
0.00017702604056862037,-0.0008087610846136654
-1.2535585270425468e-05,-9.198285405764482e-05
5.234251106233799e-05,-0.001085826488909971
4.526538391401533e-07,-0.000915836143361357
7.338306307444755e-05,-0.00048150504755920627
0.00015763491492095278,-9.494034804707595e-05
3.883095209347625e-05,-0.0006971170777340132
9.584689837119405e-05,-0.0004907423350203194
2.271400489029638e-05,0.0001142752948394246
3.678096358279329e-05,-0.0003191080008192855
1.4332078720850027e-05,-0.00015191344430284313
8.524255771134078e-05,0.0005078435892245936
7.921775082834795e-05,9.089123696848597e-05
2.2546336261905362e-05,-0.00016009311895516388
0.00020830165839129513,0.0006865614861932814
2.1512714379212205e-05,-0.00045529185034731993
5.2516547422445925e-05,-0.000545042825619484
0.00015140799913790777,0.0006519459492207041
5.684211528905408e-05,0.00025156832990400567
-5.0353802987302814e-05,-0.0006971167280584436
0.00012384850415234622,-0.00044813933899366903
7.608863672558638e-05,-0.0006274041946223668
2.482658204130183e-05,-0.00040936574667976687
0.0001073595269638734,1.1759447930921854e-05
2.8876499579682303e-05,-0.0001710075039699809
3.569306101647658e-05,-0.00031636784233361254
1.016948499878338e-05,5.227844312996678e-05
8.726963883784304e-05,3.9198684951606745e-05
4.909826815794222e-05,-0.0004558598700976521
0.00019075571894885872,0.0003092015207768469
-2.497784448032535e-05,-0.0014896678455160067
-1.714244729180908e-05,-0.0002652072609747419
4.510754364497383e-05,-0.000289014578404463
1.3206452524559378e-05,-0.00017553527326501014
7.02676264629464e-05,-0.0007009080804766653
0.00012283708081082604,-0.0006173472059557049
0.00013904397948264212,-0.0003185558797311431
8.789627210040724e-05,-0.0010648022838699455
7.803584722491285e-05,-0.00010752267335351023
-7.636016015145973e-05,-0.0006784357465245511
1.0627066839000323e-05,0.00012000094211743597
1.3331616227642561e-05,-0.0005182472205429759
8.426169225337593e-05,0.00029207568695199224
5.941831701141616e-05,-0.0005613641913687882
9.409424647082815e-05,0.00011168361271787539
-1.6051318691261477e-05,-0.0009018543848210901
5.480612392883557e-05,-0.00029017451572768227
6.001114070593573e-05,5.1049085764026135e-05
3.804246804230225e-05,-0.00012302335243236508
5.115323214552748e-05,-5.661277297310183e-05
0.00013831838579201656,-6.022421593895072e-05
-2.751473201598981e-05,6.550030428735469e-05
-7.465942357106866e-05,-0.00028978562209687605
0.0001270748821699314,-9.138141456667482e-05
1.0122625718002127e-05,0.0002852888592328241
6.411440193367578e-05,-0.0005470282359360003
5.807114266034313e-05,9.06729168754752e-05
1.9244106176851322e-05,-0.0003143479516061556
8.739773906888879e-05,-0.00042520344359356816
-6.106273003979006e-05,-0.0007336800630916095
8.578864539351368e-05,0.0002796130295018421
-0.0001067708011095718,-0.00038899211586472787
0.0002587296486521862,0.0004427556521959826
0.00022859436904998484,-0.0003313919900369171
0.0001355830588947677,-0.00019962807723652447
7.405200204416223e-05,-1.7246299598876799e-07
0.00011440000256035304,0.00019362885823493228
0.00014613923479406336,-1.352650895061503e-05
6.054174611371313e-05,-0.0007068034581229528
8.651761069622507e-06,-0.0004266321538990603
9.549425689647919e-06,-0.00112659447609167
6.0190908630460956e-05,-0.0002504451883217914
6.897635588297226e-05,-7.315166118818217e-05
-1.3618737232151565e-05,-0.0004284668663249691
9.997406864108597e-05,0.00012161166275713009
4.776640598320368e-05,-0.0004084316379080723
-4.10279116656684e-05,-0.0008429228733547614
7.187314221360682e-05,-0.0006898372314408
0.00013203454192415947,0.0010025325487306
0.0001307349221964779,-0.00109849754996674
-1.4153479363778298e-05,6.883484043828673e-05
-1.4342658463469113e-05,0.0005128470415547409
-5.731143846818095e-05,-0.0007031411818350413
7.765892043293093e-05,-3.818355660496733e-05
5.440845584546124e-06,-0.000449842082133306
3.904720536823702e-05,0.00029832511663834276
5.662012676610679e-05,-0.0005337814204268924
2.3936596703619982e-05,-0.0002248164988787606
3.840657895194991e-06,0.0003291673075784517
1.656076868690352e-05,-0.00046452497118912024
0.00010534204637611483,-0.0007182095318898338
-6.259986249173132e-05,0.0002826093189980145
8.682475635529214e-05,-0.00016735564888066228
-6.87769373693186e-05,-0.0009628410116764166
0.00011226160050051875,-0.000748933861416486
1.528496484827274e-05,-0.00015699290595946332
3.8203876925896536e-05,-0.0008879314309361087
-1.7439004725614736e-05,-0.0005123545212115465
0.00010108432646610755,-0.00032824884201948187
-4.272595639647614e-05,-0.0008694635283889539
6.845873424158001e-05,0.0002666148332995905
8.731120765305628e-06,-0.0005277657212281088
4.355657129589605e-05,-0.0013426569321329873
-1.6568546694730563e-05,-0.0003052317065934618
-2.2374717322957895e-06,-0.00035298428571749104
9.437233937156367e-05,0.0003247889672731653
0.00011399478801630812,-0.0002495696947288577
0.00021043904340247197,9.10394735804006e-05
6.587828017033269e-05,0.00022362943151555195
3.979108453185478e-05,-0.0008083743104018947
9.088578666313683e-05,-0.00011790852821055858
-1.7593097077428445e-07,-0.00045936628528221995
9.293431693660461e-05,0.00023676146653777016
-1.4391608705429043e-05,-0.00043134071271051647
9.193994986372053e-05,-0.0006255976994849215
1.9207346022599687e-05,-0.0008003520535916399
1.951484910501353e-05,-0.0004172311814025758
0.00012985498591796166,-6.280885833309516e-05
-1.6608499417070755e-05,3.342184550545119e-05
-3.024352761100892e-07,-0.0005304974033864103
3.7985562887836015e-05,-0.0001610743227402709
5.519230124552334e-05,-7.792782114645339e-05
0.00015292071481400174,-0.0006540772815302988
8.007524247241948e-05,0.00024915292144459054
8.330949518524356e-05,-0.001355341243977475
5.258724585674882e-05,-0.00045557643173903544
3.38790008010782e-05,-0.0003922086416592214
7.311281380525353e-05,-0.00048437934601048557
7.049471078104697e-05,-7.215448718009076e-05
3.521829695943488e-05,-0.00029656614180655733
6.40421918809992e-05,-0.0006632543020394131
-0.00010840856863614267,-0.0006739896993572024
0.00012857537493031942,5.141993540691575e-05
7.59913354180791e-05,7.05978476656788e-05
0.00015121376347420948,-0.00041810454285769145
9.804941754208777e-05,-0.000509342201145796
-5.9299344646612806e-06,-0.0003336522259631017
0.00012136740823482479,-7.692351210757264e-05
6.318912024716476e-05,0.000362589943313766
0.000128877374564943,3.9528050175981607e-05
2.3028753360761466e-05,-0.00020597392813387743
-3.0770093666144155e-05,-0.00045621201650135714
6.632495198755767e-06,-0.00015644086409113422
0.0001139659525050847,0.00034603997953747676
-4.996205292988315e-06,-0.0007677273317380319
-4.7969457377829215e-05,-0.0005673282680981777
-8.516451437119469e-05,-0.000641423887020773
-6.369689469173099e-06,-0.0003927569309702232
2.8913745471898498e-05,-0.00014652993374682574
9.049999510078464e-05,-0.0005049927313040592
-4.293813074406652e-06,-9.587713856199947e-05
-3.9776725314012186e-05,-0.0007910429735311787
8.653217422496814e-05,-0.00027342611791583715
3.110769843959366e-05,-8.991007606988176e-05
4.644423098584169e-05,-0.0004130961782719771
-5.3532113173451366e-05,-0.00041913069414714534
2.7171053630814567e-05,9.518043829324785e-05
0.00020084931723389837,0.00023419708117823623
7.785825055090843e-05,-0.0005778056342852901
6.38802032038719e-05,0.00014827489300352028
-2.5780145613053937e-05,-0.001440605026263991
1.8886315579916063e-06,-0.0006005158117764448
-6.778244921727819e-05,-0.0007230392607972677
1.421617614640657e-05,-0.001166923041437672
-8.378133994038116e-05,-0.000854007662138582
0.00016325002297336167,-0.00013691413301607195
-1.8942002773133593e-05,-0.001488853169478879
9.796583281835458e-05,9.274550297060685e-05
7.56957986883511e-05,-0.00046226832635905084
2.5186323419331124e-05,-8.106067869641514e-05
7.08533582838421e-05,0.0003795389186036605
1.8581978212802716e-05,-0.00046400350403592714
4.5915439217994545e-05,-0.001064015531973976
4.289960742517862e-05,-0.00044360699817187527
1.5021199724768344e-05,-7.539811885840201e-05
1.376734116414265e-05,-0.0011744182173940997
-3.140290055640921e-05,-0.0006277050887118842
4.9263153785897176e-05,-0.0006551105665085316
-2.258903167644952e-05,-0.0005317953721791997
7.453253534206839e-05,6.751767502945255e-05
3.2873136409208346e-05,0.00043896274450787895
2.5778418354682693e-05,-0.0005634152761798914
-5.574805210332103e-05,-7.132835667192787e-05
8.998582101470308e-06,-0.0001787408956505363
-7.073576824976507e-05,-0.00040141451750752935
3.6379436545793206e-05,-0.00032372831554797947
5.2866962167921554e-05,-0.0001251992745171519
0.000101063048932448,-0.00019064582181621634
3.817486249631984e-05,-0.00022996321482969778
4.328606503173132e-05,-0.0007146540276257334
1.3704404677003255e-05,-0.00010979494397028972
-3.2986450116620773e-06,-0.0016501888699012965
6.174684219423696e-05,-0.0005470471561795738
-0.00012247976761318787,4.031024297565148e-05
3.6260576321765276e-05,-0.00033750793941537233
-7.503856389626118e-05,-0.0006452115956738638
-7.347120574074001e-05,-0.001294231231904127
1.589724288669547e-05,-0.0001826693157585823
5.777956534021804e-05,0.0002602288526193108
7.617215342037675e-05,-0.0003065963032792894
4.687728558606534e-05,-8.209056390567692e-05
-7.07735426895802e-05,-0.0002595560610063692
0.00015844689952758276,7.889350076942592e-05
0.00013894977293877722,0.00012532851631874009
7.860471731120865e-05,5.502314911851675e-05
7.098773319472106e-05,-0.00047726921761416394
9.467593277714999e-05,-0.0002150462682831486
-5.436391597816591e-05,-0.000723058456843786
8.761875362252878e-05,-0.0008283333766793996
-6.54233282752185e-05,-0.0008842072921431811
3.1675744988267335e-05,5.385682767374963e-06
-7.469784849887856e-05,-0.0007005744643346654
8.213341884833324e-05,-0.0005640809023877443
-6.763377929845099e-05,-0.0011829677537925176
4.636356962357314e-05,-0.00013555556386027925
1.7498626894116358e-05,-0.0009733044746953648
-1.271165304326979e-05,-4.481738287782011e-05
-0.00011843153074159765,-0.001100504384845251
0.0001772162888895141,0.0004373219040142306
0.0001241551504206676,0.00035527684111512836
-8.615197422566154e-07,8.831979492292063e-05
9.901900815285125e-05,0.00030960179426174573
-5.4048972128763184e-06,-0.00015159761068870659
5.3941354214324624e-05,-0.0006447005414720148
5.887737710950184e-05,-0.0007282483480497569
-2.3213608963566947e-05,-0.0006758131560973728
8.851771459394248e-05,-0.00033512255180743686
7.64849356989082e-05,-2.414299968735869e-05
0.0002437207573325606,0.0004696887403671946
4.003158826940722e-05,-1.1127496442956937e-05
-6.428755179327863e-05,-0.0012089130882249118
0.00010444288525104295,-0.00022050666685912432
-4.00602576131051e-05,-0.0004493164169001113
5.493987839158977e-05,-0.00016996461349568528
0.00015055475838234486,-8.335693871016085e-05
-1.9155579501234273e-05,-0.00010421616460281797
9.576281167055355e-05,-0.0007700986656079903
-4.9832892732391e-05,-0.0009298158097001401
0.00014646118260642525,-8.072023475087325e-06
7.744773996325448e-05,-0.00022939997687579245
-5.4163107595898015e-05,-4.9634383150792946e-05
4.7503477671307086e-05,0.00027154223288880145
-4.495720016591654e-06,-0.0005046001901462795
9.982582827144942e-05,-0.0009220053759688468
-1.6531165066898567e-05,-0.0002860631446614092
9.613905447864311e-05,-0.00018315476307823413
0.00010675253574571953,4.642773040114561e-06
0.00011777204021425728,-0.000616197830580434
4.108955202690539e-05,4.696190440083107e-06
4.53870301985025e-05,-0.00023466811785340054
6.684624427776839e-05,-0.0007340116852394196
-0.00011152948999428359,-0.0004138809583581534
0.0001696235092307516,-1.5052546525597718e-05
8.996728335512041e-05,0.00032929517853461934
2.7641299050428777e-05,-0.000544456115361592
6.583129613471698e-05,-0.00021325087947820303
9.425984335888031e-05,-0.00010285855999364631
3.549641913821292e-05,-0.0001227343494565962
0.00012628796633461193,0.0002761162259770294
2.587213680860291e-05,-0.0009012159250709072
0.00016137088460557006,0.00010320306137023461
1.6153270882357404e-05,-0.00051457182794807
-2.3448728070066946e-05,-0.00041016878189564543
7.235725369906856e-05,-0.0001944712807030394
0.00010101231479531123,-0.0012485017707812144
3.8144242478971275e-05,-0.0006856231384359318
9.242121322829079e-05,-0.0006344625588005468
0.00013918422292510181,-0.00044093335538401596
0.0001410267564042805,-0.0004116953585680264
-0.00016440942004996144,-0.0005793571676181732
7.350272628040862e-05,-0.00038423660027804996
8.24212804992424e-05,-0.0004387577234765633
0.00010335207255647446,2.987739058778832e-05
3.1137547575136936e-05,-0.00019421248910599212
0.00013743897561929158,0.00027648063654265697
9.277621001783652e-05,-0.0012109307508233048
8.496169151979512e-05,0.0005131509684086772
5.809019281077121e-05,-0.0002575611757847149
6.840334676907911e-05,-0.0012012243563438469
0.00012801333307119737,-0.0004410138947750478
5.0240355178159324e-05,-0.0008576028326863233
-3.994242441113466e-06,-0.0009925271696099905
-7.521792694975481e-05,-0.00034799635593794155
-3.4256988488805273e-06,-0.00022248651359099562
-5.867611619191638e-05,-0.000933718638266403
9.486349925033838e-06,-0.0009381139022071343
-3.7305107637973685e-05,8.28019233286873e-05
-4.83748306162655e-05,-0.0006584110276015615
-2.3020274684985105e-05,-0.00014692326664979887
0.0001646579051967476,-0.0004954555769493353
3.3386146753242474e-05,-0.00021205297466744258
0.00013380352189915285,-7.504535123279396e-05
0.00014672171248181752,-0.00043910344898703965
1.1622317873614263e-05,-0.00033615074487257
0.00020633282489676961,0.0005436284447164293
3.567357565189435e-05,-0.0010520514521781977
8.632441639420068e-05,-0.0005962989227658853
9.309714907623938e-05,-0.0003228365656341542
0.00018280544963162384,0.0003281850011508517
7.69965220097886e-05,-0.0006664561475298401
3.525674943985756e-05,-0.00012811421642590647
9.156801805452794e-05,0.000549111544156149
8.039615164489585e-05,0.00019259505063023118
9.253257565499504e-05,-0.00042931266760350796
6.49329642007487e-05,-0.000607603914757717
5.28573845882386e-05,-9.314453754339523e-05
-3.955213075912094e-05,-0.0002032119788366692
-1.3417649526753614e-05,-0.0008217249020242303
0.00011445992755462181,-0.00097128591210725
-1.654005010711361e-05,-0.0009660925335373871
0.00018548755577929777,-0.0001720192262391212
5.4415925983517714e-05,-0.0004580703882387285
5.8365935871356026e-05,-0.0010938516487976825
0.00010249641200525388,-0.0006934150510081013
5.501577155923293e-05,-0.0005350280041122078
0.00011651201154704163,-0.00018676631785729113
-1.087751423162569e-05,0.00014845662534000465
2.837197542191158e-05,0.0002753646846266004
8.635639206788155e-06,-0.0001461623118023846
8.874975300766726e-05,-0.0001951348910087383
9.50544853535805e-05,-0.0004963290493633427
4.0352125866497166e-05,-0.0008151736024881364
0.00015165124973542626,-0.000795195615542795
9.863107294139903e-05,-0.0002853984127530655
-0.00011749313477107278,-0.00023943105779732388
4.831563442090272e-05,-0.0008977192347303382
0.00010452581024659598,-0.0006414108446264403
9.555345113446045e-05,-0.0011097203044212666
-3.7496591223437484e-06,-0.0006830865297433447
0.00015537295879550195,-0.00010263763088646068
0.00012325871862563603,2.4783332272616956e-05
5.083052204811508e-05,-0.0012751579411560948
2.715924182321907e-05,0.00014173512394545217
-1.745110420581911e-05,-0.0010672954808193978
8.269658218087601e-05,-0.0006619002357591637
-5.067015152259634e-05,-0.0004832848966398384
8.513370480023357e-05,-0.0007657938896640723
5.990288100080517e-05,-0.0002995950691453691
3.157039041767876e-05,-0.0004806081453125477
5.961337710950264e-05,-0.00040822304904838204
7.229342800527066e-05,0.00010267392129050581
4.163322619965497e-05,-0.0005861333973148418
-3.0731122444465836e-05,-0.0006784114327947838
7.877156268562747e-05,-0.00033611753366730385
6.005103875705354e-05,-0.00013332488688059632
4.7383812063169594e-05,-8.664767369164246e-05
0.00017608452426241304,-0.0004692996648907801
8.856972884683118e-06,0.00017067446723121119
0.0001506844107323596,4.4158670315452944e-05
5.0277785783834586e-05,-0.0003242273878453494
1.131868113001032e-05,-0.00047045618623724075
8.972712583883545e-05,7.428181786636346e-06
-4.516193124436184e-06,-0.0006296611121424326
7.5686822802223e-05,-0.0002021483162149669
7.170696508519426e-05,-0.0009013910940604213
7.747681741173255e-05,-0.00035394807248653867
5.868767519694759e-05,2.040574458949693e-05
-5.783377798990996e-05,-0.0004599349991250145
7.063532630680797e-05,0.0002339818006357712
-0.00011894903325250451,0.000309876140901873
-7.508209392460065e-05,-0.001383394895103016
0.00012946138146696786,-0.00023766750432271808
0.00014650889806906475,6.518663151251324e-05
3.122693412207681e-05,-0.0007897285210856273
6.54272448318383e-05,-0.0003476997248766431
-4.695077991468435e-06,1.894635533175571e-05
-8.45622198727669e-05,-0.0008809742916520186
6.963205001043042e-05,-0.0003432300757618568
9.358261284308016e-05,0.0003695590085133104
0.00016567690313885663,-0.0002745979247228209
2.7146537148955646e-05,0.00010298990807881992
-6.695573488819839e-05,-0.000829564027582178
-3.5811779627817233e-06,-0.0005442355475619891
0.00011658860906381203,0.0004901909162820076
2.115918993042922e-06,-0.00026374843010144964
-3.9347079790650284e-05,-0.0002626511570107203
-8.10668868639789e-05,-0.0008246942887328821
-9.360128523723556e-05,-1.1958626947827756e-06
3.670097893675723e-05,0.0005380096651542898
-1.8712230720499312e-05,-6.092857152213743e-05
4.084157160770866e-05,-0.00019495147407659955
8.585707193017891e-05,-0.0007421051385997748
2.2839618950389913e-05,-0.0005770319580098403
9.291393209073312e-05,0.0002684571485380628
-7.46627256126412e-05,-0.00030643605354335334
6.5528906787082515e-06,-0.0010853618069475621
-6.0600716624868505e-06,-0.0007539468401372872
0.00010109700519352486,-0.000623350577639364
-5.924723476919628e-06,0.00025162298386482816
1.9108692592959892e-05,5.021546597820903e-05
-3.9867796533724195e-05,-2.8464824919521327e-06
2.3981031285618234e-05,-0.0004011448060458875
9.16165411289041e-05,-0.00048816150971885087
0.00016954681479348113,-0.00029733009659520314
2.4838720268104174e-05,-0.00045301890067311873
7.389546448125815e-05,-0.0005834470357562299
4.8036663974704264e-05,-0.000508732588389088
0.00012642727397192268,-0.0002429134500262772
2.5130142929826474e-05,-0.0002629517054266804
-2.766462649383028e-05,-0.0005297068771070246
2.610982209662812e-05,-0.0008400882386016387
-5.053618891165924e-05,-0.0001263299908265553
9.800177582554794e-05,-0.0010133202899746388
4.939466377735152e-05,-0.0008055741628188529
0.00011052416173574763,-0.0009032910211740207
0.00011361980627367521,-0.00018422904832596075
5.349312135979802e-06,-0.0001574091046916537
-8.832002374027143e-05,-0.0008143694512808763
0.00018290494190374373,-0.0004365627669881508
0.00010367097538972216,-3.913338039519286e-05
7.294078964100085e-05,-0.0003588017688894024
9.087189743603673e-05,-0.0002167524006636572
5.9680690061022997e-05,-0.0005472488042344378
0.0001763130421642192,-5.836616018981534e-05
-1.2036010122862798e-05,-0.00027992810892979263
5.669574087897384e-05,-0.00010824495227915388
1.3080129929771183e-05,-0.0008452008034052263
2.1361924501476636e-06,-0.0006765909700717657
4.5391418605274263e-05,-0.0003731195230155277
4.2621810578414595e-05,-0.0008518553065031185
-2.3778332119130715e-05,-0.0003083121400897019
3.144103505335396e-05,-9.978893618911043e-05
-1.0661751052547464e-05,-3.874200147710048e-07
-4.555298371074627e-05,-0.000717860908107535
6.292238325746692e-05,-0.0008046361396048998
6.345464346715457e-05,-0.00027550400662754355
-9.467536443841613e-05,-0.0001373803610446827
9.943027598066005e-05,-0.0010989476612755062
0.00013999431079689742,-0.00027182367961223295
5.8488845501481016e-05,-0.00019934997023743597
1.2533613309158705e-05,-0.0007868495539787308
6.326343271695516e-05,9.320225104832066e-05
1.4465933301486595e-05,-0.00045143534753669737
5.8715467349126585e-05,0.0002655727326452297
-1.7317438013897082e-05,-0.0005221983442461213
0.00015724176112003765,-0.00019050722432275143
5.315467131579416e-06,-2.9427655904759218e-05
0.00017986827060744655,-0.00023831976847358822
0.00013825397723015283,0.00041541941507659835
0.00018503410774938308,0.000173996863440775
1.1594095232355216e-05,-8.859340465913428e-06
0.00011808682625740781,-5.554071575335646e-06
0.00017794674523725852,0.00011799693113560566
7.878373921962683e-06,-0.0005852238601573265
0.00011727047874369266,0.00010107418436928014
-6.578972926941443e-05,-0.00043469410743570016
-7.762767624229912e-07,-0.00027793368197281536
9.096506971616143e-05,5.3125100441720415e-05
5.747652657765281e-05,2.2615596743774376e-05
5.4256550795010516e-05,-0.0007082857704867955
3.152237001063761e-05,-0.0006329229192431257
2.518090811147298e-05,-0.00030521316734759046
-5.7629115339616235e-05,-6.929280833057789e-05
6.426131457545328e-05,-0.0001554439432915498
0.00010270158731864817,-0.0002021131525391531
5.716069308900573e-05,0.00021247893711033691
-6.202892429396596e-06,-0.0002909400096548639
1.5984563025745697e-05,0.00021212066072596441
-7.599524868903956e-05,-0.001490942494379059
-1.0821609778104418e-05,-2.8182697295796864e-05
-6.66991662993088e-05,-0.0005436145000819567
4.973325357082007e-05,-0.00023724794500246438
6.461904832759587e-05,0.00010210573027855169
0.0001582345481762055,-0.0003583767663820966
4.613988209432667e-05,-0.0002971963254931623
0.00013783492238509488,-0.00028325142086699397
8.518191946143826e-05,-0.0002687866155920111
-1.3985935021187194e-05,0.0003325086898949165
-6.727112411994247e-05,-0.0012284893274208295
6.937771263418346e-05,6.25249025483614e-05
-9.616031136018105e-06,-0.0003330775980262703
0.00012680627497218665,-0.00015590597301788246
-3.556001166699264e-05,-0.00025882796785085913
-9.66029067840101e-05,-0.000871688142399181
1.412487171466565e-05,6.725506526180724e-05
0.00017312371478812785,-0.000541835317799939
-2.3607599033700742e-05,-0.0006439158254796165
9.78381629923066e-05,-0.0003099875786458507
0.0001011684161321982,-0.0007405132591342138
3.192401437224915e-05,-0.0006323428619670569
-1.857790432634602e-05,-0.0007208794312159483
0.00010841844213082004,-0.000273746904134082
0.00018469565228802892,0.00032445643748125715
7.303743013836812e-05,-0.00021434757352262665
8.34226802547506e-05,-0.0011209117873144157
-5.6472757333022125e-05,-0.0008380456785105281
3.7261981598287294e-05,-0.0003254111853819498
-7.296898764585041e-05,-2.2296547019281778e-05
9.980696825170987e-05,-4.288352896541703e-05
1.3175106105296487e-05,-3.617217708068381e-05
8.282882056363978e-05,-0.00011452749400731876
1.2755992036649722e-05,-0.0001488304401432992
-1.8086258951754302e-06,-0.00020160816702866397
7.054562200300394e-05,-0.0005080918340075205
3.711351629171936e-05,-0.000523217032025527
0.00010838840437201656,8.859782161035995e-05
4.3877300613614134e-05,-0.00017205108845729707
-1.4599773808028613e-05,-0.00016955190079345593
0.0001523899819905255,0.00026210205567389676
-1.6866496216248414e-06,-0.0006226225745310028
-1.9083207441922777e-05,-0.0005942332692315602
-3.5345640590277974e-05,-0.0004284208220446524
0.00015210434275483766,0.0001279446545699927
-6.91546719175956e-06,-0.0006966761283049567
1.3138859430671346e-05,-0.0008671108055228162
3.5398173055754747e-05,-9.172238498620977e-05
0.00014689328162256646,-0.0007682960479359267
9.749353301873173e-05,-0.0008103334412639844
5.499359149343085e-05,-0.00037912940637985286
0.00015107856701486783,-0.0007676127555349837
0.0001305609835688349,-0.0006699771005053404
-1.939517656460567e-06,-0.0008450040967594506
0.00010602814398694648,-0.0006291854008362879
0.00010492476489161207,0.0003337040405516084
7.171397519822826e-05,-0.00043658008489249673
-3.17911779774773e-06,-0.0006787512957456385
0.00014301366665986476,0.00020845808631072692
-2.8437491941993027e-05,-0.0002963939642286191
-8.51907942289641e-05,-0.00048272569587493047
3.525538603508713e-05,-0.0005205560994674046
-5.011928084790808e-05,-0.0015932347997134968
-8.970858741712902e-05,-0.0002965944710887464
0.0001431404676430479,1.1452566931350401e-07
0.0001848444666269065,0.0005908416061046429
-8.982939035746801e-06,-0.0002106679531563697
6.746072258967552e-05,-0.00029703623212722796
2.8639426395831873e-05,-7.84124874441262e-05
0.00015177970514274833,-0.00015315174309347732
0.00018517130037372717,0.00024549915439241806
0.00011559335998833931,-0.0009987436714577506
6.022418572197763e-05,6.409862924940006e-05
2.1003414891776278e-05,-0.0005743958858848346
0.00011229111799770304,-4.215877421467754e-05
0.00011307000497733601,-0.0003047214259213238
-1.0877637749045127e-05,-0.00023933002165671977
-5.235703385809425e-05,-0.0013715703854274754
-3.3002217732889085e-05,-1.01441387683065e-05
0.00020370999069221137,0.0001752027503608355
0.00011436977783251483,-0.0008007753753254383
-1.2851550446244821e-05,-0.000608046461899448
-4.747793353383436e-06,0.0003941509029291376
-1.3135070133925091e-05,-0.00039605474862991485
-1.5002180576907475e-05,-0.0014344559024535933
3.0798624429897883e-06,-0.00033398337326094043
7.780739123637294e-05,-0.0001606917924135823
-4.397210967814106e-06,-0.001170260267210419
6.924138716713369e-05,-0.00024897407992418484
-1.8581857555681702e-05,-0.00039471444497026875
-0.0001381666372741823,-0.0009350972563986071
3.0842320896275264e-05,-0.0006020995983598377
8.39768175461189e-05,-0.0004560555892823341
9.457160839723637e-05,0.0003115637988140767
-1.6767410095113193e-05,-2.7117493689601954e-05
5.619707474072711e-05,9.376029965535288e-05
1.169574211371863e-05,-0.00013391492486345351
0.00012870843688111972,0.00027822374272885387
8.881510198274886e-05,-0.00033474943045695216
-2.4168942176921256e-05,-0.000588766552972192
6.025013703380477e-05,-0.0009429993459102781
9.073951317397811e-05,0.00031365877803671933
3.246573657433074e-05,-0.00014120529147558156
0.00011598288959907674,-0.0006286077333362326
2.5423221961829698e-05,-0.00018588095132012237
0.00020705890362547396,0.0004953369631987837
0.00014853805876990507,-0.00022939366413611672
0.00012240226295002614,0.0003576677233779298
8.405356093873134e-05,0.00014994073647438703
0.00011929676310313048,0.0004468862494221218
9.264927632831552e-05,-0.0006081770953185881
2.5507491380894333e-05,-0.00011068292931794569
2.2730637408095944e-05,-0.0005475267425689777
0.00013080804194492193,-0.000764120015055468
0.0001241248550848457,-0.00021343471402457916
0.00013153055603674007,-8.208885970548129e-05
8.52107551934926e-05,-0.0002397071315109454
0.00014495266161716451,-0.0001960455924623549
5.2453305919113196e-05,-0.0006337389022849993
1.045063497361924e-06,0.0001766433974446078
0.0001286681430773769,-0.00021019971222878243
0.00012609118190410885,-0.0010106675984130837
0.00026628260042655825,0.0002709409299851275
-2.853024428390986e-06,-0.0015435066842496945
0.00010453892813455984,-0.0003111114622920804
0.0001609825021569699,0.00027226879788573414
0.00013758234656408285,0.0004826013668131011
-2.4056976187788212e-05,2.8272287169938006e-05
4.837662403491993e-05,6.916157625035712e-05
-5.459545723890126e-05,-0.0002865032297072768
4.093023176044325e-05,-0.0012967918853706852
0.00012504832890695741,0.00023172446836874114
0.00010777544884822695,0.00012862044924883437
-4.0650278455017926e-05,-0.0009897241626869975
3.662973640168367e-05,4.078823048772013e-05
-2.7389577475414172e-05,-0.0003863468908481602
2.819422617888139e-05,-0.00028706252074710265
-3.5467218707389104e-05,-0.00015423913371634876
4.893030039618615e-06,-0.00014396362752183597
-2.8020703459424954e-06,-0.000260113967733121
7.370991015172227e-05,0.0008067714406114711
6.187799856927146e-05,-0.0009327921738394062
-3.8039139412431245e-05,-0.00049921649653323
4.3254868345659974e-05,0.0002323576968533401
3.1274181197038194e-05,-9.335651923086081e-05
1.4480219390336339e-05,-0.0004981759845140371
9.690783646658819e-06,-0.00046156699385249233
-1.5922211485354322e-06,-0.00033685633742105243
1.3106307813959414e-05,0.0001097769540676988
1.442309996168553e-05,-0.0010449219288642228
4.838944461087736e-05,-0.00016014382449591635
0.00013195982451963818,-0.0004985233305964611
4.37721424258345e-05,1.1083699118833086e-05
3.723506144274799e-05,9.802734376002727e-05
-2.6737246932774397e-05,-0.0004610981316575043
-3.0034352392593043e-05,-0.0002918273763214608
2.701275842018037e-05,-0.0008456342606430772
0.00023328944320654018,-0.00021746340661471565
2.8434175362009113e-05,0.00017262408265206105
5.436620845915342e-05,0.00028117362291640803
2.0153474874635703e-05,-0.0007534043632311101
6.799738381294896e-05,-0.0005756343981098261
-1.857009061064592e-05,-0.001209194950520578
7.234680055322746e-05,-0.00041892302749798314
-1.9089742769529984e-05,-0.0001677077591617368
0.00017863636152578669,-0.000258457394807782
2.5378965615014407e-05,-0.0005890956239356707
-5.409819044271399e-06,-0.0002925357987345154
0.00012137045360197136,9.449075254972253e-05
-6.38333236311967e-05,-0.00023275530071125341
-1.9901731791007604e-05,-0.0001499090123587735
0.00012468935367178748,-0.001012827206445643
2.1837770159012195e-05,0.00013567318999125556
-0.0001597839228059439,-0.0014112055524353193
0.00020035570088278672,-0.00010442649154276693
1.358126293243817e-06,-0.0007199194185807859
0.00011771289720736363,-0.000110470253873949
0.00014079440905435782,-0.0009425317512576699
1.8506163363099336e-05,-0.0006007870136508706
0.00011166742855891904,-1.5543633056909435e-05
-1.6032966321755793e-05,-0.0004031375147826626
-0.00010655466831067774,-0.0009486716948959209
0.00012191806500670645,-0.0005539764118025565
1.997337605574547e-05,1.740218469986545e-05
-5.319252648239246e-05,-0.0006753731257934776
-2.6436181424102943e-05,-0.0008601329942967386
5.567980889415754e-05,-0.000613839448967837
4.1414248559237056e-05,-0.0005280139684466709
3.4995440396985494e-05,-0.0011135895034102138
-6.881594385178133e-05,-0.00028654848565714945
5.1424839189620844e-05,-0.00016456776322455413
3.232507079314699e-05,-0.0001252109927102111
0.0001581201856902741,0.0007568458046696287
0.0001458466420968258,-0.000625166806214917
9.593996828824516e-05,2.4782987517291228e-05
0.00021601605358600803,0.0002968499925729767
1.785134341459757e-05,-0.0006481494356810706
7.51441707560954e-05,-0.00041532016942892965
4.9207978836555624e-05,-0.0003374819966802423
-2.7778960885668238e-06,-0.0003608818713110169
-1.8198624251570985e-05,-6.122142757132241e-05
5.698471945992536e-05,0.00012472246544992168
6.60063125908383e-05,-0.0002739545266158714
-7.497618477975422e-05,-0.0006350527368100693
-4.7674531653109766e-05,-0.0005553705536345149
5.722142057460119e-05,0.00017147739821813312
3.469963591673091e-05,0.00016907473789435737
0.00011290958366763048,-0.0004152306494206293
9.317568947169743e-05,0.00016949209209520016
-1.7916718951462582e-05,-0.00041742430779555945
2.6347470149217406e-05,-0.0012571184384392478
8.872875547849971e-05,-0.0003419830838283247
3.2987536560155276e-05,-0.000537225862067641
7.619654996831923e-05,-0.00040885237831444544
1.6484773176219704e-05,-0.0009785128722847498
0.00012569354889071306,0.00025985975700082583
-1.806361397237852e-05,-0.0005943666081360077
8.932021471639006e-05,-0.00011749723133638754
6.253045533502816e-05,-0.000863747645867877
7.052046544732843e-05,-0.0006000585348833471
0.00013811106047865966,-0.00020214811113552372
-7.430247208111847e-05,-0.0007731033059430603
-2.9221632331255672e-06,-0.0006922813170028504
-8.114448738455175e-05,-0.0012060197459741447
-1.7799915506727432e-06,-6.671695567733488e-05
1.3743611182187387e-05,5.194244524116983e-05
2.7600723210354294e-05,-8.067836949075318e-05
0.0001907960421198714,0.0005264432059484251
2.466656068300313e-05,-0.0010984655014648736
6.959728109749832e-05,-6.949817462782189e-06
7.160630861408447e-05,-0.0002744188276953095
5.394505186817302e-05,-0.0007886148052373525
3.840639176197155e-05,-0.0004519245994139063
8.473318742189216e-06,8.035954318492879e-05
-6.90381125431064e-05,-4.142232473677653e-05
-8.613352475850489e-06,-0.00046313603419281975
0.00015950047746836758,-0.00011009179518765243
-8.526258218265602e-05,-0.0004289218939619885
-2.4392069214624408e-05,-0.0005209055791470695
-3.766294980303176e-05,-0.0009577827181251386
9.114555521707998e-05,-0.00022277251536682857
2.0636729974915188e-05,-0.00026307121174023323
0.00020086450524732684,6.333682430013408e-05
-6.697111053902003e-05,0.00022028948652135516
2.1307263638001978e-05,-0.0009556203253726979
-1.1696669670677423e-05,-9.793915157585806e-05
7.238020636772904e-06,-0.0009011626322159848
-2.433546170891977e-05,-0.00031369469269567696
9.37920829899455e-05,-0.0002368905420942967
8.973385287833975e-05,-0.0004606403514714635
-1.656647936094203e-05,-2.669891626020434e-05
0.0001205303003279236,-0.0004364578076009697
2.2173284157691347e-05,0.0002522790043239692
4.507485441183632e-05,-2.249579396784322e-05
6.264112644118985e-05,-0.0002316725460037406
7.829482515995129e-05,-0.0003400256096971751
6.604177951583602e-05,-0.0007346839854567909
1.6124056417065176e-05,-0.00013823589148710745
2.4472479251627796e-06,-0.0005159292252486564
0.00010726532076203379,-0.00016012343472641489
-8.798003059289544e-05,-0.0004146182088479901
-2.1574004147325936e-06,0.0004013942412538511
-1.938880283596509e-05,-0.0005639446747832919
-1.0540094248514365e-05,-0.0007407613688596283
-1.5241575132338278e-06,-0.00022388295295319146
0.00015704844583221668,0.00014578566321194505
8.933003703790821e-05,-0.0001570215730106886
0.00012426955670192798,0.000446621488257764
1.2654756489329611e-05,-0.0003578552579074979
8.143732994365878e-05,-0.00033472264250735534
8.521664593455917e-05,0.0001518830890126759
4.9436285897550675e-05,-0.0002849369103833418
2.5804032628208877e-06,-0.0009232818651522412
0.00011727185670258882,-0.0003482968477262949
0.000101889850576185,-8.414220702190255e-05
6.1377196830386264e-06,0.00010848196274345314
4.595745808845379e-05,0.0004761559908735436
9.199226040309944e-05,-0.0005189963914478752
-0.00011324012283223857,-0.00027116844608414794
4.587408011731391e-05,-0.00019759837170199514
5.797303796489594e-05,0.00010529077455476035
-1.2644777767344177e-05,-0.000750423729326208
0.00013897542484721275,-0.0002690325798463718
-5.4967656208488e-05,-0.0018986628090685805
4.1754352910563396e-05,-0.00045532601558890455
7.07552858782921e-05,-0.00030703790622499145
3.0178973518544324e-06,-0.0002560162690338025
-5.572180732875138e-06,-0.0005750838322346745
-1.9697681782985263e-07,-0.00029910371491907023
-2.9347832451645446e-05,-0.0007168758815003114
6.120406387262577e-05,-0.00016474014768993377
8.089194752191101e-05,-0.0009127689298571002
5.7206504717198585e-05,-0.0009179818990901822
9.551958656959329e-05,-3.708582130236771e-05
-3.7200755754899915e-05,-0.00012038492620271513
0.00022203246869112036,-0.00040698811066749486
0.00016839353153875444,8.181289398918876e-05
2.1023098776712102e-05,-0.000706887211930542
0.0001527618850786691,-0.0002989849663307025
4.186596247537816e-05,-0.0007092882074508958
-6.615103656538177e-07,-0.0007076675257543582
6.77902109313014e-05,-0.000824598427482532
0.00013682524100417853,-0.000434340321269088
3.497355824180488e-07,-0.0003626112269870301
6.872854613784867e-05,0.0002459079834015139
0.00011384993471792176,-0.00031257554808877884
0.00011235771596040646,2.9592789157969804e-05
0.00016809347817248633,-1.2853224193535976e-05
9.82632922815816e-06,-0.0006910989050752579
5.9991485466084625e-05,0.00024207957599551834
1.1838809199006485e-05,-0.00025565432650904345
-3.170267531808066e-06,-0.000177018632750146
0.00014651140228259967,-0.00037176507648763906
2.4289131015498496e-05,2.0538047284955396e-05
8.457908861666058e-05,5.9833706675654756e-05
-3.558179471056566e-05,-0.00037664331746881596
-0.00010646670923326448,-0.0009423485283357477
6.711776467760699e-05,-0.0001717056297676789
0.00016170845388093597,0.00021388490909203233
2.2143087504296175e-05,-0.000683997267109659
9.579244999989486e-05,-0.0002903222808655129
8.381281433635958e-06,-0.0005145865229465466
-0.00014230140126707106,-0.0019678660542306395
2.7027522004589074e-05,-8.393976643748899e-05
0.0001643054692650687,-0.0007937006287374233
2.1227540060982905e-05,-0.0008067761239697281
8.302402619330475e-05,-0.0004545285752638015
4.329641035759755e-05,-0.0007422586147104516
0.0001449383000890047,-0.00043725630211972726
7.82021070216878e-05,-2.9761567708163847e-05
3.6098285986048515e-05,-0.00018436961904800398
0.00011547860251869614,-0.00115364822807417
6.648536884168716e-05,-6.161347706612638e-05
-6.068588125795568e-05,-0.0008339688709831447
3.2052324213377605e-05,-0.00026039570643066924
0.0001461922736561558,0.0003744463647490728
8.42702055424667e-05,0.0001923239464968716
-3.516740352466492e-05,-0.000703409161421248
-3.925589306039647e-05,-0.0002788825047708053
-4.836721269773123e-05,-0.00014746899420400587
8.32803728613252e-05,-0.0004579437522133009
0.0001294352185067465,-0.00016208264354292915
3.222469229375804e-06,-0.00042626079239698015
1.4934850750840194e-05,-0.00036864073653759447
3.298385783632435e-05,-0.0005294196516375908
9.869056064093685e-06,-0.0008475661559324543
-6.405834589422003e-05,0.00019955071198440307
-2.3473539397230532e-07,-0.00041029918711058927
8.208711482123065e-05,-0.00029767126023923506
-3.524892911787614e-05,-0.0005547209610725686
9.324592961093022e-05,0.00015759062020014015
0.00011391229419379268,-0.00014598555519881295
3.451277941984537e-05,-0.0006291875454164105
1.101844792133e-05,0.00015077967352488335
0.00010380820033293491,-0.0007147351279297283
2.3760550704671944e-05,-0.0006780049673465356
9.34616052642008e-05,-0.00020952688901811566
1.210794390439304e-05,-0.00041802086493782943
-7.435710302492409e-05,-0.00012113360267911649
-5.738531377610592e-06,-0.0006618238120465557
6.413299475688456e-05,-0.0005240336986120559
-0.0001055928129694239,-9.195381997328532e-05
4.622649087606754e-05,-0.0008823476431611015
9.573798679226721e-05,0.00045598185747368174
9.277866753019931e-05,0.0004151985582201936
0.00010168826111760594,-0.00014883300172739477
3.8284839278516505e-05,-0.0004892305584390997
8.468726501970167e-05,-0.0007165729547682658
8.626358319425279e-05,-7.764982516319033e-05
0.00014296786067498194,-0.0002800480421722469
7.596357815922894e-05,0.0003294904154089329
0.00010954563145001975,0.00013401753412142892
0.0001139493119146864,9.614954726492992e-05
0.00016479835656624592,-5.634992642972444e-05
0.00011997635528140266,0.00016788106063887103
7.332940677274577e-05,-0.0004598842995691188
3.4838064721489514e-05,-0.0006463454194856252
-3.545130256084653e-06,-0.0011941388876347226
-5.875980600650527e-05,-0.0008471534449407394
-6.217496513292528e-05,7.171930237823398e-05
2.509819506324817e-05,-0.00039639053871249913
5.312758911291544e-05,7.588877918942151e-05
1.440847232482472e-05,-0.0009268696315398996
3.411356078924954e-05,-0.0014103203425984748
2.2437606943190574e-06,-0.0006982202620705529
-0.00019432456408992956,-0.002165446133926793
5.418040080842478e-05,4.5056311076030126e-05
3.3593566390671616e-05,0.0006011699621622862
0.0001325055056455377,-0.00037978276266266317
4.818527691446961e-05,-0.00023680316343018546
4.882458314861587e-05,-0.0013038663049975397
-6.633341907646512e-05,-0.001037036639286817
6.946855127646964e-05,-0.00020847247954124538
-7.136450561192963e-06,-0.00019776812411492146
0.00016266370380227661,-0.00033477264200939546
7.285218538395522e-05,-0.00037540082742201374
0.00010469916259966735,-0.0007960597765829702
4.889369764733353e-05,-0.0003081380445093257
0.00016944073906152853,-6.0462748536828826e-05
-8.624184451523989e-05,-0.0005631087643794059
0.00010832037166430065,-8.52956597276147e-05
-2.6755258741467132e-05,-0.00021116075976520128
0.00018751879375524305,-0.00018303025007771736
6.25809972496165e-05,-0.0009596488954944528
-6.610063940014436e-05,-0.0003038636959311789
-7.15859883370607e-05,-0.0003784594470187195
0.00013891539180469297,-8.130063993561836e-05
3.6636191649364665e-05,-0.0007881429676296788
0.00011251279111599896,-0.0005322672121066542
7.323037930988288e-05,-9.514631372955549e-05
4.596909776844707e-05,-0.0009426782067907008
3.892781686539228e-05,-5.8553855444946724e-05
8.040708621575302e-05,-0.0003280417118826449
-5.797285666932949e-05,-0.0005156885058429767
-5.15013853723462e-05,-0.0006381081066218558
0.00010870717436534027,0.0004289589788903222
-3.6001153220742432e-06,-0.0009315257961718592
6.788915258471124e-05,0.00018050853887557628
7.104815507885063e-06,-0.0005689954488478405
0.00013901002008535497,0.0001781190258091961
1.7063194523972663e-05,-0.0007537448923508094
-2.6146268944375725e-05,-0.000673555462551548
-0.00018601169570894036,-0.0013722521205526827
4.956038920740751e-05,-3.235272226587011e-05
2.2129352316002318e-05,6.259440602453247e-05
-7.075083113332808e-06,-0.0008358438638103363
4.2741102992965396e-05,-0.001034251263991963
3.660481867457166e-05,-0.0002476218244873939
1.8094230923636732e-05,-0.00028152947731635477
2.556212880740178e-05,-0.0004814662930547894
3.845256995860016e-05,-0.00018493753234063266
0.0001973723921179998,-0.0005028475260213261
0.0001888279801127179,-0.00017093865668791063
4.700341983018217e-05,-0.0006332239866835285
2.2752329204298223e-05,-0.0002717429158582413
5.4072076974351216e-05,-0.00022875420545373905
-8.956489140442059e-06,-0.0006965575201827189
0.00012331448352986818,-0.00034592676722452044
3.544402420578384e-05,-0.0008013505049069666
2.1689360391736177e-06,-0.0009720209928569032
0.00017517511272251878,0.00035156097405837736
0.0001043040850200951,-0.00031778261799367394
4.393657073013224e-05,-0.00032472034018301156
0.0001295549742146835,-0.00041462824186461173
-4.852802300454314e-05,-0.0006864434707686973
0.00020117995185873493,-1.5301172782588213e-06
5.701565141617198e-06,-0.0011628581123296505
2.8012202523754713e-05,-0.0004709654681505765
-2.1858712038655935e-06,-0.0006830723180555714
-5.77761755501849e-05,-0.0003594540456579496
1.9293029880725315e-05,-0.0003618728843757286
-5.5913294603801415e-05,-0.0014213088884102486
-2.9040391701912855e-05,-0.0005922178540445238
6.610278654633933e-05,-0.00061148980866907
6.965848830306566e-05,-0.00010501935360524058
0.00013945711163925896,0.00026675024997534707
6.204682228678644e-05,-0.00012034406224571031
2.7887228027739146e-05,-0.00027630197513988893
6.72887538696209e-05,1.0891821909760237e-05
-3.99543405856137e-05,-0.0005317353282491234
0.0001252446752702081,4.992650656668478e-05
0.00011737385901650665,0.00029263525180523873
8.610955525873072e-05,1.0805999155202167e-05
7.38498564984565e-05,-0.00016238742641370334
7.020459179641905e-05,-1.82263744041577e-06
4.6421583354786373e-05,0.00013762249819468863
5.205833316741059e-05,0.0003813174753091775
8.166268848503226e-05,-8.867306563954089e-05
0.00013071766224307462,0.00019433189532116698
0.0001045960357666035,-0.0011385709380442154
-6.425484844848494e-06,-0.0007903625064406578
-0.0001208919393704284,-0.00111902807648445
0.00012021303657059105,-9.530909925116381e-05
-1.1537914459139157e-05,-0.00011311237563899298
0.00018895962790813019,8.373993693102158e-05
3.845423794938155e-05,-0.000615647188528867
0.00015160461837513114,-8.684473060414422e-06
7.386831428207858e-05,7.85017395608524e-05
9.312609676929962e-06,-0.0004479317090910123
-8.200969905354279e-05,-0.00042545680976384083
0.0001471416856022942,0.0005353994957743541
-1.7475497078481788e-05,-0.0005619607505398863
7.63685811689656e-05,-0.0005149370115244872
-0.00014584745026711675,-0.000563990414645033
0.00010929416623571686,-0.00011696950487276889
9.937807980708337e-05,-0.00025653700312513203
-6.046582498526296e-05,-0.001486900481513996
0.00012202994450783352,-0.00048163428001272263
3.871850498407641e-05,-0.0005076384666722848
0.00011953629573607287,0.0004866606476204117
3.0368625180247975e-05,-0.0006660239340751615
3.4181960143579406e-05,-0.0008029395178173319
1.3360601361344938e-05,-6.600128364070526e-05
4.3245148808182624e-05,-0.0008360218522481672
4.6366192691099265e-05,-0.00035594170698781326
5.2028391454763865e-05,-0.0005919507000529619
6.805429806750757e-05,0.00018316593110752956
1.8932951798481218e-05,-6.75294792996135e-05
-9.766844878373427e-06,-0.00026961192416386507
1.0848200324385378e-05,-0.0008711607027656339
-0.00011468099534886196,-0.000574105854357888
4.926136395708272e-06,0.00032842404039920434
4.5605296079713665e-05,-0.0005786406989670275
2.0134652718272898e-05,-5.4800919556692e-05
3.7570808552937095e-05,-0.0004866765028382479
6.408452645251993e-06,-0.0001564605518555776
0.00012045591437251875,-0.0003285221769804502
-7.905181420628094e-05,-0.0004972348437201271
-6.0203695708069515e-05,-0.0008439586648212622
-1.315869832467452e-05,-0.00047714121948062637
4.787828438840687e-06,-0.0004802555800828383
3.7982955459878143e-05,-0.0004452581788423679
-6.845345899003278e-05,-0.000542374265063953
-5.025021022724496e-06,-1.544684296816065e-05
0.00011232056394526563,-0.0009761412163213269
0.00010731763073875756,-0.000358804146980943
-3.68983512440698e-05,-0.000841022257268856
0.00014349161814802543,-0.0005885116479915059
8.756956477539941e-05,-0.00043700731947266734
0.00016210083835725122,-0.0007638459249961526
5.742604252264951e-05,-0.0005239754568846702
0.0001223393327956537,-0.00020434218672634575
0.00010646603053927516,-0.00022727108500268027
9.789786664312972e-05,-0.00024749818406737546
3.6128216504123484e-05,-0.000498620504670744
9.457045365737502e-05,-0.00025157859454540094
7.244665770552225e-05,-0.0003469433144338328
8.676499925175233e-05,-0.00014937841734884475
-7.0291678240163e-05,-0.0007877174619297729
-4.717059093453108e-05,-7.227648150038123e-05
0.00012756285469965698,0.00031192618024527413
4.517301415428611e-05,-0.00038928577014348757
0.00011223771524618308,-0.0003537811692586985
6.861772990517608e-05,-0.0004959631437768614
4.552121915796692e-06,-0.00042372193394345844
-2.7771617158918482e-05,-0.0007468629406543283
1.199784824102328e-05,6.411660408014865e-05
6.602960981032268e-05,0.0001640908088883182
4.1747881320969835e-06,-0.0003759039807116367
0.00010379232359442265,-0.00011342784137597159
2.4335144965376024e-05,-6.264391745079004e-05
1.3411991685423284e-05,5.598189500332252e-05
-9.244195093734736e-05,-0.0003789938768576561
4.815314581348124e-05,0.0003754666121242667
0.00017384969148704732,0.0005023778082744061
-9.668364710147345e-05,-0.0007416315786724357
-7.760210761025596e-06,-0.00015333218373631097
3.829604543336359e-05,-0.0002604260344623849
9.662507439357935e-05,-0.00020398314541585433
0.00012482673908675428,0.0002978983623837825
-2.6949109259502747e-05,-0.0005871958242625366
4.220614912882201e-05,-0.0004488707608796238
0.00010297160029049343,-9.926965661562811e-06
0.00010395104495473099,-0.00034239391520397903
-8.181081400500265e-05,-0.0013596577179115932
-5.176549932763973e-05,-0.00029565609165467033
2.3088850681368493e-05,-3.809393687663151e-05
8.258188236216058e-05,-0.00046918399297493895
0.00010161302486344818,-0.0012066404564850593
-3.357370769337662e-05,-0.00022089203773940702
4.103377820542836e-05,-0.0002205642601379231
0.00016723763766805387,0.0006961205816008843
1.2015311559221049e-05,-0.0001299033862873477
0.00012723972298577823,-9.14952056084069e-05
2.2875856893429287e-05,-0.00041777500702277283
4.844334499967074e-05,0.0002928190671733609
-0.00014121078599759057,-0.0013963554993120947
6.259241678520855e-05,-0.00013025110635046927
-7.276444605011222e-05,-0.0003326626876356415
-1.787325267641226e-05,-0.00013296598564567348
4.5107104949980415e-05,-0.0007967134761923787
-1.3062019376086284e-05,-0.0004531702810502199
0.00021800126108335318,0.0005334696803681284
8.989365379117639e-05,0.0005204302730408624
7.853500118964093e-05,-0.00013336051621622074
5.933435564651244e-05,-0.00011761753196201644
5.5662798405686125e-06,-0.00034743210791941684
2.5418271545627976e-05,0.00011585968883431045
0.00014499675195593387,-0.00047585169565428993
9.238674978020828e-05,-0.0002313948922229846
9.212698307896794e-05,0.00033631106382488575
-8.339903337341401e-06,-0.0012669071112473773
0.00015448364077363111,1.1993718797553859e-05
0.0001121693297892289,-0.00030253446741301934
1.620962727253938e-05,-0.0012050023314959834
9.380550314822922e-05,0.00023334833016170882
0.0001346524300096976,-3.4054181443530796e-05
0.00019515392997659833,0.00019965415808659198
0.0001612536130057404,0.00027747818808757677
1.1072000481522501e-05,-0.0006770700811228637
6.656423777323111e-05,-0.0008885975069063101
1.7269516975149308e-05,0.00021328880747760606
4.7124839230205123e-05,-0.00011223194198304563
8.422615015105095e-06,-0.000566116833951468
9.074564585649325e-05,3.896813972579854e-06
-5.632114817949408e-06,-0.0007771255227175704
-6.715102603817904e-06,-0.0003403363613148115
5.769851036257885e-05,-8.502757315928113e-05
9.700595942581697e-05,-0.00037461142377761853
4.097534162066888e-05,-0.0003536246867976978
4.80309620928216e-06,0.0001702380382655463
-5.7696632822939705e-05,-0.0005929438194073697
0.0001417224320617724,0.000677387187340266
3.9322774334958486e-05,-0.0007523418927265057
0.00019417722593577478,-0.0005164871929547317
3.632214529454133e-05,-0.0007534444362403715
0.00014315407330522804,-0.00037012158106343874
9.442737336536075e-05,-7.799056944771173e-05
8.250166182188727e-05,-0.00012683221945122884
-0.00010113105972293953,-0.0005736009710342215
7.183602319517634e-05,-2.16790056724386e-05
6.331274200590132e-05,0.000267260361742707
3.792761932614556e-05,-0.0006426435470970932
5.138499973533867e-05,-0.0004288698535817012
0.00010285169505168352,-0.00012435304746801737
1.7053786194343135e-05,-0.0003065790069694434
5.009572464500817e-06,-0.0003946998639606786
-0.0001464045904577873,-0.0007789119734313437
-2.27638598541027e-05,-7.473648971925154e-05
0.00014075793741682841,-0.000667725752319457
-1.072138586001074e-05,-0.0008207660472751563
1.558580495359989e-05,-0.00013346820024658112
0.00010543579646433399,9.593847990278085e-05
6.172153634316486e-05,-0.000922499436109763
0.00011796777047596197,-0.0002241188945300888
1.4301258466686541e-05,-0.00016942885088403582
5.4533924888263145e-06,-0.0005447428800322898
0.00011380393616810619,0.00028905892403717774
-4.44903317316153e-05,-0.00012174759567032715
-2.0264057945617415e-06,-0.0017565346479087888
0.0001483370707876163,-0.0004885935437405512
0.0002488586555922707,0.0006960091140446579
0.0002662975807609985,0.0005577017096322172
0.00011151947944549256,-0.0003464238172179244
-4.850880682766442e-06,-0.0005750277830601984
8.753406140419028e-06,-0.0011695940285884308
0.00016201452154216824,-0.0009785932609824978
0.00012095049381138692,-0.0008426432934396186
6.343712976234712e-05,-0.0002894357089883465
0.00014507525417161568,-0.0003421855308772727
7.573723990554906e-05,-0.0002015330105178822
8.70167211922848e-05,-0.00019336042553324455
4.169343498998436e-05,-0.0007270504734808103
0.00024142217281600321,-0.0006815971645710112
-6.023412237075279e-06,-0.0004354011412739526
2.6144598755851865e-05,-0.0003731684455114307
8.17610362867099e-05,-0.00024282194864748072
7.491682706061979e-05,-0.00031991557252330626
-7.519663689018819e-05,-0.0009992892132670854
1.4809998845222421e-05,5.334268217070562e-05
0.00010980273368043264,-0.00034517320417807446
0.00017698443773499112,1.2934600058101334e-05
2.8281511358225955e-05,0.00023155481289903647
7.064752188748587e-05,0.0003782829150403885
5.633662949523175e-05,0.00019234478644689594
0.00014867482718919126,-0.000613261981810737
-1.2058967249978366e-05,-0.00052965889731377
7.482009321524986e-05,-0.0006277047952501637
4.074070215888601e-05,3.2178271548526885e-06
6.046024907897964e-05,-0.0005104516347434166
1.724517760173463e-05,-0.0003459701402719953
-2.2396840064636256e-05,-0.0005561547235797152
5.803306414536646e-05,0.00039359483169969955
3.251363704028602e-05,-9.9445787077847e-05
0.0001180680240575563,0.0002272625946231246
4.886759505658378e-06,-0.0002623336572083593
-2.1955255788003695e-05,2.6856271356077353e-05
4.4830857261135765e-05,-0.0010527810516452304
5.200881881923348e-05,-0.00021281434432922502
0.00019082009120672237,0.00034123750272750783
-4.616055985866291e-06,-1.7734705397810737e-05
9.680393112587e-05,-0.0005185300961576135
0.00010198884855016317,-7.832510245326052e-05
8.544392351833761e-05,-0.000920169102484293
5.120999741129324e-05,-0.0006835792623697073
-4.312932770878707e-06,-2.0151455197125264e-05
9.922814203764432e-05,-0.0003407974450163173
-1.5951873601536783e-05,-0.000822772422838606
-5.4456822762635726e-05,-0.001074025155249782
2.902451710407275e-05,-6.04036419374178e-05
5.219882989611493e-05,-0.00031781654798899333
0.0001005088363403958,0.0005164702403811449
0.00013929434575816202,-0.00035859183588723525
2.0567744115483513e-06,-0.0005076164130150009
0.00012575332048847407,0.000159064512336101
0.00013947640120541427,-0.0002707297201613307
-9.130723029352755e-06,0.0001254964717389504
1.865173917456461e-05,-0.0006190090167928018
-4.7790706402333006e-05,-0.0009415125266942262
0.00013478023347408109,3.820927129268866e-05
5.4713364340055104e-05,-0.00014301428530510648
5.522596479044811e-05,-0.0005906098385686097
3.6538450569230385e-06,-0.00026908290335825373
6.311790047273735e-05,2.050967159345602e-05
-2.4433680205229247e-05,-0.0006670480109059931
-1.0680728790943365e-05,-0.0001377161759724089
0.00014071581383669148,-5.085095295034487e-05
-5.836861699730399e-06,-0.0004500359338226168
6.577393098334934e-05,-0.0004831754016604427
4.1671174127849524e-05,-0.00025877721306922185
1.839825458591673e-05,-0.00021279946976514286
4.6094367264298234e-05,-7.338979247867379e-05
0.00010942785429086667,0.00019973479612071386
1.9460640113193957e-05,-0.0002537418303477978
0.00010811552706351758,3.935497725732322e-05
-4.954955045205736e-05,-0.00026157294496883865
5.452704682439347e-05,-6.147893955942524e-05
-1.7309569409158475e-05,-0.00022778853442668887
4.790033746477692e-05,-0.0007739826661974012
-1.2907279789154292e-05,-0.000257852795442568
5.0202538270577583e-05,0.00026219532272777366
5.5356734548901336e-05,-0.0006032988217153678
7.306592662282614e-06,-0.0005619213394578564
0.00013237987544693542,-0.00034390591891949365
1.4579097449551572e-05,-0.00020787454268634658
3.31360810873579e-05,-0.0006442114387611116
0.00018756584914347423,0.0001955420514537924
-5.640461738222973e-05,-0.0008026933906248406
5.554110247065649e-05,-0.00020789833819076137
-1.1591360062368353e-05,-0.0006221975318803526
0.00013390857303227633,-0.000385966298198774
-4.654905223178203e-05,-0.00017153314536901985
-3.418267019594299e-05,-0.0010603943121428785
7.7067607459137e-05,-0.00018353431565526406
4.884905398847094e-05,0.00014166124653653837
0.00015691540948990047,-0.0008050578854841132
5.8983083629063555e-05,-0.0009178232024816782
8.76856573481867e-05,-0.0005754585178119676
1.3400315013866745e-05,-0.0006761284632415429
0.0001381323404283602,0.00017373998064461096
-1.103846273736512e-05,-8.397063229922391e-06
0.0001884438390536659,-0.0002602292694725591
4.7511235469870544e-05,-0.0008919591131057394
3.300034418716964e-05,0.00039619063879528483
0.00012811258148153908,-0.000331802043400789
-7.992168178513556e-05,-0.00010849358885729407
0.00010461941511843569,-0.00020751040381403402
0.00010393724329751643,-0.0012412845311312428
-3.23692395569443e-05,-0.00013723984165803178
-1.4272023935455412e-05,-0.0006440221315315354
-5.869345221461286e-05,-0.0013319434641843203
7.307430622922943e-05,-0.00022049524112538116
2.711627603243057e-05,-0.00047044995387373825
6.444688617986247e-05,-0.00028479345706813
5.6553565632987916e-05,-0.0011789985888300044
9.963843410231999e-05,-0.00018643636867956843
2.9654068674959e-05,-0.0005717806669773568
-3.308001304301166e-05,0.00034569157478459575
9.018270045816753e-05,-0.0006717015968733518
-2.361165019163842e-05,-0.00047091796171102674
1.6182342126232972e-05,-0.0013732272219729416
5.35167478215616e-06,-0.0008204538957618695
-2.4045077334784238e-05,-0.001349741569675863
-3.421076896745738e-05,-0.0011757699168836683
0.00010701432544818392,-0.0001721293202066201
9.121523481724045e-05,-0.00013440309633150517
7.568467903174716e-05,-0.0010270075670879629
2.567967991520779e-06,-0.00040834463274297796
1.644565094732818e-05,-0.001101398668180011
4.5759928441798005e-05,-0.0007811333311381701
1.717802541474975e-05,-0.00047355672215842744
5.415164472678195e-05,-0.00012056165660913966
6.782043244168938e-05,-0.000958963236568987
0.0001283136614789413,0.00047424443494575153
-0.00010028491734419802,0.00024628923672984884
0.00010790561775393104,-0.0009067616585044844
-3.4973594539403107e-06,-0.00012331594650043855
0.00012826448910397564,-0.000267466010542646
6.163522589155607e-05,-0.0004488830968069214
5.3546704464260274e-05,-0.0008506118895184045
-1.2410529031220657e-06,-0.000454066542838169
0.00010359826352754123,-0.00013919869355074428
-1.124884980981865e-05,-0.0009550804789760768
7.793542690694429e-05,-0.00016396987769512898
6.542307848102622e-05,0.00011734292985431226
-2.407455020135633e-05,-0.0005881788585174708
-4.2856462070883235e-05,0.00044348409488456143
7.259881899301384e-05,-0.0005748147258972801
0.00018304697284385235,0.0002470431189648433
9.476317126381444e-05,-0.00022130332917896886
6.470952835270765e-05,0.0005667418306203478
6.642874569234928e-05,-0.0003750803067132751
9.235932715793644e-05,-0.0003916186578303725
0.00017660536030285703,-0.0004159645194983377
0.00012289547675710258,-0.0009783303381194527
5.652397629691735e-05,-0.0006487157500595683
6.996078984519824e-06,-0.00086478171460508
5.424585136904153e-05,-0.00021613551166499095
5.688676009088118e-05,-0.0006607637328715467
7.573321378191731e-05,-0.0004478824221719708
2.3659317358661525e-05,-0.0002752252361048214
0.00016279924991194832,0.00033033770524797546
1.0599001267529238e-05,-4.016055359958812e-05
7.507435463709902e-05,-0.0007173609485498808
0.00018723250308106505,0.00012589826380572265
-6.267975360243214e-05,-0.0003879871932221951
0.00011830800405282873,-0.0005559929229917111
9.770026761924257e-06,-0.0007478463053416528
0.00019692106974795697,0.0008323902713418593
0.00011621437940360487,0.0005427809205240513
-2.6130417335522798e-05,-0.00021242683761031137
6.529550411491812e-05,-0.000940863728824255
0.00011500969868127444,-0.0004655132261659597
-2.1865564770773044e-05,-0.0011573441755944227
0.00015071771795092362,4.470298060739512e-05
6.72630429201589e-05,0.00010325960335176357
6.044601636593416e-05,-0.00020682832397599945
-8.586463310571762e-05,-0.000545450651928537
4.230824742528354e-05,-0.0006824517905590691
1.3188308463729667e-05,2.107375823670867e-05
2.5332858143984265e-05,-0.0007326759182178548
9.367458285638677e-05,-0.000234466313890251
2.9372213036848622e-05,0.00021827928783752025
-3.461921694186828e-05,-0.0005536941193652004
3.797076373947831e-05,-0.00041765169418503894
-9.137152316406134e-05,-0.00043055106192986276
-0.00011545971830576886,-0.0005359567437136023
9.048041886577563e-05,-0.0005041418443682953
6.710642450005145e-05,-0.0002075877508354777
0.00014859186200370908,-4.993523739926561e-05
8.406409983694493e-05,1.613566722402803e-05
8.1617821900648e-06,-0.0004359586048101237
0.00016789882938918335,-0.0007560989492202594
-5.566183968963939e-05,-0.0010397559478236785
-3.3716359412522544e-05,-0.0003763169921702351
-5.5552843874659115e-05,-0.0005440877859438683
5.691753321073942e-05,-0.000810906145017419
1.4364283733904075e-05,0.0002678296080696087
6.392612660898854e-05,-0.0003976705125193976
0.0001030817241225053,-0.0002874659977501411
2.3367237146794764e-05,0.00015903155272497908
6.181599818788931e-05,0.00032084354028464495
-9.8550383633003e-05,-0.0008029413490810685
2.6219610955543847e-05,-0.00045884385903672946
6.9174558165403e-05,-0.000907872913594014
0.00018762291739290548,0.0005196767747029397
3.627685123151266e-05,-0.00042555279417253995
0.00011344685849960194,0.00039212394024002443
6.46744424799995e-05,-0.0004713771941369544
-8.253693091300168e-05,-0.0006577655801118838
7.827028416369222e-05,-0.00021312575959686307
1.8832296497575866e-05,-0.0002678763764155924
5.476358548120561e-05,-0.000436353931365682
7.376837419481094e-05,0.000211114939667338
3.06720377048221e-05,-0.00010602635040180694
0.00012764476987361123,-8.249383212042318e-05
5.539461836044177e-05,-0.00061734373606748
2.7599197357834398e-05,-0.00044122762080120047
9.591863657441196e-05,-0.0006448106559513058
-7.437280362483997e-05,-0.0001881145975571847
2.290502323660853e-05,-0.0005809791212137293
-0.00010034959424343786,-0.0007383041589438773
0.00017727922128440827,-8.28440758782207e-05
5.237459528111426e-05,-0.00014244043152209158
7.99959552940825e-05,-0.00033294258568386666
2.3462003266453324e-05,-0.0012700931140770238
0.00019070182554048416,0.000279026019978908
0.00018253873210646645,0.0002349022726826418
5.900015811971377e-05,-0.00036003813846686165
0.00016241024995527356,0.0002851958137391114
9.040108262490092e-05,-0.00021861766602506474
6.547219087898986e-05,8.416922902582729e-05
0.00012815613089722696,0.0001075435928542075
5.82036606272857e-05,-0.00017154611312880636
0.00011027953864518219,-0.00017339662428006
8.539459140958571e-05,0.00018516203474523458
1.593982133461501e-05,-0.0007355650874625284
-1.927383623442531e-05,-1.677231753431771e-06
9.230272419530707e-05,-0.000433034356989515
-2.0499242394893648e-05,-0.0003419744742512007
-5.733712309577394e-05,-0.00047706428125588986
1.820467583083627e-05,-0.00021608902780422259
0.00011232973716066897,-0.00017927104605492742
0.00019288180456483237,3.656700032168218e-05
2.9307494540180273e-05,-0.0007602162673407657
8.097148217579074e-05,-0.0003738119810543617
9.917057782052427e-05,0.0005094349478713251
9.323990002322707e-06,0.0002869096477395651
0.00015233343726819726,-4.2407243302799785e-05
9.780023512342453e-05,0.00045207935265776164
0.00013871445001555554,-0.000387583079499953
7.006232822067787e-05,-0.000568195430134885
7.934532009978246e-05,-0.0003256554265175393
0.00011050051606414513,6.969161207385183e-05
0.0001623070558929224,-0.00038344573462587895
7.911717989793598e-05,-0.00012463968696138145
0.00010639430640837759,-2.0590377011544723e-05
0.00020929945294722427,-0.0003044101901909978
-3.270526813390517e-05,-0.0010094256175520314
-2.5875606010375445e-05,0.00019579929370661057
0.0001246302766548916,-3.0074162896650186e-06
8.959972910197387e-05,-0.00012968243821950826
2.385258711072496e-05,-4.7028050436311795e-05
0.00013673346694043672,-0.0006779617941009623
7.24663999256029e-05,0.00031624060078592933
7.503674005019019e-05,-0.0006108799504186437
0.00012425889251327217,-0.00024063794568614369
0.00010738404520302237,-0.0002567786553892891
4.6507187357668246e-05,-0.0007694097011526223
0.00018071219929288225,-0.0005028956429371477
7.35030157897609e-05,-0.0008218253308002327
3.121588243721048e-05,-0.0007068200036119386
1.4977767803608482e-05,-0.0011397563573029095
6.575293745105225e-05,-0.00046342334708826115
8.880680148348169e-05,-0.00048385658325745867
5.899296244195969e-06,6.674931593653006e-05
2.6867237722951755e-05,-0.0005540044210575082
0.00019283555138370078,0.00035284872811483444
1.5749990163226897e-05,-0.0007360974522671366
9.57698768874214e-05,0.0004897445947144141
4.2574154789157406e-05,-9.044450341213423e-05
8.049978004351027e-05,0.00037888756595464606
3.772277151890591e-05,0.00032270697874140555
1.0757955458781557e-06,-0.0002367997133958568
0.00010109046799285918,0.000340700188832982
8.307928486321072e-05,2.428539727078726e-05
6.021245003382723e-05,-0.00029947914115738755
3.3904148233360014e-05,-0.0008840263263445573
0.00016882198392288074,0.0005790778656358466
0.0001251886946443158,0.00021140118812554547
-3.0008562775498337e-06,-0.000722088582408851
2.2550069592936644e-05,-0.00021608526702661992
0.00010240010608672951,0.0001937302200624345
4.7868604951028544e-05,-0.0001028229200218405
5.2835894622086553e-05,9.526478478323062e-05
7.854526202924153e-05,-0.0002476864098163216
-5.585965733758132e-05,-0.00037510753057116525
1.832637614599425e-05,-0.00028753178278278157
-0.00016558432628640724,-0.0010551085715855568
5.693294418981774e-05,-0.001486847397984442
-2.677178838138885e-05,-0.000911112981416578
9.417463835954129e-05,4.157643571219436e-05
4.527273779299717e-05,-0.0003692347886429476
1.2372040635752382e-05,-0.0002458831676562394
-0.00012865829944664557,-0.0005639245416375573
0.00014862748118847093,-6.402266282936386e-05
6.901880210892844e-05,-0.0004515672329932043
9.272155671502257e-05,-0.00028247611220713235
4.760959738553527e-05,-0.00024539627525448136
-3.6852234810522404e-05,-0.0009693483262316308
0.00010815114611250242,0.00024269904212191444
-4.359976946837803e-06,-0.00037937909016825833
5.725639139681274e-06,-0.0005644514291778641
6.206835099688709e-05,0.0001383864431088081
1.6637883846711487e-05,-0.0004226814828218728
-1.9270569067454993e-05,-0.0006503940983488908
-0.0001279387216404405,-0.00058703735092238
9.747258621132471e-05,-0.0005595483221491398
0.00014371777696680428,1.1390141299851266e-05
8.95531720187991e-05,-0.0005621466381016459
9.060425093437608e-05,-0.0006558904172591375
9.746958370590854e-05,-0.0006117395556705553
7.346081474832121e-05,-0.0003900647096580491
0.00018306607634247763,0.000697300048728049
1.690878610247559e-05,-0.0009180445317512956
0.00018276189255264823,7.661813097086583e-05
7.514171577646542e-05,-0.00043590376915180146
-2.295153970940521e-06,-0.00039714373136566267
2.1929545053938127e-05,6.770006286254729e-05
-2.3102838105845463e-05,-0.00136976192365985
0.00019023035132761785,-0.00011672749462976652
6.098284160702084e-05,6.309908365183001e-05
-2.8656922140315175e-06,-0.0001343060475147579
2.8823782935312995e-05,-0.0011150506003414125
-0.00013250733675409618,-0.0009969059099797016
-2.469170515420629e-05,-0.0007633603505499477
9.40869182227574e-05,-0.00017584271849836557
3.197779762335553e-05,-0.0011083472829857435
2.1599211909717063e-06,-0.0004384899990278858
7.305119486064917e-05,-0.00048719212232682077
-5.097770764818745e-07,-0.0013097439504929833
6.436220382692568e-05,-0.0009956480902565804
-8.288305603817918e-05,-0.00046093011654571613
6.726220878138889e-07,3.752487780850979e-05
4.803321787893944e-05,-0.0002239713795354578
3.7126027699057495e-05,-0.0006298298246641203
8.126603120262881e-05,0.00010626899251764413
-4.792475174718113e-05,-0.0010125075283431598
2.0309683237844324e-05,-0.0007742590620937443
-8.392253230777924e-06,-0.00040119678463186294
3.109505945930808e-05,-0.0006385611135821869
-4.532387459865454e-05,-0.0008992583479947669
6.886872212426298e-05,-0.00016405720062334422
4.673924625942446e-05,0.00021941443256383455
7.303511326817535e-05,-0.0004956297850028339
7.654363768097911e-05,-0.00042681077094132636
9.581432073712588e-05,-0.00018963954806977489
7.383682824239061e-05,-0.0012336614682831129
5.156291547110179e-05,-0.0003023894406480171
4.937060358186469e-05,-0.00012706515329759488
8.848872316995272e-05,-0.0008069722218138609
7.562960843005198e-05,-0.0004956158707404221
9.687663885365913e-05,-0.00038121280763589005
0.0001548164416873691,-0.0004848512356569341
1.6444881473482456e-05,-0.0005773989890861359
0.00019271390860428313,0.00043205004118556495
0.00016000783169443404,-0.0003017855503452433
5.362509601755609e-05,0.0003529462161386267
7.740389211196858e-05,0.000246258386854993
-5.43900581112587e-05,-0.0004329614534048805
0.00011024801634883955,-0.0004238430361112633
6.568513970721696e-05,0.00018889886727733074
-2.9007853540909638e-05,-0.0006156985659570579
7.98544689155411e-05,-0.0005541504285472449
0.0001293288139718798,0.0003823135092376524
7.956958579885759e-07,-0.0004324133937566219
-4.321465054067974e-05,0.0003444860096786154
-3.0866835825407854e-05,-0.0008850455629637581
0.00014869810335548655,0.00015372428062903633
8.530031851008437e-05,-0.00033245103146355143
1.6869289755227655e-05,-0.0003508565526456365
7.5766546410971326e-06,-0.0002992793747660535
1.7312439877917768e-05,-0.0008685011788608797
0.00013151453763985405,0.0003250666109233145
6.333747948283466e-05,-0.00026248003709341086
0.00016917421309703727,0.00021377683718741604
3.3688137207533536e-05,-0.00018961625532382044
-1.1120676052996125e-07,-0.0008977549324900654
0.0001554318664081533,-0.00037564848510923416
-8.273552250735619e-05,-0.0004560499335470147
2.616034087642258e-06,-0.00017979219570054815
0.00015554376606158378,-0.00046376156583034474
2.7979154960263775e-05,-0.0008915019560779914
0.00010594024213673935,-0.0005416103202884536
0.00019034508900366335,-0.0001301140656295153
-7.531566948342243e-05,-0.00040465065749731776
-3.4072697279476815e-05,-0.0012304352378730461
0.00017940785981607448,0.0003343915944044952
-1.2621030665067883e-05,-0.0007422523396123073
8.121508958979916e-05,8.726403112691559e-05
2.504276516146782e-05,-0.00026900879588102287
0.00012649162644390706,0.0003390554599508958
-6.594625939475659e-05,-0.0011428956147962466
-4.92024147747235e-05,-0.0004558054784757111
4.882961892796066e-05,-0.00033763379583003176
1.0135215790184858e-05,-0.0008239390586260916
-3.8591814542836674e-05,-0.0012787930666915558
1.3438043510556597e-05,-0.0007381609842358305
3.7332731626667955e-05,0.00048654863902583025
3.8032090941524945e-05,-0.0009302970653205088
0.00017004895220417216,-0.00026896850029533583
1.315698289089146e-07,-0.0003996897683338493
8.745371342998759e-05,-0.0007165749291450707
0.00011647700807921035,0.0004230077979631995
3.174461086349577e-05,-0.0012733930831477984
0.0001567665605391113,0.0005532486217404871
9.625678956430331e-05,-0.00012174745856523254
2.9388740910076005e-05,-0.0008841485732560704
0.00021405740568746268,0.0002492079877496454
2.112708178216504e-05,0.00014415712908711134
6.811961282166755e-06,-0.000919813827854752
5.548586909405947e-05,4.505442390238779e-06
1.4328735409198574e-05,0.0001851899310684717
1.8106002925774226e-05,-0.00015225823610782053
6.826662602947223e-05,-0.0007333671244264527
6.088650552162235e-05,-0.0009999211652679156
3.3110884259938695e-05,-0.0009697319407966594
0.0001706148621698495,-5.408769783318788e-05
6.253609103886072e-05,0.00023378465389280572
1.0948560485185381e-05,-0.0002693504030648417
1.7778526989132215e-05,-0.0011628588033684292
4.097720101545436e-05,-0.00039409554291864154
2.221035316243638e-05,-0.0002225845277620461
0.00019609373120428066,-0.0002592439715129773
-4.6981879181940984e-05,-0.0013063371248440642
7.19991519769103e-05,-3.79858479913603e-05
-7.72541698133798e-05,-0.0007348942658167198
6.759075638462108e-06,-0.0006675348026974847
5.1517808097500714e-05,0.0006829382533030073
8.955439870606844e-05,-0.00033089090251237725
0.00015994711596573592,-0.00047261286535607116
5.667795918715344e-05,-0.00040559750717648055
8.692052072224778e-05,-0.00013823113828731592
1.9415422300103174e-05,-0.0005102956381044453
-2.7261488860982344e-06,-0.0008293709802566949
-6.996829310853335e-05,-0.000925591918340081
4.327436185403582e-05,-0.0006597140906397397
0.00018500950432107728,6.516145560685031e-05
-0.0001313349985943238,-0.0009900329376832193
3.5930539778047526e-05,-0.00042742090971704526
0.0001545186807836838,0.00015921438521746505
0.0001462582698800158,-0.0001404790629414389
-4.417131185988383e-05,-0.0004539073113145435
2.824031485547641e-05,-0.00018098528649480823
-2.0115363538522602e-05,-0.00015930425573955784
9.888227981861143e-06,-0.0004707957619626179
3.57932106239268e-05,-0.0001479626707589459
9.488688825384333e-05,-0.0006775639718477459
0.00013125220113252667,0.00020251523890066312
3.360369579947408e-05,-0.0005239180184334318
9.514547768726565e-05,-0.0004784221013748515
2.903645660511976e-05,-0.0002776814578900606
-1.9354773423013288e-05,-0.0013030860465863222
6.222165637276692e-05,-0.0002397063990104486
5.881554253258335e-05,0.00019452937837107667
-7.888042503949742e-05,-0.0004010784374988417
-6.876131533510769e-05,-0.00039864116356519246
3.466645559708917e-05,4.517406969834318e-05
6.597947560109575e-05,-0.00024840688253381063
-5.85388125565239e-05,-0.0009862980416052106
2.7210390096285493e-05,0.00021510708282670526
-1.2909229754565113e-05,-0.0013239159293973411
0.0001555587402873845,-3.6696864375514485e-05
9.685851897351653e-05,-0.0003062932448845221
5.893481951437044e-06,-6.945843814383558e-05
0.00018846212692727931,0.0003691596805632185
-0.00011370324022424394,-0.0006776593272975851
7.11154925220453e-05,-0.00015767867151216496
0.00010579043372919406,0.000120962222543435
-1.3043335984722239e-05,-0.00022428010728980374
0.00010722883454934763,-0.00026258936266708997
0.00010911543671477436,-0.0009023909220778883
-9.436024283467445e-05,-0.0010370646348773992
-1.0734974483113217e-05,-0.00046791481319307065
5.9511806376756e-05,-0.00030586977162484617
0.00011905280207614308,-1.0490169179298652e-05
-7.597190624602883e-06,-0.00046838439428449055
8.20016041931252e-05,8.238503324888688e-05
0.0002144946213143491,0.0002734821819475687
6.541278404644348e-05,8.552220284708395e-05
1.0389673712045351e-05,-0.00032072165372442696
0.0001239615250166272,0.0004242192287547106
7.913471159065415e-05,-0.00020202787976117482
1.8651658180805547e-05,-0.0001919232309996804
2.7292330337098003e-05,-0.0008218511006508723
7.300751791843203e-06,-0.0001314122088475416
6.660226618648008e-05,-0.00022340111937454578
8.097409410083003e-05,-0.00048763812900342126
-3.5807447069551224e-05,-0.0006247300981215248
1.1824588739625032e-05,-0.0006057887776566719
2.3823892319491157e-05,-0.0009563448039198129
-3.0914275484246305e-05,-0.0005119757877316922
9.883315616429525e-05,0.0001355087273288077
-2.3233905768144325e-05,-0.0010152768610388145
8.531887303377358e-05,-0.0005424949165710032
5.9256660666024604e-05,-0.0003141854099104476
-0.00012215868881737952,-0.0009434401018835015
4.330288368116492e-05,-6.449882320936747e-05
2.2068937691457284e-05,-0.0003802102570728942
0.00013214015084257638,0.00044605750528471904
-2.300816822231705e-05,-0.00029086967745360853
0.00013037618301604598,0.00035720775155812217
-5.206124974965913e-06,-0.0003402084060245834
0.00015080362667534158,-0.001110463680731955
3.076738520716777e-05,-9.692245699118582e-05
-4.626333404954421e-05,-0.0007042399923967349
-2.164044162416355e-05,-0.0014006481646829925
9.606247959412218e-05,-0.0012066533362215279
-6.911179204808525e-05,-0.00039090883475705474
0.00017670491365469999,0.0001938889634297999
4.719130605929835e-05,-0.0002129531313391208
-4.6007147508805065e-05,-0.0004656978979622244
0.00011207325675878713,-0.00021482991036658028
0.0001835676602615255,-0.00012648699046912418
1.6064896135277733e-05,-4.821221387740375e-06
0.00013260680212739232,0.0005031922806031129
3.855170643604508e-06,0.00019305136316474984
0.00011844257937222792,-8.333038019672843e-05
1.537690113595245e-05,-0.0005943028067275552
3.896176739651711e-05,-0.0003379675932527608
0.0001433976229026151,0.00020312913695010303
5.9016089689505204e-05,-0.0007059441891207119
5.626398477316887e-05,-0.00022282540472177292
2.7952105255606578e-05,-0.00011982727144113806
-1.6477481449200153e-05,-0.0004945733350041494
0.00017113580664929027,6.950506982761169e-05
-9.845953643137682e-06,-0.0002885313272957142
2.715235095117471e-05,-0.0003079687675814801
0.00011256793489405889,-0.0003078806564807652
8.160324177403829e-05,-0.00048584782549638964
-8.990550201584278e-05,-0.00046316991811107424
9.615258150583167e-05,0.0001168057681168766
-5.378979029708566e-05,-0.0007227457339076585
0.00018356948704994087,-0.0002683556308801783
5.7431344304788794e-05,-0.0005863508511971449
4.3884823006244076e-05,-0.00031791508046225025
2.7330399474881923e-05,-0.00036256307044445023
4.820429269504698e-05,0.00017236401508042095
5.798555149066792e-05,-0.0011410544551248769
0.00018728499485721795,3.8164375112017304e-05
-7.420167719631655e-05,-0.0003881153463100213
2.1891605178387083e-05,-0.00021441718379475224
0.00010879855788301723,-0.0006587098170329456
3.2417339869340975e-05,0.00029327091579016916
-3.7305973942252e-05,-0.00043256354794428344
7.022860396595486e-05,-0.00029597621294072943
0.00011693860907632765,-0.00022633245092827528
0.00018157841077649683,0.0002081493937196288
0.0001121915894008244,0.00043625200048717013
-1.050917126615091e-05,-0.00017491015246268575
-5.613794235719149e-05,0.00044456906042983227
0.00014271111484172766,9.308003914033672e-05
6.259479676748316e-05,3.274453460669684e-05
-2.416616684636177e-05,-0.00023727142055056578
-3.7507850579530954e-05,-0.0005934209815063184
5.198641697027316e-06,-0.0014412678605945208
-8.030240910642146e-06,-0.00020086041201435088
0.00017367488970407768,0.0001716580833762821
0.00014929842342168443,0.0007807228823458014
-3.8200429895600814e-05,0.00011384865357132413
6.706550731878667e-05,0.00040993174326581195
3.9771554602532596e-05,-0.00023865789550948623
0.00015414700283504035,1.4852237390551023e-05
2.5448096469858e-05,-0.0005348167948122998
0.00027952328315481443,-0.00046491374162577117
0.00015126616547954624,-0.001184499976359528
6.57217144169418e-05,-0.00029614528292872086
2.759350965518179e-05,-0.0013925022283378993
4.710897411309579e-05,-0.0003266332740095772
0.00011180333599506058,9.060468963140327e-05
-9.600470510624185e-06,-0.0003306903325298352
6.181476009179247e-05,-0.000763564800497719
6.648988587729685e-05,-0.0006709689299457108
9.662711744180312e-05,-0.0004949175230421961
5.1465013531515775e-05,-0.00022878108663695288
6.596390557153298e-05,-0.0007114600609346645
9.620135162341659e-05,2.120175223996211e-05
5.064616587031949e-05,-0.000699184175963108
3.1882618066322424e-05,-0.0006084178534766075
-8.183663572293985e-05,-0.0012565337912553826
5.6190112756132816e-05,0.00010079477860928203
4.5463299909643827e-05,0.0004357180658427195
-9.45634795231952e-05,7.3805412948166685e-06
0.00014870471714046143,-0.0006258561110540436
0.00015786046240915538,8.450913663236715e-05
-2.4250095484515958e-05,-0.0007590190523763685
5.325656926385644e-05,0.00010432312238654203
0.00014669711132441198,0.00031486120336020356
-2.622514039756578e-05,-0.00022713824206292634
9.670498728506585e-05,-0.0002544673177517088
9.240409352284017e-06,-0.00036732650019551897
2.2356486145879155e-05,-0.00014877898178706855
-2.7762252645549876e-05,-0.00100730688106159
0.00014568362128789003,-0.0005888223449793571
6.207203677652562e-05,-0.0003718814184300245
5.0780701899223746e-05,-6.883361913337515e-05
2.1454890966037156e-05,-0.0006934934956588954
-2.137641850182226e-06,-0.0006132470816112725
-1.243651155709245e-05,-0.0008021730661433161
4.591102141406791e-05,-0.0008772872529571435
1.757152761710685e-05,0.000372539244486394
6.254083224402625e-05,0.0003687883556991546
2.9720752365294936e-05,-0.00034628709024456597
-4.6052813327876794e-05,-0.0005980935279488449
0.00011842012165013798,-0.00013172597020323933
4.9764656712441094e-05,-0.0005377528712043032
0.00010482082781543392,0.0003359642914363784
-5.8899374047187124e-05,-5.329658112083132e-05
-4.763259465446356e-06,-0.00018773776003187277
-0.0001402324043063844,-0.001287147906107136
0.000149056072034644,-0.0003159417373778513
5.5567852780823894e-05,-0.00023705970350583553
0.00013439339486485879,0.00013430789951168187
-0.00010993428292705983,-0.000956397816980141
-5.004801853990672e-05,-0.0016411726459762874
5.698142629852358e-05,-0.0002861545576116869
4.695896355154456e-05,-0.000398328441541087
4.239718958768448e-05,-0.0006425995379953819
5.484749456457512e-05,-0.0007343710273096835
2.992826254305029e-05,-0.00017681954470974927
-5.8207135578199634e-05,-0.00047914046413010704
-5.0361901467527376e-05,-0.00013432256050807326
2.9319531777013546e-05,-0.00037012549830257825
2.518424723687482e-05,0.0003003627921197667
-4.797541166610015e-05,-0.001003822006669552
-3.115521034490642e-05,-0.000690515906803645
-5.129256335042459e-05,-0.0004084612584072988
1.4135856659754824e-06,-0.0002618659637005527
-5.206974899056078e-05,-0.001291845943746736
9.820226599170905e-05,-8.257809656656743e-05
7.416015281555284e-05,-0.0006039457683759413
-3.926686608119901e-05,-0.001054251118696973
9.826562336778824e-05,-0.00048809733216395135
-1.1354142228796706e-05,-0.0007905811667612774
7.869504377229272e-05,-0.00025285565932176707
-8.181899157504809e-06,-0.00047275439151298515
3.192854019317567e-05,-0.0004184470127821853
0.000127948527972969,0.0003928524145392735
0.00016594498322062746,5.080283399816097e-05
0.00019113160902130608,-0.0002606092499983921
5.336565076694127e-05,0.00027689482952222323
9.660542372923375e-05,-0.0001779544517935785
-2.8483839319770957e-06,-0.00023574762134873764
0.0001373007493074158,-0.00021896976898196747
-0.0001544810386144462,-0.0014696171664348003
-0.00014125910439011688,-0.0008407125715524854
1.6818083622466902e-05,-0.00011240032622152871
-9.243384942551609e-05,-0.001116789312443954
9.269757990133086e-05,0.00013745178602314368
9.628354550863134e-05,6.955443029863084e-05
7.451278690758436e-05,-0.0007036761092915573
-1.3098491355229876e-05,-0.00017416089821416518
-0.00010626484094841682,-0.0009042482251870528
0.0001429952770846673,-0.00013555566801054031
-5.195267462320487e-05,-0.00031561781242015526
-5.30205670877667e-06,-0.0014622272143692725
-8.329947667564473e-05,-0.00044177802246376954
9.239253496060466e-05,-0.000375499661879076
0.00012559463200717932,-0.00020256505155391046
3.169812902999492e-05,-0.0002414474102176656
4.365422502751104e-05,0.00018730234469064213
1.944141543624837e-05,-0.0013149440700348629
-3.895597972997431e-05,-0.00039634224837887313
-4.81231370693671e-06,-0.0009081605164312073
0.00015626842933249614,-0.0005591320114210978
-3.4497713698544984e-05,-0.0003285453129669277
3.441304095699142e-05,-0.0001401349325064681
9.227486319692163e-05,-0.0002407153730383892
-5.492079976601318e-05,-0.0006096282254391073
6.316829216976264e-05,-0.00022488495883817713
1.1941113582361655e-05,-0.00014226727374831087
-3.184682372338221e-05,-0.00043940812655645826
-2.9622790530833972e-05,-0.0007288619549071044
9.085010999513026e-05,-0.0007704343014469933
5.901061152933923e-06,-0.0007573011837532313
9.6552615887909e-06,-0.00041758539599784963
0.00022980797757212037,0.0005342176510844563
0.00010556232054917278,-0.0006557690049233023
-8.618864050110415e-05,-2.114667932930043e-05
0.00012867655137046847,-0.0004095831035454677
-1.7604061921846614e-05,-0.0007158078916942626
-1.4822190905624454e-05,-0.0004803257309587822
9.403586915003923e-05,-0.00040192358735829746
-4.441801223753234e-05,-0.0006312544023099641
0.00014577565497273526,-6.733969924890864e-05
9.991368533881871e-05,5.422276518442885e-05
6.355362861676043e-05,0.00040781294639539366
-8.965567955949019e-05,-0.0004102062269107164
1.5364430833607502e-05,1.565195173227287e-05
-1.8701200011495141e-06,-4.798318144733969e-05
9.917209575928382e-06,-0.00031223078145279574
0.00013368083785885349,-0.00017794177932332932
9.116555492546998e-05,-0.0002951045997117991
0.00011376015102545594,-0.00034159288219277255
3.318474515395732e-05,-0.0008839684538418317
-4.0002598873941785e-05,-0.0002482547062093522
-4.4341159787988926e-05,-0.0003062614782147194
-2.4760124274810224e-06,-0.00027569156312631413
9.296122385398151e-05,-0.0009920336745641981
-5.982873177150133e-05,-0.000942403005373599
5.548840934352398e-05,0.00010629206267889448
0.00011449149697834445,0.0002100698181717965
8.725422205131157e-05,-9.905379241081133e-05
-5.358471157501383e-05,-0.00038647028330056083
4.748886051043086e-05,0.0002561567987197515
4.148637668172737e-05,-0.0005741110539990619
-4.5272857005432016e-05,-0.0009794644218985072
1.9873574514296072e-05,0.00028299095061692394
-5.924937288472807e-06,-0.0005374343415343555
4.5417309091570144e-05,-0.00041282871393566776
0.00017728652932830585,-7.181547373590419e-05
1.055011190904945e-05,-0.0006507322969698453
3.590899702326093e-05,0.0001470874433599507
0.00014520967248606432,0.00017169560338220239
8.139862628907553e-05,-0.0004653646196257437
3.825879161180887e-05,0.0002344392639611692
-1.0374081067909526e-05,-0.0007121398603801455
-1.0246616608003612e-05,-0.000261471322512003
2.603102336028526e-05,-0.0008521326947044242
-0.00018638631813043232,-0.0005961105022042059
0.00014106223083591417,-0.00041371058037596145
-1.0176951380094692e-05,-0.0003860780062134993
0.00011290609489723985,-0.0006821057808939922
-2.4506974402844204e-05,-0.0008987911359320323
2.6944529056672215e-05,-0.0003763404751239292
0.0001439599094874268,-0.0007552327942845484
0.00018836916693367562,-0.000595472531077974
-1.2394490422147611e-05,9.566897004331693e-05
6.0705637720489245e-05,-0.00020907559494972135
7.096849995115418e-05,-5.0629831020543455e-05
-9.596661060951069e-05,-0.0005542802265755038
0.00013722025545004452,-8.01443215623526e-05
-2.1548231666325532e-05,-0.0009329057517023466
0.00012730180603090537,-0.000150174567814599
0.00012935609658991284,0.0001726381018457371
-5.4567769452007475e-05,-0.0009419396612007844
0.00013103267468742737,-0.0003898071471098032
4.301135388893576e-07,9.742273443283551e-05
-2.8521813168392207e-06,-0.0005736790435145157
2.625428462594492e-05,-0.0005199610409096966
6.208177196855301e-05,-4.0416801222948164e-05
7.87354419040682e-05,0.00015988780513108983
4.1182100241943245e-05,0.00036338913724963894
-1.191044350848093e-05,-0.00043776142376089015
3.89006561113908e-05,-0.00017854432338452355
0.00010587521978030589,-0.0006464834622616535
9.209923552893002e-05,-0.0006992465536473704
1.1845223395739562e-05,-0.0003411314518644305
0.00016849878493206186,-0.00039918735127709027
0.00011644956105829098,0.0005813883859651558
1.60039990054721e-05,-5.901719180631037e-05
0.00014462921548072502,-0.00017340676471048322
-3.7198609801192945e-05,-0.0009144467662363801
0.00011175364172968697,-0.0001904417576429818
0.00014597677102092934,-0.0002189463848826043
3.243429077068273e-05,8.99740011823324e-05
-3.051695080906778e-05,-0.0010194037806408292
2.407953450189016e-05,0.0003070161116860983
0.00015759267790565028,0.00027801690007814615
-2.9174270932948577e-05,-0.00028990465721985987
6.034526180638929e-05,-0.0003257523387335576
2.3893915720884845e-05,-0.00017142730885250023
0.00013661385702934222,-0.0010998430772949006
-8.675823726303014e-05,-1.063722833235289e-05
7.655788403431661e-05,0.00038879105217524805
-0.00012642210772337555,-0.0012561838468634458
5.332697299068338e-05,-0.0003571768594267202
-6.660405619035958e-05,-5.289088459760035e-06
0.00020295803246916716,-0.0002576934914483186
1.9415321706718234e-05,-0.0004901669848094535
0.00015209117969068605,-0.00018628949171222968
-4.2299922037009985e-06,-0.0005869026402797426
1.3848019192342655e-05,-0.0017625143197088006
-1.6828466300300356e-05,-0.0005981422376847137
0.00016620479328696654,-0.00010444061640090393
5.889684278583706e-05,-0.0007708042581995576
-4.7540827457822146e-05,-0.0003313507830345999
-2.0068312180757575e-05,-0.0005241479257300051
-7.758034097223759e-06,0.0002802741051874968
4.408037003653215e-05,-0.0004395806767019075
-3.29272667208741e-05,-0.0002506280284810162
0.00011669317561805324,0.0003096012971330711
0.00013507029977500164,0.00035818410495395443
0.00011057634196398307,-0.0006355965666149526
7.5085756123873e-06,-0.0006160332694021786
-3.4734558029187606e-05,-0.0008364265577227884
1.1039797734256108e-05,-0.000546555870178955
6.158307031693864e-05,-0.0005426136669603141
4.520690150768312e-06,-8.003220143226614e-05
3.6218605817492334e-05,-0.00020269562424152454
-3.782062963494459e-05,-0.00037766898219749917
-5.952057192871142e-05,-0.0009502063780835114
0.00014377229048658774,0.0005639771267507918
-4.775747847429992e-05,-0.0009189405386740311
0.00012583875174416743,-0.0005070933253117989
4.506963112847104e-05,-0.0004740878556743819
2.7499453146303523e-05,-0.00019029641249247365
-4.863052982208516e-05,-0.00045364248104110504
0.00012881456842454495,-0.00020699531266748461
-3.2062500617780593e-05,-0.0007468775293505512
4.20385658241998e-05,-0.001238671013261137
-3.599955047561563e-05,-0.0008074408014278921
1.4968105211858563e-05,-0.0010856187432132668
-7.321709268350563e-05,-0.0008066638650786422
0.0001460825295312221,-0.0003024917785560484
7.001843948029555e-05,0.0001949025699575071
-9.113800856821105e-05,-0.0016175642625959599
-5.1728807712133576e-05,-0.0008636603543064929
6.969303749292233e-05,-0.0006372025009775197
2.625675203003151e-05,-0.000697091656551093
1.0644913690795551e-05,-0.00040112221212977204
-0.00010448535528934612,-0.0006530207389742893
3.824381049757618e-05,-0.0003624505476138637
5.3767260632013884e-05,-0.0008056327359799199
6.524920489266956e-06,1.185079696407384e-05
9.283072193687968e-05,-5.2760673172800356e-05
7.972545813534731e-05,0.00015338073199523444
1.3933724471293967e-05,-0.0004200471032713046
2.764263123994129e-05,-0.0003811996475136815
8.189594479717904e-05,0.00020146229930298348
-1.19958449039227e-06,-0.0007223953524714728
7.146674737682507e-05,-0.0001870172397387146
-7.94594256548352e-05,3.736829359309902e-05
6.400964059546364e-05,0.00023796106077134135
-8.043957109147453e-05,-0.0001890346887824146
-5.3228920733013215e-05,-0.0006211279400504136
-6.162644643912222e-05,-0.0007014433004683413
8.025505392033797e-05,0.00025562195424912604
0.00013577873204560884,0.0004052319860276688
5.462938504768096e-05,-0.0006187929235517056
5.616219453549078e-05,-0.0009941959486142883
-2.8040197026022907e-05,-0.0004277062686606414
2.5241393988886368e-06,-0.00022599877101563238
-3.5735605936181855e-05,6.216229993683174e-05
-3.8564939946087264e-05,-0.00010410458082681521
5.4558390865644025e-05,-6.457572628412011e-05
5.307107481579667e-05,-0.000154081142996618
-4.668324188310854e-05,-0.0006109793222613569
7.425788455070091e-07,-3.439964828700815e-05
6.813268276750482e-05,-0.0004077962808322943
-3.2773063120131375e-05,-0.0005554649759182542
5.655506192195662e-05,-0.0002549911200565032
0.00015665754326680582,3.0469785432231592e-05
1.2525268454936767e-05,-0.0002946742558556382
-3.2290762220952104e-05,-0.0005471425694957603
0.00012755310658842383,-0.00035985585862303765
0.00014391127213543326,2.7491513991536085e-05
6.695606151079625e-05,-0.00031029281247236466
-0.00011304382194329506,-0.0009092929451763222
8.993754961305402e-05,-0.0007885690376059106
-5.6666844043359784e-05,-0.00095444487118691
-0.00011677122145508582,-0.00149963414539451
-7.01007354224762e-05,-0.0011533978636260528
9.260351083568118e-06,-2.7233202831087526e-05
8.794046361851373e-05,-3.513761341894442e-05
4.441924239294225e-05,0.00013836957724928944
-3.9552901503605534e-05,-0.000491629706430916
7.341983858577783e-05,-0.0006734040639911307
-5.154344313060296e-05,-0.0005217744548160199
-0.00012712604896666357,-0.0007269044486311856
0.00010171671347461604,-0.0002085210488838415
0.00019532000225187275,-0.00024936183642613574
1.1084193634603947e-05,-0.0005569785217819061
-2.33899284903655e-06,-0.0006330428466522581
9.438471318721364e-05,0.00048758050327071367
3.2677767309032934e-05,-8.381647041956432e-07
3.848928685337694e-05,-0.00039097595726177734
8.375977861067464e-05,-0.00042763923088405575
0.00010142170861471113,-0.0006046400243050701
0.00013852993644453626,0.00027607587427886954
1.4331390921182709e-05,-0.0005865292750854771
-7.439671107466157e-05,-0.0005781909038232487
0.00012490957810218549,-0.0006761981196292683
0.00020100156552407638,-0.00011968723222896815
0.00013485226482468792,-0.00019349895549881091
-3.5841002547494115e-05,-0.0003728131639662145
0.00011351186212711818,0.0007784322368732434
-1.677919902672828e-05,-0.0003272572541682254
0.00012381321069650868,8.408939164576444e-05
0.00010518021651005449,-6.594705436984284e-07
1.0657712271667174e-05,-0.00011789151752514412
0.00016519435870854875,-8.197869399387918e-05
5.2148166721517223e-05,0.0005120651542157531
5.2329688989854515e-05,1.9942387039942433e-05
-1.8762435228956303e-05,-0.00021606378741715823
6.241986161271421e-05,-0.0003825418273405077
0.00017409252737996163,0.00015952994275057037
-8.604201365738375e-06,-0.0004981536648978018
-0.0001240131995237663,-0.0009884256534361316
-9.545983080487286e-05,-0.000497008812366609
-3.872807044994758e-05,-0.00015101035262179424
4.774825454693777e-05,-0.0009361163151648719
9.814323236727736e-05,-2.9233775153590468e-05
-4.404790773464675e-06,-0.000380653195894541
4.500996284285447e-05,0.00022756142405416178
7.39717649282939e-05,-0.00023210865731445286
2.8669296830671336e-05,-0.0007209143983131533
4.076533855266212e-05,-4.633151576169563e-05
-3.121454668611652e-05,-0.0006352566473464207
4.642824194794784e-05,-0.0008087394166764409
0.0001249017161312755,-0.0005196650571958342
5.364858254843589e-06,-0.0003607379642809125
-1.4964164837626338e-05,-5.759191698984274e-05
-3.248327164154539e-05,-0.00014305135487347574
5.99185704110143e-05,9.209186240757657e-05
4.502966660628008e-05,0.00019324206659735092
6.057075017350204e-05,-0.00021417862350756137
-0.00012369795810030174,-0.0007919276380632902
0.0001189347469415585,-0.0007306886206465561
-4.275805926998215e-05,-0.0017244967472434746
0.00017897043540758548,0.00020610059368288423
-1.1417305693236704e-05,9.828760691228328e-05
0.00016296939960744634,0.00031619758336397447
7.663427293331246e-05,-0.0003003803657738546
9.634126870817102e-05,0.00015495944957761828
1.874475820225159e-05,-0.0003263923016680827
3.655318347910196e-05,-0.000988437188434389
4.666524046641288e-05,-0.0006085594221553632
8.656947134333138e-05,-0.0005836074343643994
-6.045749788737649e-05,-0.0007551564167454568
7.874418748032126e-06,-0.00026316030748646166
0.00010767170439646217,-0.00016417558355724822
0.00010655963836144577,-9.742510336186172e-05
9.982231083400898e-05,-0.0002912048722906017
0.00010015223735919485,-0.0001981824094340503
-1.7379850996357052e-05,-0.0003503481958550242
0.00013653122414838403,0.00021452952945549277
-2.6133776743369916e-05,-3.4181929690455497e-05
9.400276682031573e-05,-0.000868572061140961
2.2889777310448386e-05,0.00038573076946735353
0.00014899981636465982,-0.0008568379298654683
1.5042767321958708e-05,-0.0011512570593966434
9.956588844278519e-05,2.6541064316902284e-05
-5.4856487174344504e-05,-0.00026947512034499756
6.934468530340256e-05,-0.0005886996958719051
8.667244130698007e-05,0.0005008609877609188
-5.960802072343565e-05,0.000145551919561058
-2.8026395616041614e-05,-0.0004574815580237066
-9.572396329884041e-05,-0.0010926719277818014
-8.112709944515289e-05,-0.001086345582678181
9.861316671128001e-05,-0.0005025751483795828
1.221028787486756e-05,-0.0001901978659783985
-8.093707792018934e-05,-0.0008992188504522031
2.641468703881372e-05,-0.00042480663277909335
0.00015167541495802168,-0.0005436281049057167
5.402213782543399e-05,-5.1193088103595053e-05
9.212711337325551e-05,-0.0007578488899944839
0.00020076404087484618,0.00045750760353148164
4.269443223868428e-05,-0.00045686432934422975
-3.3213593156368514e-05,-0.00045794192437591946
2.214447005276861e-05,-0.0003522751812257861
0.00014986664818510514,-0.0005690083442003573
0.0001193631157331764,-0.00030463303001202103
0.00026926477203424417,0.0006492824586049812
7.852897135898467e-05,0.00040833595654044967
8.682332130338305e-05,-0.00014339624164531477
-9.292003331864371e-06,-0.000849440719730893
7.952285036483091e-05,-0.0005660315439276426
8.76356942804576e-05,-0.00011435749236035107
3.879259572773448e-05,-0.0007140404792651227
4.6257444285447124e-05,-0.00023454962224044734
9.06527170270931e-05,-0.00016966741475924377
0.00010792534935111044,-0.00014792739406415244
-6.499867316982585e-05,-0.0006921393085046388
2.0431678557076205e-05,-0.00020743396307528278
-5.820697763598686e-05,-0.0001181579443677556
0.00016755236534940366,4.526852272063059e-05
-1.7859326758236808e-05,-0.0003567257830467184
6.216815034963585e-05,-0.00019319765397244994
8.704142122814397e-05,0.0002445822350032693
-3.836900321793659e-05,-0.0011188533254654098
4.939954311050242e-05,-0.0010553785134495063
0.00016223764120074332,-0.00033058256000849644
-8.792990685176048e-05,-0.0005513308135312238
-5.702463487299391e-05,-0.0006612474371689701
4.8250476655082436e-05,-0.0005937379812883426
9.877085056346621e-05,4.063575359787081e-06
9.187680709353678e-05,0.00023258450414308934
9.691938227891978e-05,-0.00018204765251844223
6.742334995952747e-05,-0.00028202787410101825
0.00011573540981852249,-0.0005862634392095253
2.70337234279173e-05,-0.0005252989526729621
1.55338252849645e-05,-0.0006544014656557649
-0.00012302321853123306,-0.0006557640362739759
4.057085872182078e-06,-3.1024974067272526e-05
0.00010317290459430515,0.0003247149900281902
7.583977899922316e-05,-0.0004579952337157272
3.829065663723515e-05,5.996932255580015e-05
3.494000735778928e-05,-0.000539996487274877
-7.736083507929592e-05,-0.0006150611904479488
8.13126581717473e-06,-0.000523114391554105
9.414944907030457e-05,-5.229106598308647e-05
0.00012922199496651063,-0.0006965238690169434
1.9545986710450206e-05,-0.0008581465237436051
4.562181020476255e-05,-0.00035178714525142937
-9.840148379737146e-05,-0.0010200837653814947
0.0001661459392561607,-0.00022418120397114504
0.00013720806146262413,-0.0002791444438436179
8.198040336767623e-06,-0.0012205281252135908
-5.7090132534443175e-05,-0.0001406706749199467
0.0001102417820343873,-4.193294377254512e-05
5.516839043981233e-05,0.00015710055663597264
9.855319248324037e-05,-0.00046837438928438535
2.9949111353426772e-05,-0.0004897551081782712
0.00012760582063075536,0.00017794704340889204
0.00010077044293235407,5.836098722088981e-05
3.920635604254231e-05,-0.001263619819228812
4.224703951719174e-05,-0.00037524033673492824
-1.046938093495178e-05,-0.0009553440742644805
9.985642652066747e-05,-0.0004053894108324388
0.0001194867745637155,1.9315532735518487e-05
-6.1866936977953986e-06,-0.00037068798126356137
8.69941831116229e-05,0.0006073610773024624
1.860216654623909e-05,-9.939005126066621e-05
4.822048664424165e-05,0.00023852071478916702
0.0001001214153715707,-0.00022419240910793477
0.00016912545196107274,0.0005768020794903599
-5.3950120880545465e-05,-0.0013564361288832994
8.282099881342937e-05,-0.0004843515136890797
-5.2489538657299177e-05,-0.0005490832928462974
4.733182402170498e-05,-0.0003998690426358512
4.5778171427285244e-05,-0.0008787816158381131
4.132725151990215e-05,0.0003217515348344406
7.596457608191715e-05,-0.00022994121189624746
-1.121782379928985e-05,-0.000740687450985694
0.00017105408337948533,-0.00013535969373269812
2.5301013230391697e-06,4.1870335715416936e-05
8.095246996103655e-05,-0.0009923506221152243
1.9251013492064043e-05,-0.0003681820023273183
4.860213529280362e-05,-0.00024922860887135643
0.0001476658580391805,-0.0002649614028494732
6.043680313206193e-05,-0.0002483612677110213
0.00012498605812796007,0.00013444230559213227
0.00016182889243345085,0.00012103979833891064
-6.925848316333906e-06,-0.00031690817908498927
7.461867618478481e-05,-9.53429177662598e-06
0.00010950951193192223,-0.0003150949396401924
1.2976854620386983e-05,-0.0008108531190243855
0.00011014915389042536,0.0005708275471670311
0.00019521449988934826,-0.0006313619371450764
0.00015397520707273812,0.000711128482103204
8.491162132817874e-05,-0.00022532021360123023
5.557915532989756e-05,-0.0007683809158831817
7.842760334952125e-05,-0.00024722914988304766
-2.120767287147951e-05,-0.0006440536007120851
5.1722796631323954e-05,0.0001773192879340138
5.240616345606323e-05,-3.470536995616095e-05
8.30152025395369e-05,-0.00024315544182867152
2.960184475129713e-05,-0.0004750021982189043
0.00010538912154702175,-0.0005126737778233891
6.12332876624273e-05,0.0002833321402643071
1.0425374290654429e-05,-0.0005699867975943134
0.00014666742839866294,-0.0002609616609509373
0.00011305108688725715,1.0201202926207175e-05
8.686577425337706e-07,-0.00016644131445273197
6.443643338225599e-05,-2.61685742042924e-05
0.00012370728700190632,-0.0008718077870278297
0.00010632865952017287,-6.806024918976089e-05
0.00010507447006897564,-0.0004405014814202369
4.989229246236238e-05,-0.00020831883352126693
0.0002410521724376867,8.106128914105675e-06
-3.95692803729208e-05,-0.00048544314098049454
3.942161434333975e-05,-0.0006741948522624568
6.97047826207865e-05,-0.00045440578251446426
0.00010599393542927182,-3.97425999261062e-05
-0.0001526220830534625,-0.0007362024571594662
6.723366205124581e-05,0.00023747879863267885
0.00010692116379759371,-0.000604846635962531
-2.409588220513717e-06,-0.00042623551316480445
0.00011342031300983114,-0.0004911302927590718
3.9256284919258723e-05,-2.9159934515179335e-05
-4.810665545849658e-05,-0.0007876040819883816
0.00014842603762489339,-0.0005787247754170021
-6.479835863598812e-06,-0.0008181590005623385
0.00012259651548392377,1.6566272091394558e-05
4.6212805369837075e-05,-5.842552879592054e-05
3.962616498154076e-05,-0.0007565028149095886
-3.5893180677498546e-05,-0.0006189437591219051
-4.130549040843711e-05,-0.0006701319837314169
3.6438840212572985e-05,-0.0004115899671200007
7.277690229201246e-05,-1.2357528428068776e-05
0.00016089365794612817,0.0004522504313341669
6.97954951863516e-05,-0.0011803748346168722
0.00015304606649997284,-0.00014137968544510008
2.9078500901641625e-05,-0.0008068960589472542
5.063318562626532e-05,-0.00042522843521137756
-6.078785195791402e-05,0.00015671068821191273
6.361988283165861e-05,-0.0005065890179826907
5.857161484792655e-05,-0.0005021306695735766
-6.826980552466597e-05,-0.0007806670627997674
6.551738275478695e-05,3.762714979095293e-05
1.0445530641379645e-05,-0.0005861033796156607
0.0001546845825641244,-0.00046642250791024644
2.9626652395010807e-05,3.537564070784708e-05
-4.72372147567052e-05,-0.000229309210969828
0.00012272018271088412,7.942772042060788e-05
0.00010825845346498872,-0.00020632719330649762
1.8611117291517836e-06,-0.0003770348332848492
0.00012472167717515186,-0.0005093642565215485
5.640244128395696e-05,-1.800742798668882e-05
-5.951649509946638e-06,-0.0001449820152804102
-4.446587499724422e-05,-0.0003985580630033505
0.0001362352578932064,0.0005472365939893477
2.9529389947606047e-05,-0.0001929983198537385
0.00014720927655298449,-0.00028766741568947836
8.529737967092857e-05,1.924091439637188e-05
0.0001940920358767838,-0.0007262042713667537
7.719098154620316e-05,-1.0123801314312306e-05
6.269623806742805e-05,-0.00012053230657101761
-4.500590739702162e-05,-0.0003063367824304638
8.115409060397333e-05,0.0001341422503372322
0.00011628856863164777,-0.0004927326210638483
6.649684976188985e-05,0.00010035080267352896
8.272621622362549e-05,0.0002165012363243245
7.129783855390983e-05,-0.0005475221365407887
4.7521901223182095e-06,-2.223283140356127e-05
9.459638651112347e-05,0.0004447031747193182
0.00015775743060905423,-4.584807174115926e-05
-6.053029100110198e-05,-0.0006650429161014613
0.00012731995972418178,-0.0003809998367048776
0.00013993153275346332,-0.00039736263393459493
0.00014964999484660355,-0.0002514700556150611
4.9741655800546257e-05,5.5750823427977604e-05
4.5639141066450447e-05,-0.0005510337677517218
-3.4643563220966136e-05,-0.00046896499830810794
-9.128289746575068e-05,-0.0010780642263607666
8.279854758080001e-05,-0.00020940629544966967
3.896065089495891e-05,-0.0007467466905500062
0.0001832494512821534,-7.783154986739732e-05
-1.750223534159419e-05,0.0003759236844093365
-2.699968263118876e-06,-0.0002150103785274005
0.0001979917241787502,0.00011816824383871041
1.05841033621953e-05,-0.0006646910983611665
4.2274125700003055e-05,-0.0009712099132680302
1.4840133206575097e-05,-0.0005906629610099073
0.00010733281920701532,4.8280446768245356e-05
9.505555201591635e-05,-0.0005863415697045757
0.00014279435905863598,-0.0009717177340253229
8.29715183190573e-05,7.977659534066423e-05
-9.895847895812255e-05,-0.0008046962835581087
4.599990324726116e-05,-0.0002491451785956338
0.00011589201032727005,-0.0004844385211645349
6.04583796448126e-05,-0.00030044561143869453
8.205736479066173e-05,0.00019237717036136199
1.5429875286836463e-05,9.003960649657387e-05
2.1107096108290407e-05,-0.0005370450078293355
-7.303435602172621e-05,-0.0005246753641273321
0.00010971318630703563,0.0004173082530166403
7.071348745692105e-05,0.0003865467330394755
-1.0487563698798478e-05,-7.543468086243488e-05
8.287574382730332e-05,0.0001828509860476704
-0.00010060143760935015,-0.0006377471446929882
0.0001232882503887581,5.041195733057564e-05
0.00011902937684829672,0.0002088187942392487
-0.0001075045156250538,-0.0009187745259419134
-2.9211853232005084e-05,-0.001086770643612228
-7.344421692006243e-05,-0.0002808381578535468
-6.703649330649214e-05,-0.0013391670268336636
-4.956961061356412e-05,-0.0005082530092469738
-3.462403470131967e-05,-0.0007889171279758997
-6.37247979970621e-05,-0.0003393794867604839
-4.645473807855991e-05,-0.00024759647705587635
7.745645567916202e-05,-0.00037169004663282557
-7.21472410143474e-05,-0.00036475570852044205
0.00019030875194216712,-0.00030851183616738937
2.207147886529663e-05,0.0002532627944197384
9.547323919926399e-05,0.00011917511361010002
-4.787164236749606e-05,-0.00023954387455446424
0.000250331171820618,0.0005473136792958626
7.562325309851104e-05,-0.0007629995829957041
-2.041423519308957e-05,-0.0005153822084216345
-1.496153129628772e-05,-0.0004815622857326316
0.00010573923844443451,-0.00023647779445948634
7.568452842461615e-05,-0.0003744507220167755
-7.638787871233209e-05,-0.0006334245904816002
-8.061087959313699e-05,-0.000975153324810405
-7.678029533120012e-05,-0.000727939034051608
1.2896676079968925e-05,-0.0004643745720270758
5.622818329999792e-05,-0.00015332680135249718
-7.023948330509976e-05,-0.00035896920594927976
1.3074550021984627e-05,2.775172331953137e-06
0.0001153570570090224,0.00026999739439244834
0.00014311239195059926,-0.00011820730220575009
0.00011156061665473316,0.0001604630262540605
0.00011609955012422191,2.9550716356287183e-05
-4.91586064102079e-05,-1.8246431203937548e-05
0.00015468350055930662,0.00017327409835799043
4.839267239151778e-05,-3.980996007788003e-05
0.00013737409835825622,-0.00012291209913872168
0.0001489645341697948,-0.0004910086838243251
-1.9694546644757866e-05,-0.0005573858083838915
6.951023648176259e-05,-0.00026739159093791754
-1.347150582652477e-05,-0.00012319273690608798
0.00023985837738990553,0.0004401729550334899
0.00012257834983100962,-8.063486617835921e-05
6.438362352029868e-05,-0.0003434075127451445
0.00017315385326191064,4.417148662567454e-06
7.702148501535677e-05,-0.00047595821806225517
4.086762105470754e-05,-0.0002000497385142609
3.3995512110540106e-05,-0.0009267690662732532
0.00013077528130840316,-0.0006135841017108112
1.039726994687547e-05,-0.00032322032771112905
1.3637518770120711e-05,0.00023240450262663624
0.00013573679111808016,0.0005331042758400264
7.352224315027494e-05,-0.00043747712433789916
-5.14262975347891e-06,-0.0010754831918979315
-6.808165584416945e-05,-0.0007606247066186227
-0.00019776445055609665,-0.0012394383512447905
6.925106452458753e-05,0.00011458374223530035
8.596794710324204e-05,-0.0001696903264230919
4.170256162789584e-05,-0.0007164442273002618
5.880410154178956e-05,0.000152657492370433
0.00010662164479137033,-0.0007939555606842278
2.3799490417394784e-05,-0.0008211625966820891
-8.93280924030537e-05,-0.0006852024052926078
9.366020242193941e-05,0.0005230237399717441
-9.944773423754171e-06,-0.0004030535300912156
7.781898315294105e-05,-8.559214325946635e-05
2.2412152579268747e-05,-0.00021979269174683306
4.322345057427256e-05,-0.0009669104872968025
5.8131802669166976e-05,-0.00019119054895970093
0.000100255460538152,-0.0002303634509031556
6.99662410194246e-05,0.00013658687495168948
2.055937812382456e-05,-0.00022601680552049075
0.0001122487662229086,-0.00016244814222195257
-0.0001283013589990765,-0.0006680278698311357
-4.1392157813858227e-05,-0.000146402821759827
0.00014796446375022783,0.0005356617780668969
-5.920870514820599e-06,-0.0011660546358784661
7.866302021691105e-05,2.0252186524197057e-05
-1.1631013226429972e-05,-0.0011020423257691134
1.025214768394657e-05,-0.00010136349700345937
0.00011981643536671297,-0.0008511937689373726
3.204770644399881e-05,-1.6834927873981867e-05
-3.581809800921064e-05,-0.0005134239677926485
1.0522825145192101e-05,0.0003050986602017036
0.0001156924335635815,0.00013212471147830602
9.720435053780786e-05,-0.0005191431076275863
-0.0001168134628709005,-0.0008359461227183494
4.979618315612782e-05,-8.98075254671754e-05
-1.0998278934829545e-05,-0.00026514975569082676
-3.058960362941796e-05,-0.0010315114548528706
3.574121696466525e-05,-0.0004183491823264401
-9.61562732653689e-06,-0.00015140692312142775
0.00016783983946579357,0.0001900787741080365
2.725290559958335e-05,-0.0004636183235529503
-7.787330378070172e-05,-0.001151859250473404
4.533931782808417e-05,-0.00010927463719133206
6.295244991772926e-05,-0.0007351870755174738
6.595245716689609e-05,-0.00018010525081853108
3.16902944974939e-05,-0.0008864572403302626
-1.1140382955513199e-05,-0.0005516059144355676
7.158520013573471e-05,0.0002947964720629255
-5.5878945413766136e-05,-0.0008435005247560426
8.316169449579124e-05,1.0017424081901685e-05
0.00011640638382886525,0.00027371493606872323
-8.596165051316177e-05,-0.0006242278026532492
7.752467226512333e-05,-0.00035063368469099177
-4.2122000640186134e-05,0.00010377588049254182
8.58343689706312e-06,-0.00012010895753877351
6.759709485784686e-05,-0.00017429490296698698
6.015168103095205e-05,-0.00014045273425069543
8.366574248969734e-05,0.0005129369272468478
0.00013471152470448524,-0.00022922172370804463
-2.4046317013132982e-05,-0.00039623166757231897
4.233053934411368e-05,0.0002739558568128135
6.788227941525847e-06,-0.0008381683888662348
5.543011947684579e-05,-0.000611769595346198
1.0068133977160542e-06,-0.0006309944129491005
0.00012287503330004208,-0.0007520385753760819
9.02666418841117e-05,-0.0007069108575992219
8.261851781935802e-05,-0.0006799131773965023
0.00012371087717600915,0.0005026829527636135
0.0002193489055783344,0.0002471232998796493
-9.168022401325084e-05,-0.0003350146082648696
-9.988391868525042e-06,-0.0008486817072449389
1.912368492506736e-05,6.032590207309674e-05
5.988891536686181e-05,-0.0006528648981422683
0.00012589476034867805,-0.00020114210914810477
0.0001665100121822708,0.000431733020091545
-3.954975075066427e-05,-0.0009348584231678922
-3.880797199552036e-05,-0.0005736618849881447
0.00011698935512587883,0.00028593162787610957
7.225964450190635e-07,-0.0006765895741109035
-1.807341422121412e-05,-0.00036375825529466263
0.00015036989256418348,8.270244948166771e-05
0.00014739597614204115,0.00018893071601600907
3.2382672949788196e-05,-0.0009774746209085556
5.969047473663986e-05,-0.0004265146942261078
6.449450760834664e-05,-0.0009730730264184347
4.6019992591205146e-05,-0.0007939400725233942
8.741463276228464e-05,-0.0009262429842162383
0.00016685683891524346,9.446990099308238e-05
-6.900337010651788e-05,-0.0009357420834799049
-2.8889336394601262e-05,-0.0009235306185606424
6.805780138166893e-05,-7.365261040431141e-05
-3.688919769126588e-05,-0.0006474186402416764
9.886092515176971e-05,-0.00017049086899459563
3.4747657699098184e-05,-0.000525622727839195
0.00016080713990685455,0.00020202564684955945
2.672587811850403e-05,-0.0001652789198229785
-2.2613105779626047e-05,-0.0005881548611885778
-2.2884148782474547e-07,-0.0006601274568919371
0.00015605638221591713,5.7746737848189135e-05
-2.694965411233674e-05,-0.0006010032188724309
0.00017583502023583384,0.00021560568084781664
0.00011671492685483737,-1.633933465665396e-05
5.6885716200203915e-06,-0.0009370698557638028
-1.730147794478751e-05,-0.0002351454860591674
-5.7795333922615875e-05,-0.0008292385490013129
9.46391187103956e-05,-0.0005021908611793845
0.00012051398552682073,-0.0007330501959740578
7.016862570691118e-05,7.667188971113842e-05
-3.9576512451237384e-05,-5.008982790273182e-05
0.0001625337011035765,0.00022627191425548764
-7.571636743283389e-05,-0.0006659043017801274
-2.4550337075734594e-05,-0.0001821327402722274
0.00011547645453427398,-5.059303264414103e-06
0.00016330857537782983,-7.936882594969911e-05
2.8928225573983895e-05,-0.00037914929346949053
-1.527226760179512e-05,-1.095518710312018e-05
7.189677425611501e-05,-1.0673747636988395e-05
4.3063705910151924e-05,-0.00040914054115137263
-6.602351775141115e-05,-0.0002529978587033009
0.00012888244104481317,-0.00020159367241898203
4.590324649830836e-05,-0.0003171475478784424
5.824054468612681e-05,-0.001075013042482008
4.027154178376478e-05,0.0003713179514869922
2.514957467259041e-05,-0.0002238676110168861
-3.144494714822638e-05,-0.00043960868922616623
1.8276873310180098e-06,-0.0002825728005513155
1.4937696875008325e-05,-0.0001645706108642353
-6.301444296374789e-05,-0.0008605063660733343
7.07706978472512e-05,-0.0010680146636174003
1.0010247761857736e-05,-0.0007433429407186845
7.750672650175264e-05,0.00037075909836118044
4.9150681318166546e-05,-0.0009526470935916343
-6.271551473126255e-05,-5.21285744322397e-06
0.00011102415510670554,-0.0004113296853679414
5.461200372876995e-05,0.00038105146805604063
7.204198087948881e-05,-0.00010520495371443058
-7.159853143679607e-05,-0.0012071742916521134
0.00016815325124609667,-0.0002403628101066253
0.00012073841790086583,-0.0007161889044271938
-4.154439248696271e-05,-7.259347601336089e-05
6.639185263963393e-05,-0.0002652268507243665
-6.916973429878923e-05,-0.0005858222967086056
-1.0326897776471528e-05,-0.0004261720689250893
5.790662677785654e-05,-7.149331748924879e-05
-3.4041018609012885e-06,-2.5701663658693312e-05
-7.953525427089468e-05,-0.0005217671735759905
-3.0298508930946458e-05,-0.0005451284610346813
0.0001946017512808641,-0.0005206886230003636
-0.00012138998890050265,-0.00048130988970827447
9.848520673977652e-05,-0.0006624431149231076
9.371997111010132e-05,-0.0004480948683029531
5.262008198218227e-05,-0.0008506822886197696
8.09143622581651e-06,-6.244875487074387e-05
0.00012740053410784815,-0.0002504741358844075
-3.459018439047967e-05,-0.0002641854095344604
-1.6915699431961374e-05,-0.0009781365200160737
9.84440018329257e-05,-0.00035033387962693984
-3.950294120202616e-05,-0.0004865607869168555
-4.203863787491102e-05,-0.0006125144393416389
5.684348073714791e-05,-0.0004798734833356178
-6.114646789179748e-05,-0.0007328385696925611
3.6625048827839323e-05,-0.0006338204205536051
1.4502911739615776e-06,-0.00023276786799315043
-7.336963802810097e-05,-0.0005089283071622844
8.266066657480918e-05,-0.00012219724295990867
-2.5650223356058638e-05,-0.0005916729139365527
8.515143557609283e-05,0.00011371775853615625
1.6086489258540808e-05,-0.00010285513524343023
0.00016355468615901,-0.00043466128852460837
2.0065074746466956e-05,-0.0004200013772939381
3.793140828105393e-05,-0.0005228701693871551
5.754212726445582e-05,-0.00019029122736207755
4.36185299818435e-05,-0.0005021329696048229
0.00012554352770432586,-5.788974908448158e-05
1.2490461474447994e-05,-0.0006216937033541732
8.69870339235131e-05,-0.0005450620089540979
0.00019782732638682902,0.00044807403918250817
0.0001520002572415973,-1.908430999132831e-05
2.668160386986504e-05,-0.0004458464263886321
0.0001909859628675207,-7.534723284388555e-05
9.731052936460318e-05,-3.74555639648885e-05
0.00010654245833861527,-0.0006557420423027644
7.099590677119686e-05,0.00011162838698853839
2.070651346513494e-05,-0.0001437253649900099
1.3550447973179335e-05,-0.0008672378967060218
6.870013703532633e-06,-0.0005726304955455679
-1.528947638941439e-05,-0.00018866790227423295
2.8591128995113458e-05,-0.00020878021934670786
0.00020549576055586762,2.8662736743157114e-05
0.00015652871850779475,6.768722674318784e-06
-3.503611796131095e-05,-0.0007447001994983249
6.170461819143252e-05,-0.0007160456600720359
0.0001222723304391784,-0.0003032670198214832
5.2007795328985117e-05,-0.0003465190665231007
6.117809103010904e-05,-0.00030169859732562433
0.00010141509014437026,-0.00020111153081322326
6.172030852890834e-05,-0.0007889615622546165
0.00013570431273417233,-0.0004627208849526264
6.260665634340469e-05,-0.0007250653012151492
5.087671070765987e-05,-0.00012738748446112849
-7.662351984094866e-05,-0.000636050584539035
-9.847205319340332e-05,-0.0002979470805681071
-1.727538523098638e-05,1.955141647346478e-05
7.609101613322263e-05,-0.0008305114416797952
6.50810597081966e-05,-0.0005227754427178381
-1.1919864610003376e-08,-0.000652628791749738
-2.1275955899915634e-05,-0.0008235385044533067
-5.415840285023001e-06,-0.0008903059346121913
2.1918315301610263e-05,-0.001036278039420904
7.134480125154154e-05,0.0007696867178875619
-9.502589458466017e-05,-0.0008406456895817102
-0.00010785729067202786,-0.00039472321101303987
5.362226249433974e-05,-6.500654945952955e-05
9.89171284925848e-06,-0.0014897389853723577
7.322447572977471e-05,-7.524184766198613e-05
8.062007955266751e-05,-0.0009550918440093725
-4.441821891685346e-05,0.00017923591612286008
2.5718713470903573e-05,-0.00021511085156345164
4.148609034968519e-05,0.0005816397603670764
-9.647562531844188e-05,-0.0002653983135121129
2.9900429348204472e-05,-6.705482905165115e-05
4.198897801328008e-05,-0.00044611272491959064
-1.4113858654556154e-05,-0.00030597711163797927
5.950291944032291e-05,-0.0007899709570465888
6.83901439576105e-05,-0.0002611926021804656
0.00010118524735813902,-0.0003881527960344878
-6.334938777735651e-05,-0.00017621486092634045
5.5242159695173966e-05,-0.0002935751673438123
1.2329984744236753e-05,-0.00018576180000701837
8.964014877014409e-05,-3.935341708803905e-05
-1.8039935327020338e-05,-0.00045383253473284225
-6.2473012180798535e-06,-0.00037262028184919865
0.00010530083324411177,-0.001083387387655575
2.9181414576493934e-05,-0.00043031331485001367
8.18876329980347e-05,-0.00030641724943544405
-7.458926949434602e-05,-0.0010304253600124653
4.9979845616138165e-06,-0.0005167183069152047
-2.6234619645824675e-05,-0.0004126435018925197
1.0764924927877636e-05,-3.5525123046515396e-05
0.00012205910337858726,-0.00038641652827365734
5.7466707534622005e-05,-0.0004620821626499021
-4.489372332454691e-05,-0.0011629734459503759
-3.0490825583315024e-05,-0.0003147103347272473
4.238610260068291e-05,6.559686728950078e-05
8.300323133037061e-05,0.00010506610441153347
6.5849042897276e-05,-0.000514846868233483
-1.6836977745513296e-05,-0.0005502850766225525
3.3898881095589887e-06,3.893992410641842e-05
5.165277926934118e-05,-0.00018238626270242184
-1.930031280604258e-05,-0.0003967193571533887
0.00020841955268287917,0.00039088656539651797
2.8413258737649077e-05,0.00017859495253959615
-9.866123709318305e-05,-0.0013178392563246918
3.848873464200534e-05,-0.00036704252414247474
0.00012861041466464808,-0.00024851636503975727
8.427208295599823e-05,-0.00045635409030521373
4.643257843671601e-05,-0.0008733729810472372
8.798889684676861e-05,-0.000741397501085432
4.81439723622353e-05,-0.0005455873104969095
-1.2086870732577341e-05,-0.0007610223619354258
2.8229404347490932e-05,-0.0006397240250405627
0.00010503193284415501,0.00013038367324713613
-2.62736738113751e-05,-0.00015953566596923487
-1.4808534091604708e-06,-0.0010067693941935292
7.848385000692762e-05,-0.00040372411244007293
-1.0338940594373854e-05,-0.00024332203039693272
3.367857707756096e-05,6.686514172713764e-05
-2.037774588927169e-05,-8.252776819189798e-05
2.0034697810247714e-05,0.00027113987198375375
-7.239636134795198e-05,-0.00038902777547898833
7.789547480291224e-05,-0.0005517109504829189
9.859059649994779e-05,-6.463013802632709e-05
-8.593130352358084e-05,-0.0012087435503758794
4.5228446796467873e-05,-0.000577041289153121
9.788070825479835e-06,8.8846917584617e-05
0.00018552942452237627,-0.00019208892456608977
6.815112330853015e-05,-0.0004319909462271031
8.692617418407903e-05,-0.0006697958067416932
3.202697745331446e-05,-0.0002862484700891073
-0.0001013649795838279,-0.0007609526170789663
-0.0001720505817042835,-0.00023374016097488397
3.7677278620071024e-05,-0.0001593672879524467
7.768453783916251e-05,-0.00026842932498875687
9.202321738529063e-05,-3.942302488798995e-05
8.202633847304849e-05,-0.001083680696271923
-4.2757000288044366e-05,-0.0007058541103605668
1.9138191952874906e-05,-0.00047440466671547644
-4.2694220414815165e-05,-0.00025128938459958463
8.470696575525727e-05,-0.0003342230387460035
6.408662949274285e-05,-0.00022264377209017913
2.5892977649716325e-05,-0.0007453546579573818
-5.7128618330248534e-05,-0.0003820291610684258
9.226817437946225e-05,-0.0003202072808821902
0.00011216060959327685,0.00012711063078500956
0.00021700202775809283,-0.0006300124636746287
0.00012288372393788084,-0.0001732102053168627
9.721439271816393e-05,-0.0003606428545298989
5.397438943215786e-05,0.00010708079819969486
3.766352606793865e-05,-0.000428934132932967
7.435644810515065e-05,-2.0175272151384154e-05
0.00014647672060802498,-0.00011286625422630688
-6.361852323008227e-05,-0.000645068758233533
-6.919768859671342e-05,-0.0005594704009303556
8.868588919128725e-06,0.00012020950679945136
0.00010469959547209349,-0.0006081855991993195
5.434453780569373e-05,-0.0005769771821527592
9.427821764889754e-07,-0.0007054486318358158
1.105751334340202e-05,-0.0005719156417722701
1.1661087350987848e-05,-0.0007594778467150519
2.1377021049317802e-05,-0.0010713627207941344
7.571073250216826e-05,-0.00019251429736441387
5.3388161634096947e-05,-0.0008106042087017048
0.00010532690398434394,0.0001701390033249438
-1.8761936021923902e-05,-0.0005383769150828627
0.00010395847822927082,-0.00038028365325124187
5.727250543582701e-05,-0.00010317808149406754
0.00014086138225895715,-9.120845415238907e-05
1.7984076148612558e-05,-0.0008201193416293769
0.0001199069848607928,-0.00041486862619862804
5.874260250328026e-05,3.827828889977952e-07
1.6481578030863646e-05,-8.330778876307007e-05
7.431977975829346e-05,-0.0011509414568881108
4.1680282366420116e-05,-0.00034437626884019655
8.387772021279185e-05,6.873612261868421e-05
6.493826981737247e-05,0.00014307207606573485
1.9090685309356933e-05,-0.0004035927113721999
7.658687025320708e-05,-0.0007036486967601116
4.5827882102952145e-05,-0.0003365374063267839
1.2708204286722115e-05,-0.0002759965022279046
-4.187353749049308e-05,-4.135647353283706e-05
7.089137375739305e-05,-0.0003267953759756945
0.00015860080330248275,0.00047692590120321796
-6.071745067323244e-05,-0.0006785992089043847
7.750753356311618e-06,0.000188520482687398
-2.4709715662006283e-05,-0.00042362349182858435
0.0001244886225925705,-0.0005710472269386847
-1.8960546090146594e-05,-0.00024364612851275396
3.657723558776559e-05,-0.0008343315483623679
8.984992955239781e-06,-0.00010731019820732715
-8.511504518922685e-05,-0.0010834759534548424
8.739017786623993e-06,0.00011570075421526136
9.452622209145338e-05,-0.0006892770372918803
0.000140760206137045,0.00017039813112153376
3.548528928009588e-05,-0.00022793029935679683
0.00019046392562479137,-0.00021753957149704984
0.00015466234968696874,0.0003799886797998511
0.00012051429813830699,-0.0005926078945584536
-7.232640752760503e-07,-0.00015313163189535593
9.009749622515301e-06,0.00015281042667781927
0.0001233178733528891,-0.00010425266342137384
-2.4418273992557926e-05,-0.00025633077614094517
0.00010585142961305077,-0.0006784009807307651
2.07544134439323e-05,4.9561898189676845e-06
7.168139205581168e-05,-0.000141583641276696
-2.5269986610038206e-05,7.41551461385187e-05
0.00019946295549793945,-1.8997679083985802e-05
2.6641034874877188e-05,-0.0005054622093565908
0.00017640552763882556,-0.00043177293360392244
4.590849277563084e-05,-0.00042675572005261217
-0.00010012711466886274,-0.0003677500874507837
0.00017946447946804505,-0.0013544793740693252
3.8506879111953955e-05,-7.587444760203519e-05
6.406008376870986e-05,-0.0006516699812763426
0.00010569428360389079,-0.0005285960355531267
-4.726016277516724e-06,-0.0009026752598306528
0.00015926672725747907,0.00020856584627105849
0.00014825343437735572,6.0521626346270705e-05
3.076386912876619e-05,-6.170466004278645e-05
0.00014899398060227916,-0.00019971345877094326
1.3300476323271649e-05,-0.0008680980175624861
3.774551744665318e-06,-0.0006599236978033721
0.00019181915813629375,0.00016287988669981443
4.929503390910451e-06,-0.00032156801459829723
0.0001453776306298338,-0.0005804313623498603
1.0206654032028056e-05,-7.054823333960475e-05
4.0240994916442656e-05,-0.00035236586084353593
5.427534779473105e-05,-0.00010377783947292708
0.00014449390861192982,0.0001392611002478681
-1.5315295113782083e-05,-0.0006609982366917682
2.1915526362433372e-05,2.123466405784213e-05
5.971566180315848e-06,-9.766156336278188e-05
3.570045547559886e-05,0.0002012799446303341
3.084797287503479e-05,-0.00039217819319861485
0.00011402899291408094,1.4356913149586635e-06
-7.512732561275196e-06,-0.00042533479359975013
5.3562874743332076e-05,-0.0005421450575034661
-5.758148331877158e-05,-0.00046923074527672993
-3.258412499406906e-05,-0.0004833663898971577
-3.370289912920686e-05,-6.3104620906336e-05
0.00014644854801023054,-0.0005547145957193285
-0.00011955404661909635,-0.0013448872137552395
7.59887133286734e-05,-0.00018829167131903364
-4.8104760563429794e-05,-0.0005477415225076578
-3.106511196933315e-05,-0.00042644696686378253
-0.00010078714242450036,-0.0006413022214805607
6.574691161744233e-06,-0.0009937098451976325
-4.4089425282628074e-05,-0.0011911300912291756
2.1938715307243375e-05,0.0005831906020255822
5.758436120589574e-05,-0.0005316202932325414
0.0001777488362565231,0.00010559094669151289
6.30789751193061e-05,0.0002818932370519815
1.7622206906909427e-06,-5.585235950670875e-06
8.492571836453449e-05,-0.0004274379082810712
9.713588888024633e-05,0.00029713633985786536
1.2179618798341865e-05,0.0003764604322174046
-9.225372922155173e-06,-0.0004251182687983857
6.134232170073832e-05,-0.0007208742575953255
9.340524736730342e-05,-0.0003345454068444501
3.405892564793256e-05,-0.0006184758992912019
9.254211581688208e-05,-0.0013114601930935743
-0.0001246123124768678,-0.00079181383287646
0.00010350279149901932,8.068143595074616e-05
-3.194883975386455e-05,-0.0005062314431205396
0.00013058494860309982,-0.0005984054826753157
0.00010160709443063392,-0.0003631797371936665
0.00013829065442549338,0.0002651977363885377
7.941548357774027e-05,0.00012127022448667356
-3.289112396343887e-05,-0.0003027035377519741
0.00010149820450536568,0.00022966596525702466
4.115019769259428e-06,-0.00013230666517821774
0.00012414104244216624,2.9621979028945336e-05
9.657148861723559e-07,-8.052681973988335e-05
-2.1453120383725042e-05,-0.0006791823748809517
3.990486644468269e-05,-0.0008711746205123242
6.212966458578174e-05,-0.000626343060804276
5.1400054017246895e-06,-0.0006426187861930295
-8.331441106063634e-06,-0.0004043184779741562
-7.865908174960876e-05,-0.0009890739599468117
0.00014017965691363413,-8.647609701058974e-05
0.0001226812001172176,4.621949452201016e-05
-0.00011585382186984273,-0.001088824866366708
7.675306407414383e-05,-0.00024477633797920863
-6.257113458131934e-05,-0.0003563942742214573
-2.282541789793216e-05,-0.0005477247865713144
9.347616660804439e-05,-0.0007759115258216852
9.466424738232123e-05,-0.0006287461484377871
-5.6775532264543676e-05,-0.0007321058193113505
0.00015277808679649022,-0.0008320156650836314
7.087212716752286e-05,-0.0006378257305217962
5.582365202733047e-05,-0.0002936156177008346
-2.0629345008396752e-05,-0.0011194248065811375
0.00012132330699393638,-0.0004051467917961113
0.00017965405944811701,-2.7433212488826644e-05
-2.7604584416702723e-05,-0.00010396945668661814
0.0001991642208679802,0.00030899542315183866
0.00011179142109439999,-0.0003802190738776402
4.57248092868862e-06,-0.00032278403889600486
-3.634464307438818e-05,-0.0007044205606634978
-9.400214465586198e-06,-0.00027813487412150167
-1.761240340903436e-05,-0.0004041988686423098
5.652935181885008e-06,-0.0007202078919799821
4.62690834233023e-05,-0.0007461632852405947
-8.946981017881239e-05,-0.0004722782659973799
0.0001745350555821663,5.009143609936896e-05
0.00010028032506436598,-0.0008148342579746111
0.00015264041368363667,0.00019118550056721113
6.536850069310495e-05,-4.1788691196119695e-05
-6.234078334069147e-05,-0.0006731679570115912
2.0203247442674446e-05,-0.00010649611731674508
-2.3272905672194917e-05,-0.00015942234521877844
8.011529327393861e-05,6.649986774959579e-06
5.552666910896634e-05,-0.0002599374567708188
8.769965625337337e-05,0.0001766014683233898
4.543190801108922e-06,-0.0002542231596718584
2.5862418557600882e-05,-0.0009742959537290659
6.345571731143296e-05,-0.0005511930782332255
7.059147289326414e-05,-4.2396448288366164e-05
7.702862660108446e-05,-0.0001979457535003777
0.00016901426146128455,-0.0003552031778058011
0.00011100886974801546,-0.00012336428677791697
-1.787518392567543e-05,-0.0006628370413697816
-5.785826911626164e-05,-0.0003345470396556862
-3.3199660230043385e-05,-0.000755145088148131
9.875751265750926e-06,-0.00013735204316700332
0.00010491967736256657,-0.0008292701304083623
1.1740068811036506e-05,-8.603431407022767e-05
0.00016820829515841348,0.00010429750267282702
7.616336422529676e-05,0.00028708871065153286
-2.7245342707228983e-05,-2.5481381649470052e-05
0.00012391036457734815,8.661914631388559e-05
0.00011163767038114211,0.00046900804899715576
-4.827908326434597e-05,-0.0007005723948261427
-6.143645923112616e-06,-0.0006518625273735144
2.3216593355359234e-05,-0.0003567530348418881
5.484505920003179e-05,-0.0009203635793298621
0.00013341811597432232,0.0007215106427307356
0.0001433847463424176,-0.0008701610939049381
-3.3009608542213496e-05,-0.0006776858288942522
5.963055369021924e-05,0.000296694049430592
-1.825133971067509e-05,-0.0006086197822476997
0.0001268566389488406,0.0004676530042006484
1.6178914379710925e-05,-5.8573199524552435e-05
7.976868116952915e-05,-0.00046787007145489246
5.9772970249352605e-05,-0.0011714458208710457
-4.6346559900569e-05,-0.0007537068603529467
7.280313167814135e-05,-0.0003780248473194053
3.228941830644313e-05,0.0003858456431170825
0.000125199093753179,-0.0011295400840350893
6.258954616821004e-05,0.000258260521785803
5.260996623361681e-05,-0.0002298044261651889
8.64954576156915e-05,-0.00048311240643902746
-3.111554079433351e-05,-0.0009854446324307877
0.00012297446765128367,-0.0003806526212155702
8.548709354033032e-05,-0.00023508569472096433
-0.0001240157304960362,-0.0012871640818943222
-5.928408112629356e-05,-0.0008489436229407645
-4.459321517062448e-05,-0.000579605440563909
0.00010069926490594064,-0.0002105031932492075
5.47334719492612e-05,0.00032292677474163745
4.0911357381873175e-05,-5.071921515027944e-05
5.112779017585961e-05,-3.033495560405251e-05
4.100329952378026e-05,0.0005037043473318884
-1.0697941518463531e-05,-0.0004624986166527921
-4.5197985834817975e-05,-0.00020514148798912642
6.041942080441717e-05,-0.0006708289888319168
2.433479858516855e-05,0.0001566414738479796
-9.535652615604958e-05,-9.685588074999151e-05
-0.0001218527308015184,-0.0015352924267786788
4.425962092478359e-05,-0.0004961976885021838
8.724394675739726e-05,-0.00042333469177534104
2.7951243513402494e-05,-0.000142851884224244
-3.3353259709838017e-06,-0.00047016829466956547
3.840490083349456e-05,4.907022366411589e-05
0.00010515818429926178,0.00024871218914900874
7.810145233105283e-05,-0.0001909317323551215
-1.041313015210323e-05,-0.0010211010053841263
-5.2372090864733075e-05,-0.0010541122625985042
-4.33891705357147e-05,-0.0005086686777170238
-9.331408503388962e-05,-0.00028412681918868303
-1.7387676876098534e-05,-9.597687759224209e-05
8.067300690027323e-05,-0.00012701775578362177
-2.4015149618567867e-05,-0.0006457723673982542
0.0001141648217398445,5.114821992953245e-05
7.600623413361907e-05,8.069467182119129e-05
0.00012714916844449917,5.105660654449609e-05
9.202870336265284e-05,2.350622743216635e-05
-4.45209485078597e-05,-0.0007214429591284256
4.535187278423603e-05,-0.0001895001305655312
4.370719891467559e-05,-0.0005495657792665876
9.874042221272699e-05,-0.0008602287318927848
-3.855694174476239e-05,-0.000420825723386022
9.339090245280998e-05,-0.00010099700852930535
0.00012928999241409018,0.00023200007672406875
6.526123957281043e-06,-0.0009067741287693233
3.01667446332998e-05,0.00012120909330258014
5.4727463402010876e-05,0.0004928068716941031
9.650916930885485e-05,-1.5529963586862096e-05
-3.5996057919741485e-05,-0.0006953667582879823
3.519938774355696e-05,0.00030623228232362474
4.3144252109922896e-05,-0.0002124091899272772
-1.2047998008060255e-08,-0.0002748681798086089
1.920182737941663e-05,-0.0005617702010666814
6.640552667508962e-05,-0.0003693893512450233
-3.806093350421861e-05,-0.001276678278856606
-1.4617659630115557e-05,9.177211448020564e-05
-3.547772500829235e-05,-0.0005761174540009602
9.143488841473579e-05,-0.00016536390650126513
6.800722033628554e-06,-0.0006149949944249638
1.7896634923553315e-05,-0.00037428394556033434
0.00018152438822517506,-0.0009318569903391124
7.598562071250975e-05,0.00022411995050338992
9.118908543963457e-05,-0.00048731019896140217
5.735760308039594e-05,-0.0008927152225021739
9.065844337942779e-05,0.000187995335083211
0.00012787762725415713,0.00012365876980237447
3.7779240263684455e-05,-0.0005528841189004253
2.479877174408219e-05,-0.00035726589363958654
9.109074994707842e-05,1.216842548334323e-05
0.0001265579747218185,-0.0006068223299952643
0.0001271821693313505,-1.0708727479773666e-05
6.8416362306013224e-06,-0.0003900169623442132
-3.626045127704168e-05,-0.0004866322616854439
0.00013091620453057048,3.4739679405871915e-05
8.745272172119048e-05,-0.00023017812030664598
9.05019320004624e-05,-0.0001353188754653235
4.999793812750079e-05,-0.0007986834659333478
1.8932733133244665e-05,-0.0012917961246947487
-5.0820144466790044e-05,-4.479329009538305e-05
1.3916305128735125e-05,-0.0005265879070235273
0.00010271689740465366,0.00012391755910552156
3.200369167780207e-05,-0.0010295019052482255
0.00017390028657960634,-5.2990674351338434e-06
4.770899771342754e-05,0.00020635413424163653
7.050806067559177e-05,-0.0003418269885522536
3.783267956865425e-05,-0.00025513113239902915
-1.7665079644660727e-05,1.9051046853623253e-05
7.050022052508164e-05,0.00015257359188953877
-2.4356828895760198e-05,-0.0012111789475583072
4.778893648570349e-05,-7.783756673638279e-05
4.417748267304873e-05,-0.0007157775478923169
-5.4227190929654595e-05,-2.3000026638049327e-05
1.4266857158328665e-05,-0.00011442194132047339
6.947604450145375e-05,-0.000250860906973185
2.8884677195672493e-06,6.312877558890774e-05
-1.6265802025296525e-05,0.00021201861598214982
4.9571607734627126e-05,-0.0004917060411271917
4.3016750718221226e-05,-0.000346032445193059
6.36508305900934e-05,-0.00019235132891632007
7.083213409419864e-05,-0.00011999437117063831
6.373993604622615e-05,-3.636474488323798e-05
5.323972246474299e-05,-0.0004488331276192364
2.0819413978933644e-08,-0.0007182248276867777
0.00010837920237974732,-5.4009751829238505e-05
0.00018022291074687902,-0.0009719635591235617
0.00016009803574805833,-0.00015677869901739545
-2.1973349705477386e-05,-0.00011611368379960821
4.30845019370133e-05,-0.00031469001017478323
3.35066823725175e-05,-0.0007302842975947914
7.160097413342942e-05,-0.000495000081804612
-6.814659334613716e-05,-0.0013585139357214226
2.4768905692448194e-05,-0.00018984515841994276
0.00010403050122786815,-0.0009341376207804868
6.386474968237332e-05,0.00048168757212678183
-2.3530872277144964e-05,-0.00023017494320874018
-4.5909966587353164e-05,-0.000625336647541651
-5.430108320486298e-05,-0.0004312482292771827
8.017661288019028e-06,-0.00042415329788696843
6.557501707865431e-05,-0.0011151061883563928
-4.7541963471355877e-07,0.00011951548225411187
5.6425747209096926e-05,-0.000686163779933407
3.09087219106236e-05,-0.0004930166826100741
0.00018085210978830603,-0.0006474709683427803
5.576986608299905e-05,-0.0005033411988882756
9.82187121012959e-05,-0.0002702541043062189
2.3001656968227682e-05,-0.00013534805504812
9.448511045999217e-05,-7.551877728601732e-05
6.998496835897676e-06,-0.0002724424460147144
5.3588108452401115e-05,0.0001068120590859954
8.658978339583644e-05,-0.0006480558547786566
0.0001240160067303492,-8.380101729633101e-05
6.371935755977514e-05,-0.00029634479491329494
-5.189896120090699e-05,-0.0013403577906775732
3.681606448902909e-05,-0.0004311015979089753
1.6934857523661587e-06,-0.0001468354657443465
0.00020276288806637073,-9.977240248979893e-05
0.0002524907354487954,-0.00039636397166492777
-5.60582243185493e-06,-0.0004951711708196726
0.00015884557931665407,1.7638519905615924e-05
1.393514532808959e-05,6.908595837730577e-06
5.543315383000125e-05,-0.0010006848251371291
0.00017840451659824626,9.758758330226163e-05
-3.4418547487706586e-05,-0.00040894096167666137
-7.463597581866294e-05,-0.0006323592142997872
3.7293781731571006e-05,-0.0009234197632797936
6.779271141349794e-06,-0.0007012591686157946
0.00014107451480769437,-0.0002770257707985231
2.1152188359238963e-05,-0.00025077510535680847
0.00012346747084884932,-0.00035215116596776274
8.598646223648002e-05,-0.00047010095299673143
0.00015871604476819118,-7.998335414161165e-05
-7.889836955735855e-06,-0.000806807676474067
0.00012113995751001871,-7.0732126907228e-06
-0.0001281403614379534,-0.0014833183663275178
7.548021622929508e-05,-0.0004667363540516083
-4.7923877100210924e-05,-0.0001220416366148834
-2.5714637502322123e-05,-0.0003406494901676537
5.705960304046759e-05,-0.00014130095875073995
7.683395245880863e-05,-0.000290080078402392
3.193932460363188e-05,-0.0006481190536118956
9.792013276833323e-05,0.00039973127556547166
4.363605524009153e-05,-0.00048085562535634156
2.63084885325921e-05,-0.00023973668747183846
4.578764596886622e-05,-0.00040793288995570956
2.5144349984460523e-05,-0.00043574051534126917
0.00018091570388476655,-0.0002350685527191912
4.299513787818111e-05,-2.8624411159259216e-05
0.00014232905918377064,-0.00033102128189248616
-8.75684586892301e-06,0.00017381936986758144
-3.0163847809404538e-05,-0.0009912044423687652
0.0001191273413524193,-0.0004737316468610877
0.00013637455281981673,-0.0002367782350907287
2.3965555429211798e-05,-0.0003255167070456546
2.43956268271582e-05,-4.076536310672769e-05
2.8571404945513558e-05,-0.0004725324762383497
-4.18321153218085e-05,-0.0006152061763838714
7.568263630542484e-05,-0.0005279767149684226
4.951684727385721e-05,0.00020984090282620918
-5.360434265580993e-05,-0.0007129985949135629
4.274737162741188e-06,-9.421151160697374e-05
2.7532074573494386e-05,-0.00033029046451667394
-1.196529552823975e-06,-0.001273574094470877
9.063446241887012e-05,8.454800917388902e-05
5.0405727226266e-05,-0.0013561070197473
7.15717829708429e-05,-0.0001694212112733498
-4.641449547045028e-05,-0.0011069632157569126
-1.2202865451051728e-05,-0.0008291295153137723
-2.186869424696466e-05,-0.0001843157343037096
-8.38669604209287e-06,-0.0005772337583959493
9.587167960811886e-06,-0.00012628305303150595
3.486356014443886e-05,-0.00020455160222570496
3.823267670207698e-05,-0.00023911665887575462
5.8143291183649975e-05,-7.483358569213683e-05
-8.265690370701839e-06,0.00013493988443107494
-3.855873682016614e-05,-0.0009874650578203868
0.0001890349228185615,-0.0004897672878089093
2.8346521262890303e-05,-0.0007042769802361334
2.0128346893613343e-05,-0.0006967782290048706
-8.135115805980517e-05,-0.0003190332767604861
-8.251267741653538e-05,-0.0004796812973908667
0.00017943877716415437,-0.0001868307162472621
0.0001163110400179748,0.0007389761532337608
-6.244960408450251e-05,-0.000659922749959819
-8.461097238791462e-05,-0.0006465092867208494
-4.449637806432715e-05,-0.0007718057780997749
6.66215049555595e-05,-0.0005113726463044572
-2.9324072205202184e-05,-0.000252964032417102
7.360400448772365e-05,-0.00017928559372745498
5.7657985435561704e-05,-0.0006829677009467139
0.00014911054933075286,8.0651963875303e-06
4.70233346869112e-06,7.89183310583183e-05
5.7729526125184044e-05,-0.0008642083977298458
-6.514291649471448e-05,-0.0010815008124888165
-2.9704288646049363e-05,-0.0008011347515967651
0.00017960224729726373,-0.0002835355811969817
-1.4636215584372348e-05,-0.0005436047885161117
8.693595051293389e-06,-0.0004277492861976812
-7.927155587968124e-05,-0.0011046525173744595
0.0001082045760033027,8.682479869612805e-07
6.464827524538209e-05,-0.0002516349446754743
6.578406521268945e-05,-3.044650843666301e-05
0.0001717686970274926,-2.2086309545771954e-05
9.205684872777559e-05,-0.0006347434417211852
-1.8980985799268128e-05,0.0001921904866960102
5.482801801032293e-06,-0.00040758516719457906
5.659166595802396e-05,-0.00044096698419540995
0.00010941648402436417,-0.001206114326602743
-1.9808811441239245e-05,-0.0003370737587800141
1.0690203788646298e-05,-0.00035717573719231554
2.5738322976509554e-05,-0.0005364462428435635
-1.8725245280411007e-05,-0.0008289592382812822
5.9299975615910856e-05,-0.0002453154352090216
-1.3775949005790126e-05,-0.00010090751841798916
9.091964335319528e-05,-0.0006058712140982631
4.2982724479767074e-05,-0.0007202688042733642
0.00013540264281739625,-1.737875562270565e-05
-2.9805608721686925e-05,-0.0008998653479460779
-1.999170806506057e-05,-0.0003424084834812452
-0.00010673151189797954,-0.0012781816954726016
0.000180922691085815,-1.9818998687053742e-05
9.216716931979393e-05,0.0002500886191374612
9.318618655736102e-05,-0.0002419945380552055
-4.743920283994245e-05,-0.0002697776895502113
0.00010841190254944484,7.866285639300812e-05
3.420027332050329e-05,-0.0003529757398327702
2.2354842653644395e-05,-0.00019275598854220815
-4.172419514817863e-06,-0.00030321080230730966
-5.827614232317668e-05,-0.0001462943654686826
0.00015103339508460632,-0.00033671818071886523
6.335219147992691e-05,-0.0009794964332502044
0.00010319855034096269,0.0004414604601167913
0.00010628218557466354,-0.0001913617519628249
3.635138032525255e-05,-0.00013089796906953305
-7.403863311749207e-05,-0.0005739273872173537
0.00012132868341356497,-0.000225951851970495
5.898875396679587e-05,-0.0004540583016899105
1.892896508308298e-05,7.523749893625188e-05
0.0001313830947990478,-0.00032553537954681363
0.00010822128673424294,0.0003058820622765735
3.711441647189671e-05,0.00021289196001532783
-6.107492860860894e-05,-0.00051154626316952
0.00022085976973649647,0.00018541701074813077
0.00022841419252253554,-0.0002743906358902879
8.569153156750085e-05,-0.00011979897310036802
5.825863641736225e-05,-0.0005171446139256013
7.557000390051523e-05,-0.0007562545643529332
-4.8536426892052616e-05,-0.0006948286889982664
-4.0087258023303526e-05,-0.000373617739836836
0.00019618221494234565,0.00043661237368114404
3.415989495124768e-05,-0.00015200333451006738
3.6475306615960776e-05,-0.0003998414065477429
-2.7058894665313483e-05,-0.0009520084242555895
2.6554037375881284e-07,-0.00014360260226961905
4.368239925031444e-05,-0.0007929698453283298
1.9104261198098237e-05,-8.427461555227814e-05
4.415732346517223e-05,0.0002079740728589139
-2.0018314061854225e-05,-0.00030675939055838905
-2.0859796387702364e-05,-0.00022503206385814437
0.00015339858497616398,0.00034324170573022284
1.0265474455666186e-05,0.0001321783941762043
-5.167662437976204e-06,-0.0007536934051671571
4.0114891161810906e-05,-0.00014870321723278973
-4.448685220126151e-05,-0.0010284866099957316
6.010768443370261e-05,-0.0007766466319198077
0.00018497257907409734,0.0007352156657664925
0.0001355463753955941,-0.0007905521041280343
-7.999210030783748e-05,-0.0012188163445869407
-3.594563860125267e-05,-0.000831573912240324
2.853452460750469e-05,-0.0002867794745616644
8.564239788609796e-05,-0.0002912308110597265
0.0001135660797182958,-0.00013238312953334626
0.00022528176062284298,-0.000559550366857505
-2.21203325798605e-05,-0.0014746189764304183
-1.929533927077243e-05,-0.0005500224496869503
4.141423874871137e-05,-0.0010775908362353713
-4.084114680280622e-06,-0.0002817249952656834
0.00014612229147252387,5.619315798617897e-05
8.529555237918329e-05,-0.00042907192819989113
-3.232087185089621e-05,-0.0007496550876602596
3.327015734340199e-05,-0.0010392307737397293
0.00012873799713072036,-0.00014064677936511497
2.260169861874171e-05,-0.0006413795816803908
-2.6917145966955347e-05,-0.0008615301716161063
-0.00013534540268535992,-0.0009321738296649713
8.112760964197176e-05,1.9192399181754344e-06
5.2169511971031184e-05,-0.00021796093494553197
-3.786337957272721e-05,-0.00015987584237597266
0.00013006365847796826,-0.00045537785259584557
-5.3654184857749617e-05,-0.00021885860403343083
7.92086154540318e-05,-0.0005667349345437865
5.785669955173605e-05,-0.00041374052491217493
6.81004055938176e-05,-0.0006811136987065465
0.00011498569556503885,-0.00042738796046748895
4.546786106337527e-05,-0.0014486870581298375
6.444549234282157e-05,1.7955527570602656e-05
2.4915942309326137e-05,-0.00020447915205526164
-4.554107025235216e-05,-0.0008299720163513924
-1.2867494288087061e-05,-0.0002165905564370049
2.5910046826246915e-05,-0.0003986782503170877
4.4587003834680605e-05,-6.711175322077125e-05
7.924443759568933e-05,0.0009555016976508086
1.5170369587757295e-05,0.00029631597052745995
-8.181572057707853e-08,-0.0005578664749850266
-9.940998788525083e-05,-0.0010272497352019105
0.00012535184380706732,-0.0001994245712014106
0.00011895497720524248,0.0003785538389781423
0.00012019214491404398,-0.0002048721556547076
9.470080977204447e-05,-0.00023471006810358747
6.879248136979551e-06,-0.0004781030418475226
4.640231878138721e-05,-0.0006435565771004124
4.402944096203591e-05,-0.000567025157553659
8.255010283837803e-05,-0.0001963433199188772
-3.842767719512515e-05,6.344642865233424e-05
7.138495477029944e-05,-0.0002778914437803533
6.333271673347399e-05,-0.0001960350037841272
2.6966705910650665e-05,-0.00042262009267799816
6.819602058739994e-05,-9.648703083860887e-05
-1.832767897518009e-05,-0.0004551052244110126
0.00011026936496591963,0.00010437367366346599
0.00014053912153196916,4.102034000488469e-05
5.48361578097819e-05,-0.0005097355820916238
-6.531647230636274e-05,-0.00033487032314476076
0.00012773044735153141,-0.0006809361908084152
3.397439531264778e-05,-0.00012119697004236082
3.1927164079638705e-05,-0.0004496746140814717
-7.002361285345278e-05,-0.0010445215549331358
8.294528307123874e-05,-0.00014355887239628454
3.3262882399641793e-06,-0.0005399229697501947
0.00011135692178824736,1.0150771016045784e-05
0.00028029320098447953,0.0010589992007518619
0.00013791692667555115,-0.00016644941426156393
0.00010077092552835751,-0.0004322973752458045
-6.362393592723091e-05,-0.0006762339343162015
4.2684392130004045e-05,0.0003048305256849791
4.137178789684677e-05,8.569333573440169e-05
3.9641913238088215e-05,-0.0012480047099004878
2.8340228212971974e-05,4.321482130886998e-05
-2.211241640369963e-05,-0.000858158432471599
0.00013952605007384777,7.455491055130106e-05
-2.481924048460637e-05,-0.0006129627345178403
-0.00017967834032906483,-0.001340242468232027
-1.1827887551163051e-05,0.00019997380528526286
-3.714876920373409e-05,0.0004053236732367414
5.283079438107358e-05,-0.00022030431550580765
0.00010614922861792601,0.00034041053155207815
-5.170684882340986e-05,-0.001233975193503648
4.593954336009164e-05,-0.0007650038184830728
8.947692265926928e-05,-0.0013670880983767087
1.1444484752108497e-05,-2.0067281736643017e-05
0.0001598843732238633,-9.931817024454178e-05
8.519975977166578e-05,0.0005157454540795825
0.00011881433432783917,-0.00041646722255610604
-1.5078378850147183e-05,-0.00030892799685527234
5.1653092796048584e-05,4.3826081631940896e-05
-9.46586700002099e-07,-0.001704335219246397
-1.653227013406793e-05,-0.0001530008793991917
7.947811402451828e-05,0.0002627037109967042
8.873825128152154e-05,-8.87836726991035e-05
3.096782357871951e-05,-0.0006765830299714661
-1.7914932695059293e-05,0.00020540997279791087
1.726833478128673e-05,-8.633385066243962e-05
1.8353446719083063e-05,0.00026745741526743597
4.066858910880069e-05,-0.0006228818086097522
-3.202746851645676e-05,-0.0009995120120053812
6.929171728484952e-05,-0.0013415292472991865
4.3659992369192175e-07,-0.0005483123581765707
-7.7942169484113e-05,-0.0008844625959089536
0.00020935421108339444,0.00010696525159338796
6.657605841401226e-05,-0.00046240846988456787
9.308583451208416e-05,-0.0002056253649603115
4.9706947574019766e-05,0.00011862697425205434
5.625306450312163e-06,-0.0013728860349282311
9.33645749452258e-05,4.03616116756412e-05
0.00014905213262434358,0.00016199077455489493
3.4471381346037514e-05,-0.0003767813542064341
7.050620876513476e-05,-0.0003465385075935134
-1.6022393820372028e-05,-0.00011998158852164165
0.00014995214076162278,-8.047397123346584e-05
2.7153096462650627e-05,1.119292138034688e-05
-8.663338476914636e-07,-0.0007219037634864748
0.00021448815042038634,8.073189861035234e-05
0.00010732688943092036,0.0001679018881890908
-3.129467097622135e-05,-0.0006867935381661223
7.042933525250745e-05,-0.0002113222971468359
4.963381130603158e-05,-0.0008311270203952685
3.199476914817018e-05,-0.00014029232581257102
2.253662051315174e-05,-0.000483456797837966
0.00017675410746189308,-0.00023129269593847034
-7.672214108387667e-06,0.00010941486130265643
0.00020143387957186157,-0.0004903230797443851
8.020283869800287e-05,-0.0005870810866751199
-6.042137513160285e-05,-0.0006355272485373026
-1.2905551901435156e-05,-9.896411339486809e-05
-3.905183688859395e-05,-0.0006092798856012715
5.189071475342704e-05,-0.0008266713498038153
-3.712466896249063e-05,-0.0009788850433863129
7.381110496231162e-05,-0.0005787871979436129
3.0233015387222644e-05,-0.0005212536397118264
8.779023113076815e-05,-0.00023027753384858906
-0.00018315288378890597,-0.0009643913349191474
0.0001724172482586302,0.0007049979303515407
0.00018770111363573575,-0.0005615437676431697
6.774555120549208e-05,-0.00017971226310816888
9.977786134275673e-05,-1.8199036200582753e-05
0.00011926661767875499,4.166955027969251e-06
0.00010391129100349535,-0.0008461007286020563
-8.573615178178196e-05,-0.0006092983675910968
9.126905018563882e-05,-0.0003463423658302886
1.7088445668399547e-05,-0.00011955185379613212
0.00012750769189960896,-0.0008040237212256743
-5.954732056554597e-05,-0.0009460412999118573
1.5009883820926701e-05,-0.00011021158976159091
0.0001326883570237677,2.158837920071076e-05
2.501101231020347e-05,0.00011529340003592304
3.526000108556684e-05,-0.00040754905597677497
-9.837730187309474e-05,-0.0014312018535430802
4.0443338207779415e-05,-0.0008701655584999045
5.743187811162322e-06,-0.0002222982886371388
2.5297772783845106e-05,-0.00022961554723067534
8.641136205740201e-05,-0.000322746945054983
6.445038889391975e-06,-0.0006611951220437341
-1.8360122212812143e-05,-0.00024242705506247254
6.039177613831914e-05,-4.449639466999077e-05
0.0001616037603553857,-0.0005129737689699554
2.410143738769673e-05,-0.000349683377405986
4.425807815677278e-05,-4.458814782290293e-05
-8.443617645503311e-05,-0.000979104252893031
-7.477088860693309e-06,-0.0012435358610776593
-7.46293940218542e-05,-0.0006529036010112003
5.147160883425429e-05,-0.0007080426237325911
3.8791995974467045e-05,-0.00033892202441344107
5.983456536978301e-05,0.00023946219737884392
-2.9046057473091003e-05,-0.00033024368689022046
9.488093296199993e-05,-2.3134217928864556e-05
-1.763020181970104e-05,2.2978096162125554e-05
3.008776703889796e-05,0.00012856813825872274
0.00022458558240109989,2.254854651986883e-05
6.646692440009165e-05,-0.000527773096330923
1.7895920423378225e-05,-0.00033066072108181024
9.266024887962887e-05,-0.0009058375704102939
0.00011708044663650505,-0.0006592690006132918
8.578553420378255e-05,1.9082144183261486e-08
0.00010872571177184022,-0.000603365488730873
-7.41894887383644e-06,-0.0006514844545482899
9.4565157939256e-05,0.00013960710634359743
1.5798020764577558e-05,-0.00012263906357654544
0.00019222730088228507,-0.00044386399175056054
4.8115791504975734e-05,-0.0003279047550267916
-0.00015131850861713883,-0.0014031050173583203
0.0001446683920894475,0.00010991898246896389
-1.8993523836394725e-05,-0.0006964157256452038
6.618692740021324e-05,-0.0003313581103621849
0.0001559569699803269,-0.00028218406650152086
9.183838247692924e-05,7.042102117280968e-05
4.943240957639111e-05,-0.00017065084566566434
9.417659226135068e-05,-0.0001970164716824499
0.00015710068417475236,0.0002416069503376225
0.00014000918574835877,0.00020928070763592826
5.69867354313036e-05,-0.0005060512555598193
0.00010948283530808444,-0.00033068747739457404
-8.119171300595497e-05,-0.0010130900978206345
0.00019821285262119654,-0.00019745722623059904
-9.850498254865004e-05,-0.0009407421755822673
0.00010784561146709047,-0.00020572155674670244
-5.2548529265566025e-05,-0.000627784552479733
-8.720803518393793e-05,-0.0012577729395105664
4.716079541255147e-05,-0.0004867777659891216
8.511635804453886e-05,-0.0005268114354890143
0.0001019227744234624,-0.00029570696119968865
4.846302189722153e-05,-0.0010695006730383231
0.00010528058266756897,-0.0008103488552076471
-7.917002484474946e-06,-0.0004913848258105691
6.69326022042208e-05,-0.00019994807281561484
3.934318177226223e-05,1.3864255730787324e-05
6.907926956209703e-05,-0.0005611250419491333
-1.540105646088925e-05,-3.8851524064818246e-05
-4.776102183679128e-05,-0.0007260639680029372
4.505433452082583e-05,-0.0004857245209746789
2.1013435634612134e-05,-0.0006692713131712426
0.00014400172774588346,3.333773760612567e-05
5.063215379543483e-05,0.00021489432089084423
-3.595929936269708e-06,-0.0012068995644382856
1.7481422174290065e-05,-0.0006349973591815182
2.3069446186783977e-05,-6.0291965425673835e-05
3.8670163435338404e-05,-0.0007521594795732104
8.21312428137034e-05,-0.000451161832068307
5.7002150004926375e-05,-0.0003531930134400838
0.00019099930580903946,0.0002486828912711433
7.781455130326804e-05,-0.0008690176738285408
0.00010698581677881316,0.00021005679586286522
2.4525688494935122e-05,-0.000676154512453208
0.00010737470695448831,-0.0006544952475934617
0.00011702485370921364,-8.622044709001028e-05
7.867225231273593e-05,-0.0010198348603913836
-8.12143724142778e-05,-0.000392138695728782
4.317803374849873e-06,0.00010248910691544908
0.0001309433994094042,-0.0008083355116698473
-2.894451125871558e-05,-0.0007390181804572652
5.012760641285525e-05,0.00042752874344316016
0.0001189068521022785,-0.00027372682992049535
-8.677312816780819e-06,-0.0001461426378484162
9.011053310225772e-05,0.0001440645532798764
0.00021159845398960355,8.599922471095887e-05
6.622131311031016e-05,-0.0005826795121007699
5.492499489078052e-05,-0.00012843093256682952
6.98015823553885e-05,-0.0004948030343564919
2.5359475352879237e-05,-0.0006035689725284712
9.601495621028633e-05,-0.0004399160973883697
3.642252176538376e-06,-3.6072918146385393e-05
-2.4780030056182576e-05,0.00018556008041508025
7.018448389068245e-05,-0.00010278782985062476
6.72720269124285e-05,-0.0006367266082272628
3.6755705537695944e-05,-0.00024247639982538817
6.362544540062924e-05,-0.00012646175501847902
7.347400129739507e-05,-0.00029167628248056297
4.639978608657089e-05,0.0003179768661887121
9.72870221845585e-05,0.000462097139713272
-3.89386989101211e-05,-0.0009526621674121296
-1.7224141887910475e-05,-0.001058216162062823
5.0954975236989635e-05,-0.00023888612498814253
0.000125231214343484,-0.0010156154487571578
4.0855240245235667e-05,-0.00110478951231138
0.00011065167260907572,-0.00014724987930679023
1.0075695773205097e-05,0.0003029213409590678
3.861711822630918e-06,-0.0005879676600476204
3.0265144803737654e-05,-0.00026255605464203487
-4.1495755121800004e-05,-0.0008194178609250567
0.00016876544382441263,-0.0001611572141364703
-4.9004014056267333e-05,-0.0006544175040943023
2.6922837827324117e-05,-0.0005822885476067943
-1.682277658697487e-05,-0.0009492678347998105
3.5141890603172435e-05,8.759217018528615e-05
-5.724934583499323e-05,-0.00011102384890548394
7.417608835217601e-05,-3.294261431067202e-05
0.00016905282609037869,0.00012753644188133825
-1.8656510027201386e-05,-0.0004595785336746468
9.566293560742809e-05,-0.0008075513200478253
6.789926701656287e-05,5.089395390923252e-05
-6.279897932902603e-05,-0.001375228566068602
9.724828130507704e-05,0.00026875356635521294
0.00016911834864328476,0.00010560875419103496
-7.384550519722896e-05,-9.10499292369727e-05
4.6445155450497764e-05,-0.0006812991600417147
5.228267066042066e-05,-0.00045341151293826654
0.00016022634176741468,0.0006199409895716931
0.00017726972571259798,0.00038521181278980236
0.0001303286350235093,-0.000482989958856266
3.2910159474868324e-05,-0.000609967727280458
5.127989034394052e-05,-1.4113726645310822e-05
0.00010014001030487758,-0.0004866479752289828
4.267250102899089e-05,-0.00013705203776128187
8.588218919194424e-05,0.00033387951580728494
1.976762079443665e-05,2.3550690688293346e-05
-1.6270846186131153e-05,-0.0005084414252725724
-6.026427848603713e-05,-0.0007768516018132043
5.0292040736571965e-05,-0.0004147069092587357
0.000106869561210358,-0.0002897764720727341
1.0091301073056021e-06,-0.00023293914231039075
2.6572988918570448e-05,-0.0013824506164894549
4.3183825308116115e-05,-0.0005799354726163273
-1.0668455571278185e-05,9.642662614182436e-06
5.7141695254352164e-05,-0.00035696543841040606
9.955843159272198e-05,-0.0006473672613213693
5.0408432127046286e-05,-6.878495497291307e-06
-4.029048983564303e-05,-0.00016510126148022258
0.00014406818627811044,-0.0005743285658843268
4.5632173485252896e-05,-0.0009843138324481355
3.718403270772168e-05,-0.0013377344883961318
0.00013812856693773477,-0.00018995805639540766
0.00010724907766729663,0.000132808428222607
4.887032957294127e-05,-0.0006018378602658838
7.825825492589263e-05,2.5613338672399953e-05
0.00011478583606030755,0.00012405803671477892
4.2038268951205836e-05,-0.0005764298281049271
3.726255892912717e-05,-0.00041553221524227987
9.62026411017987e-05,-0.0006895191424797134
2.6270043413215518e-05,-0.00013348658068757822
8.942185536038903e-05,-0.0005710691429251708
5.714815594698368e-05,0.0001658104239820417
-8.630267867450219e-05,-0.0007565098554645002
-3.950724304082248e-05,-0.0006489782512416203
1.1167201843928422e-06,-0.0012111899890393492
-3.9695572271380096e-05,-0.0001947817938492086
6.574662669767828e-05,-0.0007724161606966623
8.275338746588847e-05,-0.00010054319281243152
0.00012872391150774376,-0.00018354175937097014
-3.549852447991102e-05,-0.0013663482224454387
8.325746652699685e-05,-3.484214096291082e-05
4.90860919111472e-05,-0.0008698124049897097
5.461937553704936e-05,-0.0005375406189636243
0.00012936203174595355,0.00017509544335057216
0.00016183080008950486,-0.00012244481216350548
7.784489172194694e-05,0.0001591024948793304
0.00011091330783847967,0.00015994348740812602
9.53375559304729e-05,0.00010909019372112611
9.116840792430496e-05,-0.00033371912512563436
0.00016309034840908615,-0.00030155160922507246
2.2459669406249436e-05,-0.0005575763381080728
-1.1459974223540178e-05,-0.0018017549881674706
2.2053010753223928e-05,-0.0005923167951999409
5.2877335740696016e-05,-0.000325503339525332
-5.502590765852364e-06,4.5900455482839086e-05
7.600453628253486e-05,0.00028850719852841644
8.95298176007479e-05,-0.0004248796491818968
1.6051573012123942e-05,-0.00036647054075461647
3.457674565193289e-05,-0.00027077472721815797
9.082980720156111e-05,-0.00011670226421288505
8.402077783465522e-05,0.00021889922511632347
9.862628501035471e-07,-0.0009879586707627608
-1.520877804448269e-06,-0.0005967983393002871
8.822489931077819e-05,-0.0002448359585281759
0.00016316643169189048,-0.00010420362582287053
0.00011262487073512828,0.00017323257708731473
0.00010500362294717805,-0.000798057362174365
-8.703718127195704e-05,-0.0009055391593437325
0.00013555986753469536,0.00035662627841351763
-4.1631488155322e-05,-0.00032246007603705453
0.00017309619058476837,0.00023314553034203302
0.00010759372842112085,-5.1746534596139196e-05
4.097928300102305e-05,-0.00016300930574564265
4.044215326800323e-05,-0.00045235886009143534
-3.3936018176656478e-06,-4.400638640018806e-05
-4.6624759381781516e-05,-0.0006036640993641039
1.8224480859236497e-05,-0.00048584559955516164
9.354150232335966e-05,-0.0004103099333543598
0.00010717376987746244,-0.00014545989889444585
8.709823302482288e-06,-0.001071389033225299
8.80308003212664e-05,0.0002795874628281188
-1.7436693900051365e-06,-0.0006151341428488244
-1.981477000156335e-05,-0.0004837309147512017
8.573323202479329e-05,4.974274332404183e-05
-6.995410085284799e-05,-0.0008030293901091815
5.4618856875580485e-05,-0.0004037961626542606
6.61690661986925e-05,-1.274030331084125e-05
0.00018838984529618547,0.00023436733828789192
-2.1288761211472846e-05,-0.000363201771248133
3.305266939652253e-05,-0.0012812428107109419
0.00012745476041284547,9.163338335852627e-06
-2.633267485693873e-06,-0.0009900427421955784
3.8872498568961035e-06,-0.0003993582901166998
4.165809374051985e-05,5.1962546813113196e-05
9.907820573272116e-05,0.00017005414335148812
2.726516241710997e-05,-0.00047103392871053387
-5.939992475485393e-06,-0.0006668925248244605
-0.0001263259240631411,-0.0010649030327930654
3.087292927242874e-05,-0.0006120958988979645
4.330075306871551e-05,0.00011480891876321434
-8.088465877288065e-05,-0.0009407365571719015
9.677767048222135e-05,-0.0006726376042838872
-3.7921380557386024e-05,-0.000158649417823764
0.00011003888740274107,0.00041626303071373044
0.00010053635583199636,3.3967467840132596e-05
0.0001390777467936078,-0.0005427629192060082
-0.00011281836499388865,-0.0010416949957309162
6.47729690694181e-05,8.256592731343465e-05
-8.377611026593376e-05,-0.0009040849273374103
7.868888301960103e-05,-0.00019877306087491973
2.3800755939668917e-06,-0.0010711019769511672
9.342271863444701e-05,0.00025704634866077406
7.319779818209572e-05,-0.00027140101244393103
5.699275358224005e-05,-0.00030619087537115736
0.00012525930776979583,-9.840085013320479e-05
0.00012940859074404907,8.650158156711523e-05
2.7007127188460428e-05,-0.0007380078798504229
6.0736714811629466e-05,-0.0003145503177439421
6.6789242142162e-05,-0.0019012173065424164
0.00010219804763692653,-0.0001632981958141169
4.84739340567942e-05,-0.00016862402978132015
-7.127772269000627e-05,-0.000812611221261413
-4.566409047848801e-05,-0.0007854624673233666
9.275359499159738e-05,0.00031707624197486594
0.00015937175479318068,-0.00033277722726075685
5.859605895247088e-05,-0.00032748261592250086
-6.040650274839958e-05,0.0001401562778972021
1.0473569979248525e-06,-0.0006232874885528843
9.194538462227632e-05,-0.00028199102184989157
0.00013070510013640297,9.157699530235623e-05
3.497863723237748e-05,-0.0005807560347571407
-0.0001177448756004055,-0.0010476916459543214
7.518838984270576e-05,-0.000766826321825685
5.4541499906637914e-05,-2.6387877175177224e-05
4.55837727937989e-05,-0.0006786963231523107
1.4822756525573647e-05,-0.0006257671516915716
-4.847123161688929e-05,-0.0004052133155985399
0.00011163583736645798,-9.281430678279894e-05
0.00012670205377789275,-0.0008224186100012251
0.00015863507329282896,0.0010257586650115156
-6.960561942941535e-06,-0.0005587825986225343
4.932430552697823e-05,-0.0003192408165983132
8.666191060139884e-05,-0.0006774116676911603
7.076201680693492e-06,-0.0002272588726197765
2.3715968805459114e-05,-0.000577354062279861
-0.0002236161607956164,-0.0007058998675701401
0.00012228211630470817,-0.00024088480488016216
4.5734133399819856e-05,-0.0008610783546452131
9.174790550547805e-05,-0.00023602187027906604
-9.950302182137899e-06,-0.000581255757974567
1.8772456837807427e-06,-0.00040952583198358814
1.722020924080017e-05,-0.0007522619292217316
-4.183988357581987e-05,-0.0007011663543795507
3.272864925420846e-05,-0.0006205022904319522
3.870745181600943e-06,-0.0007281470625620465
0.00011089618083272464,-0.0005926103011865554
-7.767424842640465e-05,-0.0005006988279318884
-2.205238372970952e-05,-0.0005406445618337428
1.7274600068778912e-06,-0.0005097814882039227
2.9229102336901703e-05,-8.6398091995627e-05
4.526151988119213e-05,-0.0007540709893242606
9.525246351288128e-05,-0.0010252505581046466
9.163338534648783e-05,-0.0005064576563925513
9.221847394809795e-05,-0.0011923344876237784
-3.8566743116640566e-05,-0.0008899718791619664
0.00013589796944473006,-9.633593819511187e-05
2.539469452533375e-05,-0.00028808721011325147
9.020127757861592e-05,-0.0005394604490518853
7.996856649389325e-05,-0.00048000710024900285
8.477211591374678e-05,-0.0005149699156261562
0.00010524719936204815,-8.132880524185652e-06
0.00012828543400583248,-0.0003407886238114408
-0.00014520675946288447,-0.0017398828425279644
-2.3217151727346797e-06,-0.001189521638287842
0.00012054648890720904,-0.00034907690914893607
4.7408634647905386e-05,-0.0006584706101266086
-5.273864776694987e-05,-0.0004436774010184582
2.9440264420145152e-05,-0.00021732995847464253
5.2741870900310176e-05,-0.00011127105150865875
0.00011736739267426057,-0.0004190332218078505
4.687922331441275e-07,-8.559246267671534e-05
0.00011981840683146321,0.00027604491859578746
7.12968091363779e-05,-0.0011904398730473635
5.933370796413218e-05,-0.0001655032975531863
-6.378926372883878e-05,-0.0008751016795144657
0.00017996616886603906,0.0006705045461951387
8.715667342957343e-05,-0.0003808847962698499
2.7862630661896267e-05,0.0001521682145124869
0.00015533517095157892,0.0002166543881015999
9.58917960494331e-05,0.0006448233407908444
7.381903864878198e-05,-0.00028679570225477886
1.848621750527506e-05,-0.0004926950346979482
6.691382119314415e-05,-1.6857042213220473e-05
1.7405504218828867e-05,0.00010186006646121213
0.00011494594664564924,-0.000595543904401847
0.00010461371212146966,-0.0009466666901415281
-2.9506755280666837e-05,-0.000510264165154502
3.5520407731041135e-05,-0.00021654878021028475
-8.818533327882084e-06,-0.00014330308639104396
-5.444975577169236e-05,-0.0004398903757029553
1.1702605015182855e-05,-0.000773384422952203
0.0001390924409376929,0.0006198712468298466
7.17336635904656e-05,-0.0005066744443308673
0.00013538286734521044,-0.0002812233221622779
7.05775934554939e-05,0.0004561609215533574
3.0766372699684154e-05,-0.00013506145119500645
8.393975154848307e-05,-0.00024228478197690277
8.130840751731644e-05,-0.0005889912785028361
1.3606433166511196e-05,0.0001876846380378439
-2.5979794993186844e-05,-0.0009883339560388252
6.606015146139391e-05,9.220931817458921e-05
2.936429460859605e-05,-0.00046536894383920294
-5.268677926480907e-06,-0.0004160767485876111
7.656713763915115e-05,-0.00016395670493278054
-2.191022204619774e-05,-0.0008173385909791388
0.00017541698470744345,-0.00017410846897231543
3.113719056660995e-05,-0.0008580304157833102
-1.6027576165428167e-05,-0.00038999285898141847
6.367243983641127e-05,-0.00034291512878878964
5.7216506393903565e-05,-0.00043132753087689855
5.174278217780428e-05,-0.00013004827670786014
1.9968343777950804e-05,-0.0016264286006738454
9.779466540045057e-05,2.6128208251174732e-05
7.909886612431216e-05,-1.2445592279782843e-05
0.0001420737887074643,5.084057149137871e-05
-6.159423147247993e-05,-0.001717903537784867
-5.9957643866059775e-05,-0.0013263508138624796
3.005621357228205e-05,-0.0012134881369952517
0.00012189790492474533,0.00029121058918699853
0.0001294952352198142,0.00013426512143570313
0.00017265153090249044,-0.0002166721956271128
-5.405270313490614e-05,-0.0009148595058258281
0.00011948420767927904,-0.00048605315443866955
-4.313228242380879e-05,-0.00033535047256681065
9.792094437892373e-05,-7.731091532693117e-05
6.141235504377888e-06,-0.00038585505611355797
-2.211483994285561e-05,-0.0004279493947076612
-1.1151492985155318e-05,-0.0002647084864745479
-7.748332896727293e-05,-0.0007438129525459056
2.6088952309932692e-05,-3.165109843958331e-05
4.267569647230502e-05,1.443570556437733e-05
-0.00012119465493644013,-0.0005591636191614214
-2.766407392675835e-05,-0.0008474935274384673
5.465317324951168e-05,-0.00036509371924355483
2.5902059636850346e-05,-0.0004220795391669658
1.6417828397948927e-05,-7.643103557461808e-05
9.724340457222002e-06,-0.0001129022778099481
7.093047407478327e-05,9.004676299512705e-05
3.2772473161675264e-05,-0.00011206686092697619
8.171268225812357e-05,-0.000544583325337393
0.00010822437762850052,0.0003153849994795506
0.00017391788277914042,-6.28831415255944e-06
-1.7690848660744545e-05,-9.357027404381939e-05
3.847328855402076e-09,-0.00016014769528224063
8.748830195576355e-05,-0.0005209670808087402
0.00011131721423648522,0.00029819902003882
9.537846789792613e-05,0.0003788546339837096
1.8891538297645546e-06,-0.000404302378153164
4.383999227833239e-05,3.2830638409324614e-06
5.2599659050563705e-05,-0.0009992502564477896
4.1040604628463114e-05,0.0004073884941740778
9.83014376608682e-05,5.42345289819687e-05
6.0713583608163884e-05,-3.6229728064107736e-05
0.00012802862030715178,0.00033866950353545307
7.825810884780368e-05,-0.0005602180609119204
1.4291708414445218e-05,-0.0001891156145506606
7.541616200968721e-05,-0.00013103255573262092
-6.542542788540466e-08,-0.0005508655749172838
-2.715467924189899e-05,-0.0007808754953017952
8.668402966251573e-06,-0.0006513177766160501
8.176002018349418e-05,-0.00070106791873118
0.00011059294525909001,-0.0009716532254246601
-9.212351507130565e-07,-0.0007971869216323503
9.299849037858139e-05,-0.0011110030102297666
5.659626864738861e-05,-0.00036438917635752647
8.67390014275905e-05,-0.00025202636103736106
0.000160037809945174,-0.0002417762349116805
1.375075308417882e-05,-0.0005924635517799402
0.00014805849073052437,-6.118217963381513e-05
9.205856448396554e-06,-0.0006117411504470568
-4.350020583792898e-05,-0.0001859100940601891
-6.73523872390818e-05,-0.00013587593162364838
4.537160359834261e-05,-0.0003186910000475112
3.6659482089942025e-05,-0.0005949018652907439
3.0055169820400007e-05,0.00029434387313866437
4.133854685429994e-05,-0.0002263977700131972
-1.6546350625012518e-05,-0.0003514020159538058
0.00015195219883036066,-0.0003693919555544875
7.471657049560346e-05,-0.0001455832878656367
8.032294476550191e-05,0.0006427595204243854
7.87707152259635e-05,-0.000547614811081842
6.691948380764023e-05,-0.0005088327971474295
4.836946536335997e-06,0.00022328895965899892
5.5533910641823096e-05,-0.0003382752598681797
4.48455825133872e-05,0.0001230240288168073
0.00010733879889142798,-0.00036082491112068003
4.597048292792272e-05,-0.001081636166312079
7.644861866363253e-05,-0.00014980344788162464
7.090632291297322e-05,-0.000333337442705642
3.121464744908846e-05,-0.00040409434571976073
-8.645503990272304e-05,-0.0006887686870243294
8.274770049352962e-05,0.0004981429905247417
5.630470670644046e-05,1.2221455962417525e-05
0.00016232482016828828,0.0002493141157051816
7.679055518869215e-05,-0.00016603182365242244
0.00011950498944556881,-5.444816815733183e-05
1.5883839603243846e-05,-0.0004342277413281639
3.1539306102494667e-06,-0.0003199950100405604
3.2310302297127374e-05,-9.106663940967028e-05
4.121824666750506e-06,-7.02353017516358e-05
-1.0466575407487138e-05,-0.0003260052485543625
0.00013012039453605477,-0.00141710793679689
-7.710301459489135e-05,-0.0005900423147380779
0.00011433354841826275,-0.00010365519019144061
0.00014750369712305451,-0.0001390660113592872
1.1600969980693325e-05,-0.0006779850235784828
2.521248125051225e-07,-0.0007116420826137368
8.495248900164686e-05,-0.00022972587152385757
-7.142544581377681e-06,-0.0005295298358076781
5.859657526942321e-05,-0.00014390065229486762
9.694930447478659e-05,0.0003308359704838478
-5.0387684633948347e-05,-0.0004670962429242378
0.00018681799461673794,-0.0005906380208686498
3.844871238353902e-05,-0.0008441275803931397
9.683964491889789e-05,-0.0006741907552312388
0.00012812005753889,-0.0004156590368835152
2.0674017052553826e-05,-0.0007632019101490727
0.00012699994723467254,0.00042139831414210986
3.611921880410581e-05,-0.0006945513179627966
0.00018325143098581247,0.0005301186699639474
-2.9939826078642488e-05,-0.0012012005353371038
6.941037806155429e-05,-0.00017496827725823957
5.325091062252566e-05,-0.00019367718354129567
4.7842944595281314e-05,0.00010154557764949194
-1.5937075606490896e-05,-0.0005534794822598635
5.339241960999216e-05,-0.0003179892908779341
-8.42555503665038e-05,-0.00017222435488767468
7.403213487994781e-05,-0.00021607867014610004
1.4991170861907203e-05,-0.000973880118433213
0.0001130307322816353,1.7339152160935874e-05
-8.861570409203704e-05,-0.0012377108012419154
-6.337989148838747e-05,-0.0008896645921351229
-3.988063020782614e-05,-0.0011473813425174908
5.394270264882613e-06,-0.000508271312899492
2.475350020743748e-05,-0.0005565532063042682
7.264949638293212e-05,-0.00038192464279461854
4.830597285083798e-05,-0.00033441516318056993
7.877841697625205e-05,-0.0007807091419421267
6.0861810757724275e-05,-0.0006020248014448101
8.01397513785121e-05,0.00030009928167000835
-3.6429460688855946e-05,-0.00035523966723604173
-6.0141068786837086e-05,-0.0005135743122323052
-6.309152513622461e-05,-0.001481867312957534
7.555384968984931e-05,-2.6424700446689057e-05
-3.618458053325621e-05,-0.0009061168944241699
0.00011343465805333601,2.1657373266296574e-05
1.8873209380152898e-06,-0.0003306025318082327
0.00019430841122253947,-0.00015292367724343216
9.76944004330867e-06,-0.0005021528312152142
2.600879187702012e-05,-0.0007608324308610121
1.3992766009947067e-05,-0.0005023293605538882
0.00024971600722062653,-0.0003656494947278809
0.00010358836977239136,-0.0009679379237434802
2.9117189060104255e-05,-8.783467071146842e-06
3.06962028234321e-05,-4.210223620338874e-05
9.345785941066915e-05,0.00026350150830835035
0.00010971246093544618,-0.00016476369707071791
0.00021797064963767363,-0.0005701798643258416
0.00018085991477121308,-0.0004993591950709102
-2.9186427280721833e-05,-0.00023388724877407654
7.085622447903527e-05,-0.00034381580614320197
-3.612826121103036e-05,-0.0008936028320889102
-0.0001168363928338472,-0.0005559621330703066
6.139541046802099e-05,-4.812065547608906e-06
-5.986729567110087e-05,-0.0013149479347284267
0.0001130009293528181,0.00044659492994378314
7.684816733428894e-05,-0.0006370273253557606
5.347178747617691e-05,-8.756670420946428e-05
0.00010523575352038088,-0.0005044139493239892
-4.3691183610105526e-05,-0.0002985691349192153
-0.00011792429753400816,-0.00041726139502301017
7.084623488960739e-08,-7.695389857014168e-05
0.00013180078797784883,-0.00010072333706198221
7.552581628392665e-05,-0.00038249489642778686
0.00015649889071915436,-0.0006161006162871217
6.639439065811034e-05,2.960562151658143e-05
1.3284091429668134e-05,5.366574852962001e-05
-1.0256424837552715e-05,-3.701584824434339e-05
9.68116551516703e-05,0.00037071914891830947
8.510473093428892e-05,-0.00022847291342788052
3.256532725335825e-05,-0.0007483326241211545
5.604659326691625e-05,-0.00047950877492632354
1.198421407654093e-05,-0.0002987485399362038
-8.518431829171598e-07,-0.0009414195982784369
1.735754816831612e-05,-0.0002837392195064112
-2.4579829236709433e-05,-0.0004374218862658825
5.790286730862001e-05,2.8560743833398736e-05
0.00010785381973230277,2.1374123397088435e-05
2.299643955550085e-05,0.0004022103210737779
6.543580176135482e-05,-0.000980285327896715
8.74844033844145e-05,0.0002035885129321602
6.054067039974455e-05,3.4141800012975066e-05
4.2057453111151024e-05,-0.0002066275504669899
2.314696666203038e-05,-8.125592208749836e-05
0.00010768544104058868,-0.00021628502547424712
2.9181655916360482e-05,0.0003060564144551365
6.392956262406366e-05,-6.926856830260012e-05
7.147312359313014e-05,-0.00014315121792352083
6.724642544534036e-05,-0.0005583748301216414
0.00014285058203842047,-0.0004734956442981097
7.030232684774245e-05,-0.00043142045072363497
3.563865917950151e-05,-0.00042076933290784537
0.0001851455199998634,-0.0006526681636289831
-1.7763346970798812e-05,-0.0005665562500312771
-1.4891994723772756e-05,-0.0006485411540864347
1.0814605402097968e-05,-0.00021536667590844497
6.33193311342007e-05,-0.00039616870914281903
6.0247582830112834e-05,-0.0004109856859056557
8.973234813772712e-05,0.0001035917767837819
0.000211399129017868,6.578537741764901e-05
5.130110794460425e-05,-0.0003436682793653849
0.00010908043957765149,-0.0008495566062389438
4.306341236732809e-05,-0.0005938532892126414
-9.088206459591697e-06,-6.074052367666168e-05
6.700069437116577e-05,0.0003278721451182127
5.4142001664756546e-05,-0.0004425398880669528
8.971681807121162e-05,-0.0003030064952549127
6.435930180597913e-06,-0.0001871248076334936
3.707629028996506e-05,-0.001412754238659821
-5.431848286504732e-05,-0.000748664626330342
6.21643225398443e-05,-0.0012580879403353922
7.578416317666721e-05,0.0003225862568484414
3.596816104324026e-05,-0.00026729832344406164
9.410786399839746e-05,0.00014408640358280192
9.581937949346695e-05,-0.0006835105295344393
5.082280540450204e-05,2.6406975696890555e-05
-5.2288159536911674e-06,-0.0007658042004144222
3.381127243844194e-05,-0.0006654610333629754
-5.014670368368003e-05,-0.0006456374865938786
-6.916388532315264e-05,5.118395884513307e-05
5.3453472876360334e-05,0.00018399610137998337
0.0001584826122556732,-0.0003144636257805117
2.2524310276729958e-05,-0.0003286868541812495
-1.869237109741216e-05,-0.000780891562617937
6.0795779010536975e-05,-0.00020170810774172425
2.9108191540881537e-05,-0.0004732042289542905
7.774857875748501e-05,-0.00030254511324933557
3.0889813576436887e-06,-0.00040804492636538185
-5.199482232760665e-05,8.371580940188462e-05
0.0001270467657049774,0.00018526113679978075
0.00011756266611368018,-5.546888676359938e-05
2.525678882887535e-05,-0.00023218274256576034
4.685238880217693e-05,-0.00012423717030608146
2.4036947407904093e-05,-0.00040423559300182437
2.3086871285310422e-05,-0.00028425241537126763
2.281351168026535e-05,-0.0006879872768999855
9.765422607305686e-05,0.00012687502187798972
-1.7217151270865281e-06,0.00011393624995435761
0.0002755354797834589,-0.00020969709658115966
2.0908183133926383e-05,-6.560692939314644e-05
9.768960248485048e-06,-0.00038628902089829595
2.9163932948367884e-05,7.71538340959362e-05
0.00012463777118360992,-0.0003353102089442176
-2.0532526721365877e-05,-0.0006156726724114305
6.937603089292939e-05,-3.0045841816219774e-05
-2.4878180075243035e-05,-0.0004935195490311119
4.669095330851632e-05,-0.0005712416488831049
0.00013708109347830566,-9.489188803438897e-05
6.988797961957711e-05,0.00040298955036339025
-4.494045880516767e-05,-0.000822737092430611
0.00013129012540197537,-0.0005778443991070333
-2.7435704278909874e-05,8.550487830701311e-05
0.00018025354348826195,4.99661449182674e-05
5.944811277949945e-05,-0.0002257451792744784
-2.7233837677920832e-05,-0.0005718713445655783
4.7323902092503365e-05,-0.0006083695463994926
3.418600877335386e-05,0.0002429475232290782
5.930961174251832e-05,1.3527084679483417e-05
9.019030651680689e-05,-9.600204088665118e-05
9.138114942893933e-05,-0.0009749047031560097
2.182816795831991e-05,-0.0007986532815569905
6.867779518788684e-06,-0.0008792454138719103
-1.4752796447838287e-05,-0.00028715083637209096
0.00014340995488302762,0.0003985544017405592
2.8393850205279562e-05,-0.0003724110958417337
0.00017516444324054643,-0.00010883479127992983
3.971992499645915e-05,-0.00015692886592400088
6.606888222324519e-05,-0.0005371077359203782
1.8711646097401333e-05,-0.0006569140817070481
7.555503707400442e-05,-0.00024639687257369
0.00011323007497408198,-0.001188491156138504
1.4234916626794554e-05,-0.0005872550323340269
5.757524637450072e-05,6.191442442536485e-05
8.902486125840579e-05,-0.0005003060679537769
2.9447095465901912e-05,-6.927660054685558e-05
6.158892809204224e-05,-0.0007918614681624469
0.0001994830059380821,0.00019753195368972957
-1.5731031527744827e-06,-0.0006869813609482585
9.444807078678422e-05,-0.00019961117440265192
1.9360972804986147e-05,-0.0009144749487924621
-6.463111736206947e-05,7.751036753918525e-05
9.872550960630456e-05,0.00028642480712674724
0.00010390228584123299,-0.00041107097260685186
-9.783654689885467e-05,-0.0007656672365998753
-2.980771955506708e-05,-0.00026999207326796064
0.00012722538939615466,-0.0004520925439151852
0.00011276530191773538,-0.00020058138497478694
5.6241197883794073e-05,0.00021854577246201758
-3.16673657451462e-05,-0.0005516902289506866
-6.22103612711252e-05,-0.00029766722538211867
0.0001295850178886806,0.000403270611831203
3.328707909639997e-05,-0.00027450949498968605
7.52791161666908e-05,-0.0010877883849766726
7.154384155602455e-05,-0.0010178280377325236
4.889934859097063e-06,-0.00022103944470218441
-1.9021665865869312e-05,-0.0009145925705161743
2.763107049175953e-05,-0.000824336045735859
0.00014401857734721752,0.0003538446111115848
6.68882659830979e-05,-0.0010040690793205094
-4.6060592390360564e-05,-0.0005068204814972602
0.00016013601522894645,0.0006901625767536916
0.00015440245412289298,-0.0007971079975620166
9.662044131737883e-05,-0.0005263740669538546
0.00010670884585590066,-0.00019521930930291878
0.00010150729030875878,-0.000590116357428072
3.442933884552552e-05,-0.0010161035925953395
6.841445819162045e-05,-0.0005814591128891015
8.699804479368991e-05,-7.2556409222579855e-06
-9.644026095556628e-05,-0.0004198456299216347
3.1711351197634256e-05,-0.00034278674873249206
0.00010204911235078435,0.00029001651678164404
-1.7701593634533686e-05,-0.0007869066881930006
0.00010467290660508329,-0.0006453873580921033
5.9822552969182174e-05,0.00012644923014243207
7.925818250055143e-05,0.0006679908223957987
6.0295965542654406e-05,-0.000458581862491717
0.00010158918949569907,0.0002920994086426797
0.00016708845097045322,0.0002722769473407328
9.593811864592378e-05,-5.55627849454394e-05
0.00017324581665999826,0.0005062224322420912
4.3112122242782753e-05,-0.0005323337569208612
1.559579303179998e-05,-0.0005178751783495257
-6.796350142480257e-05,-0.0014295496374137518
3.245518604902699e-05,0.0001474617735096197
0.00018461711749346796,0.0004525916702221351
-2.9369689855271008e-05,-0.0005995436277851987
-8.370710004903804e-06,-0.0007026450394380278
9.58624465563931e-05,-0.00030756717867850116
5.947036896941611e-05,0.00012161714440151727
-1.1151183008531115e-05,-0.0010366933375658097
-0.00010543528790667682,-0.000637806763958308
1.8100503525884893e-05,-0.0002651633131513223
-9.907935565347926e-05,-0.0005561227578886676
-0.00010657214196597436,-0.0008690535549862185
-3.102036926028344e-05,-0.000517779633443398
1.953725910308927e-06,-0.0003631629598503622
1.0125733256078782e-05,-0.0003132495956911165
2.295121000684601e-07,-0.0006106425466491413
3.955770242194858e-05,-0.0003640874619087822
9.685490108537548e-06,-0.0006164850558268187
0.00014349454823998697,-0.0001230175694089742
-0.00013336529229192608,-0.0006124305204729064
4.740864614983053e-05,-0.00024124558175161244
-7.443691418216919e-05,-0.0005875854651826323
0.00022648518268404008,0.00021349385155486816
-9.451097541657641e-06,-8.667602907014597e-05
-4.730942505545984e-05,-0.0012860982462020946
5.3929006248625374e-05,-0.00017396300765484758
0.00015380883208476393,-0.0004953891165511476
1.1496965231380256e-05,-0.0005743947710230358
9.918977637194624e-05,-0.000763920594432021
2.5143077168467417e-05,-0.0002453068729437218
-6.961234084070154e-05,-0.00010204386006395862
4.5197800307405085e-05,-0.00016369405419624605
-2.999252233729018e-05,-0.00042637796551983945
0.00012802182841734926,-0.000876402234190987
5.699754679652086e-05,-0.00034993909611442855
-5.933344512601567e-05,-0.0006731979861065655
1.2484631259365673e-05,-0.00013689371319619434
-1.462856534280711e-07,-0.0002584427979128222
-1.4248895919307427e-05,-0.001019087447416051
2.4145736608130008e-05,-0.00014042490956954327
9.759288416891083e-05,-0.0005447224697254785
6.19685344559241e-05,-0.0011198931132988023
7.526838129949081e-05,-0.00029812088127460345
-3.765523952692205e-05,-0.00029574182965277137
5.564185454618519e-05,-0.00034383570724988693
3.189564756098372e-05,1.4214523288914462e-05
4.842187711232647e-05,-2.7123562811118583e-05
6.0980734911691916e-05,-0.00011405568575335311
0.00010830836097750664,0.0001934405300404619
9.806581994687422e-06,-0.0007721191689358863
-1.3599303448107397e-05,-0.00019258847186894213
0.00013708571769115887,-0.00018067124012891524
4.320725528489882e-05,-2.6747538319686008e-05
0.00013920424561809724,-2.9169090404830457e-05
-2.6167299146832396e-05,-0.0005094963026797044
7.048429319720818e-05,-0.00011128000902470089
3.2943687675717544e-05,9.423479753230233e-06
0.00013947573943741474,0.0003768382511004738
-3.499687716836388e-05,-0.0006687082515484181
6.649594070938226e-05,-0.00013087087254481935
-3.144371583762456e-05,-0.0007246191812360086
6.1094771345119e-05,0.0003021577794895438
7.609695431221584e-05,-2.5866505257213387e-05
-1.1243096483605258e-05,-9.463766323762339e-05
-4.805419629516175e-05,-0.0006108298709268148
7.614686786215871e-05,-0.00106309614634907
0.00011357679180929153,0.000504359215021688
2.8046558304237418e-05,-0.0005115104145217645
5.215945133281414e-05,-0.00019423124788796496
5.6382384488575936e-05,-3.9736521041706444e-05
2.286226421681806e-05,-0.0003777976002315693
2.182198999885047e-05,-0.0003134838767537998
5.254083328414699e-05,-0.0005892229759251156
2.785457099005131e-05,-7.922283729473739e-05
0.00015453835013441668,-0.0004158095204485268
-4.693794277570851e-05,-0.0007241682979416164
5.041015974563195e-05,-2.8521333635333682e-05
-5.35883043694059e-05,-0.0009031510519542432
4.3796340254654895e-05,-0.0001667221478869455
6.658244884927683e-05,-0.0004147636652132177
5.3815944155695736e-05,-0.0003430326435894706
-3.703711442506409e-05,-0.0005035258294177776
-7.73186850622426e-05,-0.0002876710166525782
0.00011207459788859224,4.8772607462948365e-06
1.701994960100427e-05,9.606542760034144e-06
1.855150917561612e-05,-0.00045736690301709584
0.00010241565592803155,0.00029772105303239003
1.9668533243362256e-05,-0.000740152031423398
-5.213627020049673e-05,-0.0005015863300083623
-3.897961756433655e-06,-0.0003945806687549089
7.570090703213217e-05,0.00017066535337016778
5.452964641310293e-05,0.00011556558134748531
-7.741836094166007e-06,-0.0005130725739871383
3.5955509293230436e-05,-0.00033895198210039796
-4.79499010741595e-05,-0.0012906309861268957
0.00013124605054124893,2.1207053349039327e-05
8.567176815638702e-05,-7.601158054106071e-05
8.878945831212245e-05,0.00010888356872362212
5.266528470773856e-05,5.5561633810936005e-05
4.0679225607514476e-05,-0.0007605708204354284
3.6601747981865204e-05,-0.0005521673681314485
-4.3523687613801845e-05,-0.0002802236949330961
8.620251267361202e-06,-0.00018058042897004314
0.00010461767321380844,9.828618613151595e-05
1.199872593560399e-05,-0.0010579030096495255
5.245508233747253e-05,-0.00043474965652549045
7.987263166064833e-05,-0.0006384063299278145
5.1937025182207516e-05,-8.558858364880896e-05
2.0993476094744568e-05,-0.0004865376477832979
0.00011865915987093633,-0.0003041978936061596
7.584260868101612e-05,0.0002225414904332716
4.971316607153088e-05,-0.00019177967231793838
0.00018191391763734208,-0.00021598777666885478
0.00017033335937568958,-0.00029500824173793255
0.00012212676451204378,-0.00042145782271431245
9.206947862009714e-05,3.0131005431959122e-05
1.2479539734119947e-06,-0.0014763166094466822
0.0001529605971556653,-0.00041977303657263513
-0.00012784962456406266,-0.0006190001679845425
2.1418913115965697e-05,-0.00014863102827058382
0.00016984304201768358,0.0005102086320452026
0.00012354385701398223,0.00015876096123435335
6.135746285910838e-05,-0.0004956478615123503
1.285020433060204e-06,-0.000398955293984247
8.7727410770976e-06,-0.0003571902300601345
4.823200823770378e-05,-0.0002740289989425118
-1.0501710205039201e-05,-0.00030299370647648115
8.535863300966119e-05,-0.0006226334306818183
-7.914532225800891e-05,-0.00023043425306883906
-8.870125108470156e-05,-0.0010184538840622918
5.685822771103738e-05,-0.0006136555076273616
0.00015370791733981554,-0.00034517367923002633
5.153128403904977e-06,0.00015918476269446996
2.902883775734736e-05,-0.0001250732053725858
0.00011610984714079798,0.0002410362256153186
-4.632946823781252e-05,-0.0010195173849109785
0.00010552257518526331,0.00021509731498280994
0.00011832558425662548,-0.0007858884894534435
9.665936887180045e-05,-0.0004301621760732054
-2.2858860128504828e-05,-0.0013321708014806496
1.2875704681680088e-05,-0.0007787778528315127
-5.5529253249218217e-05,-0.001241628256786484
8.046392033913638e-05,-0.00016322588208150435
1.3464484557800628e-05,-0.0012271704677144848
8.821657597748509e-05,-0.0005142348657008435
-1.4013766585666394e-05,-0.00023205604403893457
6.637889362105817e-05,-0.0004119252931168852
7.485936368283638e-06,-0.0006800955657915043
4.8420813651858834e-05,-0.0004224992831663747
0.00013000455838544405,0.00010326416328072021
0.00015745682641613511,0.0005196722128329059
0.00013983533773160507,0.000334294649998046
4.8963403498215944e-05,-0.0004507482247430089
5.3434874431932127e-05,-4.619425742530793e-05
-3.59830737761716e-05,-0.0004475324373502613
0.00014090211807501026,-0.0004676223344275075
-5.9969212813822196e-05,-0.0004806066574278211
6.371024306838573e-05,-0.00023504073237675763
0.00011760209255603837,-0.00041682086959821194
5.196444318310636e-05,-0.00029859648145778503
5.12238966730465e-05,-0.00015670446964991512
2.1689407644828485e-05,-0.0006558335303479342
5.03767870441799e-05,-0.0003430304766611916
0.00012778766123685103,-3.1343326074606906e-05
8.229673154091957e-05,-0.0003186868422233494
5.4126498280528536e-05,5.7728691855770116e-05
4.2481553457642755e-05,-0.00011119090623061035
8.697690097167222e-05,-0.0003759940055723261
-1.325377388877971e-05,-0.0007370661096967716
1.7441790250073046e-05,-0.00037337738489854363
4.46384349265752e-05,-0.0006847287082032575
5.767340026033502e-05,-0.0003954065492160247
3.5361116341450717e-06,-0.0005319890894757704
8.099232047434912e-05,4.286731965652508e-05
4.8532514798445547e-05,-0.000632317367046026
5.305048304367135e-05,-0.0005641080452907835
6.881389591584307e-05,-0.0006237271974386458
9.278612566792634e-05,-0.0001253817527076425
0.00014330947981153888,-0.001197294523434339
9.622935538756974e-06,0.00010925255327585401
-3.6416237745385795e-05,-7.66538350642548e-05
6.2406286398701614e-06,-0.0003625648029173528
6.502927696896173e-05,0.0003514451566043143
1.148437311411144e-05,-0.0003425305838365729
5.006834421545514e-05,-0.0004083640358108592
0.00017568114105359075,0.0002661628072775121
7.090332510150126e-06,-0.0007554543171238783
4.445404979099837e-05,-8.957737099180494e-05
8.26103278203897e-05,-0.00014081458167512108
8.250036597690175e-05,-7.083902593390596e-05
8.368566321621869e-05,-0.00037920606961547684
3.7745965429484795e-05,-0.00016379612545254084
0.00015356567558199818,0.0001398055089248655
4.843061635735968e-05,0.00034858036182991783
0.00015376043825221034,2.532510286376352e-05
-4.012390793380378e-05,-0.0008756753591284718
5.506205459659127e-05,0.00010800400891653742
0.00013737024640167464,1.8195318516660568e-05
3.9989725627504196e-05,-4.417757277889534e-06
7.419090791728575e-05,0.0003848404659074743
0.0001096001360960898,5.420032791941465e-05
2.2920091536552756e-05,-0.0012158525983869586
0.00015187619010561748,2.549534463459926e-05
0.0001103793831525933,-0.00016180089413756746
4.579709567551511e-05,0.00016990083891003246
6.467053392537696e-06,-5.5678952599895725e-05
0.00012892615324348931,0.00024513722493998437
6.389026863964803e-05,-0.0003200176919948817
0.0001352570986095867,0.00033878467276705893
1.7268723851867658e-05,-0.0006735361952704261
0.00013723254137656285,-0.0006095552969087787
-8.861859275259072e-05,-0.0006631742116100855
4.0136778349074913e-05,-3.6929508849457875e-05
3.343477529971636e-05,-0.00019113545311609441
6.585021818236717e-05,-6.325830291880566e-05
5.721987420368413e-05,-0.00011569731148318294
9.811433155497347e-05,-0.0006350463898572494
3.412754646638718e-05,-0.0011010046930168586
8.846587338806508e-05,-0.0011804803119153235
-2.2969064644091136e-05,0.00019864449120348668
2.936480639091472e-05,-0.0007555599172044162
0.00018250233594864767,0.0001474687086906634
4.825512797319167e-05,-0.0008064474066957297
1.2859253999353228e-05,6.271617085784237e-05
6.502573879637527e-05,-6.0054974109206456e-05
5.002048624554975e-05,-0.00047578216664593545
-7.321649548158661e-06,-0.0007831925225996649
7.50121236757239e-05,-0.00022346102749753858
0.0001402495117201927,-0.0003355893751172058
-7.90279766388051e-06,-0.00030879294014615527
6.638954249066313e-05,0.00011026407111070215
2.8613477357047206e-05,-0.0004222554792241758
5.596947776860282e-06,0.00017397143916177528
6.0429923563233134e-05,-0.0011487114084712288
2.9763175610043847e-05,-8.133196795275438e-05
3.68370732984601e-05,-0.00023816162034905782
7.966074862317412e-05,0.00011143433012763884
0.00017693862111129206,4.0133311293211806e-05
-0.000116733334168004,-0.00031210494621836116
1.4466404072628635e-06,-0.0006387510083828176
0.00023618000354133696,-7.641322036696792e-05
-1.4672717846168302e-05,-4.49951199827169e-05
3.475176978767018e-05,-0.0002939325314337346
-4.9439349855862595e-05,-0.0010096482913357983
6.54920610225681e-05,-2.0265631785569576e-05
-8.333093191499618e-05,-0.0004904767010830121
-3.526932123393476e-05,-0.0006368784008069033
6.489658030389486e-05,8.942321742886778e-06
-1.7686287200757716e-05,-0.0006803710394893061
2.949403166014735e-05,-0.00033060397184595897
9.233979555016623e-05,0.00038410740393234115
2.3877358914161116e-05,-8.656667152195908e-06
-6.446269530515844e-05,-0.0008501825776219873
3.9297348053924725e-05,-0.0006137475971223442
-2.0072264127847706e-05,-0.00042943132193891636
0.00011978561835089584,5.6624715986513315e-05
0.0001122594612660717,-0.000517064519368306
0.00013079263714203647,0.0003894391166524184
-2.563232122099643e-05,-0.0009707229782524923
0.00012599526310144778,-0.0009894067725778857
1.2430448914173387e-05,-9.708558770896633e-05
0.00011857793537637369,-0.0003403917001083254
-3.461592405573118e-05,-0.0003711560494096464
6.013021621392619e-05,-8.843897027099894e-05
0.0001461566121591154,-0.0005293594555498763
3.681289013379583e-05,-0.0008142256256165032
2.4667579691781976e-05,-0.0005925613568731137
0.00015758843865965673,-0.00010621295594614321
6.490767624386126e-05,-0.00046563072379142314
-3.600582701266232e-05,-3.965232172341502e-05
4.1986711471875325e-05,-0.00016883051619066548
-3.0241615502599447e-05,-0.00015498599956620287
0.0001024963113380059,-0.00011015458655722884
-3.0250128859275196e-05,-0.0006179018802342923
-1.2995092484950274e-05,-0.0007130317173274166
2.2717287939759038e-05,-0.0005375594966426289
6.497152648257104e-05,-0.00027734120015887663
-7.908359315143699e-06,0.00014965010205885668
5.946226964127874e-05,9.47045593573986e-05
2.3744248397313157e-05,-0.0003108004692596745
5.905181054341403e-05,0.00046104049560374263
7.66685154075087e-05,-0.0006958821143996134
-2.0939026249333528e-05,-0.0003632450501470899
8.126793461366038e-06,2.33359249636052e-06
-8.93605147112025e-06,-0.0001929436004637667
0.00013410230361705038,-0.00016014930726032022
0.00014421542042577625,-0.00039786904960740284
-2.1302227512932763e-05,-0.0005683931411513307
0.00012531773099962255,-0.00024571152082316825
0.00011615877128711761,-0.00024730788094453086
0.00012180577431704522,-0.0006009427284108152
4.7603139932423245e-05,0.00011807333224166293
-8.220915927110008e-05,-0.0009748289059256515
4.113075419523061e-05,-0.0010716031826669195
0.00018998390151059798,0.0006339875459526572
-4.629411550235836e-05,-0.00010725117161915253
7.894358042108955e-05,-0.0006734828126156795
9.573287435388442e-05,-1.7427786167863754e-05
0.00015255486916195064,-0.00028106951663850547
7.995278296926132e-05,-0.0002373575168442122
6.141668302828458e-05,-0.00022165294710354313
6.442333953691146e-05,-0.00025143643617959023
0.00013986305441288818,-0.0008280148351340005
0.00010487057988269215,-0.00017521626207471768
3.795619123075759e-05,-0.00013862024091256146
6.855040417971537e-05,4.993809445476844e-05
1.1850083652166374e-05,-0.0006689167474750083
0.0001823610743471209,-1.3683221303292461e-05
5.711276207705259e-05,-0.00044250408157748454
9.211913144397684e-05,-0.00017159840465663073
-9.335537739988436e-05,-0.0008436676531308854
4.222469985561996e-05,-0.0006148174381827949
7.347037086738755e-05,-2.0163787268966262e-05
4.15409820365371e-05,-0.00020518125086778434
6.596095840858094e-05,-8.608069190691406e-05
-1.040306055534427e-05,-0.0004213915694188669
0.00011418531535320478,0.0001199176836973363
8.287953022392266e-05,4.654714255548993e-05
2.044575779437785e-05,-0.00035044081622544263
-6.005798936707004e-05,-0.0005568760786053405
0.00010740221674794326,-0.0003935281369843097
0.0001321765667081534,0.00010870088086699963
1.095127323124027e-05,-0.0007681684802685743
4.479573844622274e-06,-0.0005340701704092518
1.8631103848378903e-05,-0.0008178729469549569
0.00018836558517137798,7.100709956934721e-05
5.897179463463801e-05,0.00010745106623777206
6.52380696850886e-05,0.00021551729125306992
6.805555336712146e-05,-0.0006710296345367204
-4.6771366694987624e-05,-0.000413731240371769
1.5622360332114265e-05,-0.00029954607953929625
0.00013503539783547296,-0.00011186560228595687
8.26043791963181e-06,0.00013256811564741445
3.049172325255987e-05,-0.0008063627372757877
8.327442553456206e-07,-0.0006933785364168
-8.284316153612086e-05,-0.00040689756938988147
2.197952542692163e-06,-0.0006622119306092678
1.9182153726677242e-05,-0.0009661443939320101
0.00013806174681211072,-1.2940269753572745e-05
7.691095300345426e-05,-2.9514332956205157e-05
-7.860675553385046e-05,-0.0010192990689129459
6.529070754607215e-06,-5.5636906005693016e-05
0.00014306828199878385,0.00017153821923591666
0.00018410201148294289,1.7350698032465476e-05
8.054710095835118e-05,3.715715639797314e-05
1.4830762940431282e-05,-0.00030671903236181473
0.00010241850406938883,0.0001781009546991257
5.1943698058026924e-05,-0.0005915929118799347
-9.575302933796675e-07,-0.000304923267697121
6.127988739706232e-05,-0.0003608001331948461
-1.1199723520141788e-05,-0.0011030871365402357
-2.1343797454707983e-05,-0.0009926966674708173
7.604309198908111e-05,-5.0459184551279626e-05
4.799652592169017e-05,-6.692703908124924e-05
-0.00013611503781649513,-0.0007392403195808648
0.00010667795304350041,0.00039146496396461213
-3.301033628153372e-05,-0.0008373632314519217
3.5892082864365666e-05,-0.0002586319751895663
5.871259925051519e-05,-0.00021561395864722887
9.879821293273623e-05,0.00011433542781473884
4.450374048724286e-06,-0.0008694917737659901
0.00010103645713565074,0.00023097614613242797
6.168392735848589e-05,-0.0004639582469484323
0.00019257162195184723,0.00015048224502491758
-1.4086736439812764e-05,-0.0003535987285232845
5.763599565338247e-05,-0.00015064116154105467
-5.596911999690359e-05,-3.599909480266533e-06
1.552377309923836e-05,-0.00039332012269518036
0.00021692546488105455,-0.000304108467370188
-9.405582016902748e-05,-0.0009506651365137969
-4.385121129699178e-05,-0.00035476983865728793
3.642260086159625e-05,-0.00029028691413182596
9.769689245433963e-05,-6.10055111172864e-06
-3.347817824069871e-05,-0.0006576761113235613
0.00010323244085252739,-7.992899805399584e-06
6.306081536250379e-05,0.0003028579248961828
5.464065935857916e-05,-0.0006280014256937653
0.00010634712425960783,-0.00017629088648484067
6.52263639351349e-05,4.118372690081884e-06
0.0001568804130510373,-0.00011481664339684484
2.8731575293541747e-05,-0.0007665003508770092
0.0002457599216807812,0.0003438481109549478
0.00017323608027217607,0.0002373019355828883
0.00024703797026151455,0.0004380814009462816
0.00021596238132699802,0.00018123936395325732
4.4176995485664054e-05,0.00018041184203925135
2.9036160977285292e-05,-0.000437350680351381
4.5418067684286864e-05,-0.00039885004692545936
0.00014005168889032898,-0.00017194207181457858
9.35928470221765e-05,-0.0005103879517717098
2.608252733563169e-05,0.00019507713495946896
-3.701870454890223e-05,-0.00010839921904587942
7.343233196652598e-05,-0.0003811495591719648
1.6243386536367774e-05,-0.0004551573140815178
0.00014596092737894113,-0.00023334250276102928
0.00012694008937180358,-0.0001511570351763189
0.00014317258241434427,-0.0003752436679428198
7.777271387576064e-05,-0.0003031287234297013
0.0001823441299619947,0.0006212666216442787
2.2861432329698324e-05,-0.0003911947847368268
1.7634542877543823e-05,-0.00019260412219840567
6.346162453914214e-05,8.514012836602942e-05
6.124392209946506e-05,-7.582113162279185e-05
-2.9509282737739327e-05,-0.0006250992121830171
9.383523878409226e-05,0.0003606614003994676
4.684155526971348e-05,-0.00011965201973529018
0.00011434357560395572,-0.00010312380607781926
0.00014255708546239798,-0.0002957205052668958
-0.00013292851385195842,-0.0010967627595746413
-1.3283193785653351e-05,-0.0006898541005925498
2.898815374945528e-05,-1.3493715006347492e-05
4.741813341703992e-06,0.0005526689177326896
-7.537585649945169e-05,-0.0003215724792436657
3.4350641601526243e-07,0.00022910487743068458
9.437700932995107e-05,-0.0005687295972812046
9.254809144849808e-05,-0.0003382931940870876
-5.189055344638119e-05,-0.00042555400986452345
-3.304762501997471e-05,-0.0011541042415530143
-2.4146818749581163e-05,4.306928512328443e-05
0.00012025415050385273,0.00023813726138389708
0.0001274931072543139,0.0007726989716003288
-1.9770376795773343e-05,3.390993618360312e-08
-6.331434335000576e-05,-0.00062669939006434
0.00013041432717812636,-0.00018884014403698662
-5.299312230888799e-06,-1.7062456504973112e-05
5.771682244016361e-05,-0.0009599319597679347
9.829260832526431e-05,-8.537496436878512e-05
6.064119548292426e-05,-0.00048342910309498444
7.269919046191747e-05,-0.0002663748075075408
8.034203676394808e-05,0.00018079134807399966
0.0001256851165932878,-0.0001341700201673011
0.00012107527795601879,-0.0004113427902730924
0.00017742294386322125,0.00019132369579357385
4.092886903519396e-05,-0.000357156382515574
8.339828419441087e-05,0.00021282724837510007
8.363826216113337e-05,0.00011355063574261728
4.791495227032737e-05,-0.00042993949915295335
3.150260752517165e-05,-0.0004236117312297673
1.180035340862676e-05,-0.0001985323020929408
6.718781417804084e-05,-0.0005138846180029444
9.182383672868955e-05,0.00030628104003554025
-3.8823439006813436e-05,-0.0002052192678602576
-2.353901303190801e-05,-0.0005230327109951
0.0001002623028260505,-0.00035711211468406
6.2820815539454e-05,-0.00025490229549978257
6.305973214512496e-05,-0.00012052842414569937
5.0874971793848586e-05,-0.0005813368676345555
1.9253004664921742e-05,-0.000827872904273282
0.0001915424739834873,0.0002530861267513718
-1.276284708082753e-05,-0.001065838949159802
9.490810444311263e-05,0.0004814561234766167
-8.089341340238612e-05,-0.0011426975773393309
3.546689300581402e-05,-0.0002575546586364766
2.6116321901969292e-05,8.191487235902026e-05
5.298018261319976e-05,-0.0009968068717966033
-1.8203533132304283e-05,-0.00041118785734559836
0.0001094364916181339,-4.3095938217088946e-05
-5.922475251170505e-06,-0.0006455932048814196
5.29435502367355e-05,-0.000335983275030974
2.369909269193344e-05,-8.885632010784953e-05
5.761882599322155e-05,-0.0004653873751294872
0.00024137098220921395,0.0007131462593899882
-2.5108187113231245e-05,-0.0007924434373672556
3.640777158669153e-05,0.00013043495537476781
0.00011665666840842778,-0.0004356099933736559
7.955378575357497e-05,-0.0005500332486963282
0.00017487717592607865,-0.00020355716555349153
0.00011423028563279454,0.0003455416241819791
4.780332598374289e-06,1.2803646669157654e-06
-3.3463400353085144e-05,-0.00044845257598883324
0.00011089891736685187,-0.00011503501696036268
-3.6919655446263674e-05,-0.0007236289868897006
5.1291359430612234e-05,-0.0002680147695694142
0.00018582537651920305,0.00020140296772574873
8.794512693418777e-06,-0.0001249908641923154
0.00011079257181163471,-0.0004905675040119224
-1.4801930545125665e-05,-0.0003696999299795679
8.452361396359405e-05,9.51379611276835e-05
0.00014824338175372962,0.00029219596874785795
9.63783870839709e-05,-0.0002615512972497753
-4.046733111239196e-05,4.648233034703215e-06
-4.275939006215222e-05,9.997970903285192e-05
9.64460879586414e-05,-0.0003200330137169193
0.0001116458301839088,0.00029375572014125477
0.00011184432187728861,4.008717738612678e-05
-4.949800646506056e-05,-0.000414093717483359
1.185324993046525e-05,-0.0008505385888367695
4.4946446870408474e-05,9.765158086559535e-05
-8.05650835990668e-07,-0.0001771244553820023
4.8174661391291835e-05,-0.0005836300632630385
0.00010761120752440841,-5.2099329977938884e-05
0.0001322362774282137,0.0002465778220707139
-9.366360276959068e-05,-1.2987986713657859e-05
0.00013967343891312784,-0.000381078877249164
1.9390613914784476e-05,-0.0006827871551716029
6.365451833832994e-05,0.00020798097730051306
5.443166238597617e-06,-0.0007336192854141642
7.454158951077065e-05,0.0003678935619906159
-3.7915550825819275e-06,-0.0006838318502449173
0.00012156908117836304,-0.00030424849920226163
-9.637708091274528e-06,-0.00023042730424712511
-2.1687522967271767e-05,5.964362131290953e-05
5.6256760902140284e-05,-0.0005918689763269086
9.466562282365334e-05,-0.0005105864740592542
6.646126626051296e-05,-0.0005090533989795695
9.849950113321009e-05,-0.00013841480450109078
7.804316619443996e-05,-0.0006484839563795906
0.00013507784617706933,5.21674874739923e-05
7.368360576718612e-05,-0.000926884100682927
4.27917016348597e-05,-0.001170151017581551
0.0001725422350956946,-0.0005965270776088376
-3.335123202114333e-05,-0.0007385398863491241
5.31544243718484e-05,-0.00016897832525094016
0.0001085647785857493,-0.0004264788137889274
0.00011049756902392475,-9.406646676789098e-05
0.00013635948373779522,0.0002953662566272501
2.8012315867188717e-05,0.00026259110508971217
5.1773514810464326e-05,-0.0006753944732046026
7.243017343311326e-05,-0.0002502586005999992
-3.430812569471474e-05,-0.00030114105442758234
6.751547091213018e-05,-7.875603261320532e-05
-4.6736719026913186e-05,-0.0004429232652520162
9.552969749658202e-05,-0.0008519339517065243
1.3893013222442276e-05,-0.00045556024213111825
0.00010055372073589422,-0.0004335526124057703
3.17185841643564e-05,-0.00036094908998927434
9.98642818995317e-05,0.0004074399386308239
8.668694264149046e-05,-0.00014984943927654891
9.04366084249113e-05,0.0001358902742918714
7.606340364883649e-05,0.00029386187205131085
0.00010442798776166864,0.00013963239214525355
8.599969188366095e-05,0.00032161546722393915
5.864881612009773e-05,-0.0004646959870590305
8.973556625786638e-05,-0.000666630690454017
4.0685530609665466e-05,-0.0012696235575470377
6.614178196581681e-05,-0.0002814412248488821
-4.753052706511882e-05,-0.0003811392135679856
7.533441935201986e-05,-8.651982049193794e-05
4.2206553379159074e-05,-0.0004106222605937048
-3.736294707943412e-05,-0.0007377310617018039
7.049207851199336e-05,-0.0007156612839689545
0.00010678228698951121,-5.353452881019327e-05
6.170969193445444e-05,-0.00033778792625984767
-2.556016744881037e-05,-0.0005074527129564792
-8.276962970036163e-06,-8.05917032826458e-05
-2.0007064570137892e-05,-0.0005671157099101701
-2.84095687085671e-05,0.00011558968728227267
-5.240064308839219e-05,-7.97965864510751e-05
0.00017443488947439288,2.930912704140505e-05
6.039170397816409e-05,-0.0004934925004652492
3.53535130442455e-05,1.6303782587609146e-05
0.00017187203315358564,-0.00025119236129868315
0.00011769198384685751,-0.00038073757154719615
4.455965939928969e-05,-0.00012561807238277846
-4.630204221353789e-05,-0.00036942796219923183
-3.609165658523871e-05,-0.0007705126183441321
2.9447633323722937e-05,-0.0006660743778723646
8.837302349495212e-05,-0.0002943770763549077
-3.4900429164955616e-05,-0.0010482324542627477
-6.731030326485228e-05,-0.0006249685033269345
-3.340632056090471e-05,-1.8325401435971594e-05
-2.7576053328212907e-05,-0.0005844568045523019
4.5428530741698555e-06,-0.0009933971231084531
-4.5612427951036665e-05,-0.0011327350028997741
0.00010143666869072627,-0.00030138843078443897
-8.499997331202949e-06,-0.00018555606729749518
3.8969684581581634e-05,-0.0007987728496925545
8.152017520947545e-05,-1.3117652252232954e-05
-3.4107375508712765e-05,-0.0007312057599368414
9.439199364249501e-05,-0.0007526798639410957
9.036420051927133e-06,0.00021207794151593685
0.0001724743372740539,0.00043646561430628317
0.00012002196190681843,-0.0003979097461186973
-1.775063841891219e-05,-0.0006873588740172172
7.772447987433439e-05,0.00024092399424203816
3.17698674084085e-05,0.00017697565106839452
0.00011024916837656826,-0.00015913937152330982
9.752061035784188e-05,-0.00012477145786342337
1.4712023964420106e-05,-0.00040532584152455447
7.403803690451976e-05,-0.0004548967062782605
0.00013573892931885456,-0.0009403138843212593
1.902797644052821e-05,-5.116575588144969e-05
5.4535339456147726e-05,-0.000177445860883783
4.804937958338549e-05,-0.00015461185334271978
2.0708561521453473e-05,-0.0004189695662223422
2.568271827892454e-05,-0.0005416756909643608
6.247867863505223e-05,-6.966036264702414e-05
0.000125203678876553,-4.515950838044429e-05
6.992975868611281e-05,-0.0005285855670479513
-9.61825036247993e-05,-0.0006863939554029017
6.31983734637603e-05,-0.0005095363887927738
0.00010275822904918489,-0.0004173424339802634
7.066306442855095e-05,-0.00035427856651749836
0.00010159815848792572,-0.00030941824383009744
6.767459634501763e-06,-0.0005332866296690287
0.00018713311998812536,-0.00048124767499192674
3.7251468159004564e-05,-0.0005091339089228379
-4.029238687351308e-06,-0.0002968187040473582
2.414479807874055e-05,0.00027299845317613983
2.7037111037145833e-05,-0.00031132631328104906
5.085298639874599e-05,-0.000577493874135318
4.543358282951135e-05,-0.0004356874452065522
3.500626970189119e-05,-0.00021266602401404756
1.632674898304569e-05,-5.043856855665017e-05
4.886958771110954e-05,-0.00047291230553799126
9.048634291889331e-05,-0.0006086848082419905
-5.5673048334089966e-05,-0.0011783712301186066
6.949546527390489e-05,-9.342049508242908e-05
6.450733319401339e-05,-0.0004428383151634424
0.00014573074200585037,-0.0006137016069831453
2.3519191067995467e-05,-0.0005148076076352462
-6.227600545643123e-05,-0.0007615846295788081
5.327078657451247e-05,0.00016951116779635725
-2.9771711239163617e-05,-0.0005924680613737599
-3.391294035326933e-05,-0.0010530241163808059
7.918621606851768e-05,-0.0002713515694904502
5.055345064856068e-05,-0.0001784891657456455
4.249398617808624e-05,-0.0010331639690946694
-8.652241846205823e-05,-0.0005772825704366892
-4.881949591130672e-06,-0.00039384993187474
3.824309270293385e-06,-0.0006125195466001346
-3.886563195486584e-05,-0.0008129422025232847
6.172525370327819e-05,-0.00036222684019373826
-4.430684723694749e-05,-0.0009104287701486161
-4.689773958955993e-05,-0.0006750632048307247
2.6164161009830674e-05,-0.000518642767827957
4.827541426912712e-05,-0.0002590488656430525
-5.315664355568021e-05,-0.0004995369303713665
0.00016351246531982997,0.0004757099582137768
0.00012028527014437603,9.484672976008176e-05
0.00012980637347319903,0.00020420932083091686
0.00020035883659767344,0.00024407365589721537
0.00026128901735347873,-0.0005154531801965971
9.763887378913885e-05,-8.722934154688214e-05
5.2274024308692315e-05,0.00022108316997334043
2.061340377509192e-05,-0.0003875126585555613
-0.00010447355358618818,-0.0008134557137091012
8.52997092410185e-05,-0.00018753874145459207
-1.475615785836236e-05,-0.00039367452965646224
0.00014659924013752165,0.00011484476086353647
4.7146995296201276e-05,0.00017183941175378156
4.700994791627486e-05,-0.00020768688677810166
-2.365862412290708e-05,-0.0004748775632531045
5.096310540426745e-05,-0.00020586846511125523
-9.992979961877794e-06,-0.0006545128674710924
0.0001123011551716472,-0.0001391143189161618
3.957207442213814e-06,-0.0003728800645480667
-1.974779942452942e-05,-0.0005750820472238372
6.983431074346165e-05,0.00016195735290186876
0.0001201616991779272,-0.0009552443248495119
1.8005129656268064e-06,-0.0005856153996146708
2.4956018928520287e-06,-0.0006956160908673872
0.00011892356708762965,-0.00020184215145832576
5.1597390981811936e-05,-8.87027091984158e-05
0.0001187353042164806,0.00029903354309019666
7.992029139399691e-05,-0.0004928995464978299
-3.830404428414527e-05,-0.0006486187545496622
-4.610397126465811e-05,-0.0008845047463251576
8.470108351210255e-05,-0.0004947022011001677
1.0106529291340778e-05,-0.00013505153325245938
0.00016204472107058065,0.00025664293132356684
0.00012644237722792595,0.00021076489579345474
8.090880720699397e-05,-0.00044292910433953804
0.00015237275461477104,-0.0003457550183920088
5.503220950146187e-05,2.8538615158104106e-05
0.00010937477522395122,-0.0006520657260435162
3.4688313610617975e-05,-0.00021459498872385097
8.011796251587669e-05,0.0001222594079569686
3.740969624643211e-05,-0.000615796896733908
0.00013204742812342922,-0.00016118853646164623
-1.0186451929076492e-05,-0.0005267016915149375
-3.520240769205795e-05,-0.00019624812245966263
-4.498481296525839e-05,-0.00012827225837174627
0.00010144953035997372,-0.000874740122617939
7.262902777615971e-05,-0.0007299388206812679
1.8715574855195522e-05,-0.00025392112650899663
0.00021690453865885954,-1.1830249144391153e-06
8.557306170650327e-05,-0.00040332231472892935
6.344374515196335e-05,-0.00036786179153727803
0.00010793797542208422,0.00017424232769744865
3.0050004693374824e-05,-0.0006962317349734381
5.129843688002258e-05,-0.00015882135973398228
0.00011286566132154814,0.00070846629400239
0.00011564628304904497,1.6506566403538906e-05
5.959963846858022e-05,-0.0008724555708333041
4.222392083561179e-05,-0.0010323528707805703
4.9370655019226626e-05,0.00014609583485917588
5.317740838607857e-05,-0.00020719816356195485
0.00011266083626014105,-0.0007952106882629197
1.0682812811778906e-05,0.00026795736570299
0.0001024215153393572,0.0004808320673458883
1.9214307486810925e-06,-6.0736224820797256e-05
1.4972738115381294e-05,-0.0005273984972465307
-1.1966438877661237e-05,-0.0005876836352863249
0.00011766165184469852,-0.00017523200440051765
1.5751587310585844e-05,-0.000534324343573747
0.00012190477774707257,0.0003454086844508398
-9.371215983209482e-06,-0.00041822546819212297
7.279336512094763e-05,0.00015305084433056348
9.542259890996731e-05,0.00017381532764584705
-5.366140938632485e-05,-0.00015312512512917123
4.3100217227514965e-05,-0.00044787110150659997
0.0001646785404098386,-0.0005846219196827861
-1.1567823011872472e-05,-0.0006215435550961448
-3.463277040929966e-05,-0.0007189757426100225
1.3164244643491457e-05,-2.6849814367850783e-05
2.289870580317473e-05,-0.0005416375089049741
7.929897340806414e-05,-0.0003972823713830475
4.204638576169983e-05,-0.0003641460412813402
-3.53130925815025e-05,-0.0003913380262276445
-1.1499855206197328e-05,-0.0011808321167145347
-4.0818916362317056e-05,-9.469576215099604e-05
6.709745988442691e-05,7.405803400111678e-05
5.7856290393278444e-05,-0.0006416412285151264
2.92875506619229e-05,-0.00041282393914404366
-6.263478717569401e-05,0.0003202397950882774
0.00013346181695123203,-0.00010932411293808865
0.00013960872592574795,0.00033608164794647367
0.0001273460579676629,0.00037781026206632097
4.593772015643182e-05,-0.0004346822506869467
6.441359796621548e-06,-0.000430470949237997
5.25823521364602e-05,-0.000586838606852538
9.874907801346624e-05,0.00017803367347908998
9.118940027692801e-06,-0.00042142707547873577
0.0001819283737153452,-0.00033937052616597117
1.3077108431811392e-05,0.00042017075802640313
-2.704606985306383e-05,-7.940719854580157e-05
0.00013550706337365717,0.0009507620254295224
-9.433578188740551e-05,-0.0014049490226840991
6.845641441210416e-05,-0.0005989787726557835
0.000181913049400733,-0.00012528248760044182
0.00010646516859640542,-0.0006690217481748461
-3.413954893587032e-05,-0.00037887108122578724
0.00012682920770138128,0.00027609570429816457
0.00014713000695957992,-0.0007100365186482124
4.4967525431710394e-05,0.0005231152513059996
7.90860565564426e-05,-0.00046831370896606157
-1.0443561558326784e-05,-0.0006284884090434598
0.00012557518029845583,-0.0003381912377165691
3.695637697048108e-05,-0.0009525790658888831
6.06869731456219e-05,-9.119351464546858e-05
-8.152947928960654e-05,-0.001415855574351445
-1.955820961913442e-05,-0.0007483475639127734
3.5782422294207975e-05,-0.0007463922120944261
0.00011811613496429772,-0.00012633665780934766
-6.113045533665871e-05,0.0001440032361411564
0.00012645875067688638,-0.00030813609505754683
5.469412905251679e-05,7.490665998153893e-05
0.00011102048713862857,-0.0006178215547494635
0.00011357289356130393,-0.0008202038043482342
-2.7395046725754875e-05,-0.0007759056571339419
2.0466267451277667e-05,-0.0012661635104536644
1.383901475034179e-05,-0.00028103674274893476
0.00013601146470016922,-0.00015118906234281234
-6.016277874024167e-05,-0.001028221727059913
4.889433458088167e-05,-0.00029593746776212734
8.767443400356036e-05,9.069278489922875e-05
6.225678989799213e-05,-0.0004820456652890067
3.602205383792751e-05,0.0001188880055461343
5.54566145693454e-05,-0.0007122054078507682
3.3082767516745356e-05,-0.0004143202776554328
-5.071579126496355e-05,-0.0008095719691621771
7.927568386611756e-05,-0.000741526992551045
0.00015084408979972223,0.0003170657458376819
1.6611454428386475e-05,-0.000626565556310528
0.00012639630411043364,0.0003249587160636088
5.268060601844673e-05,0.0003268632249843915
0.00012068252680155585,-0.0005251783879691083
-1.3005140710951776e-05,-0.00013653669880948788
6.712128518916187e-05,1.434230459080747e-05
-1.8951009132467205e-05,-0.0006577776609992707
0.00016773417027762485,-0.00035381879454967507
0.00010099574435453853,-0.000541717209879884
6.889543474499507e-05,-0.00029626731926679823
4.751770641766938e-05,-0.0002259272219294795
1.534118746967253e-05,-0.0005178457647257028
-4.761076679107764e-05,-0.0006504489976305737
-1.4529038726513962e-05,-0.0006593931408812153
9.010566972011906e-05,0.00023474003279666707
-3.496538403088736e-07,-0.0005799356662412095
0.00016687350685124167,5.732600374696907e-05
0.00012375223228235343,-0.0011641010887296795
1.3982969606780854e-05,-0.00030352953556228774
9.810772289032573e-06,-0.0007127488840540435
0.00013593024998436714,-0.0007414113480734899
9.08681284145074e-05,-0.00015780634613816438
4.782227884762326e-06,-7.174094671001934e-05
0.00010774112313635518,0.00015923411662685424
-5.017548562650202e-06,-0.0002783689574156872
0.00014103266517016285,-0.00019791605345448863
6.913789476443375e-05,-7.564375888840648e-05
1.1731645131746269e-05,-0.0006252432895399991
4.801355702764843e-05,0.0003624753242456183
6.892711502668066e-05,-0.00034049493522949237
-6.837582874722061e-05,-0.0003217204263324851
2.7998133231873774e-05,-0.0013515385349925362
-9.981045270528296e-05,-0.000781738346174321
5.823084078762517e-05,-0.0005460393529615466
-6.838886321489793e-05,-0.0008015054320015231
0.00011671276031103461,-0.00034502558384254034
3.901200680574985e-05,0.00014816507545318617
3.934289073570312e-05,-0.0006472276536839738
4.53076050709012e-05,-0.00021466388979476342
7.56067028983649e-05,-2.3066338399049666e-05
2.9002435778867423e-05,-0.00026559685507480154
3.960443185549464e-05,-0.0010189005257698
3.956265250192024e-05,-0.00011782641763728456
0.00010222323015098738,-0.00044706087793370164
2.77593950356397e-05,-0.0002408401728294548
-0.00011321361483677267,-0.0009149986559718996
9.945537123921559e-05,-0.00045181041560394365
0.0001215219882359681,-5.568890754923886e-05
8.738313016763992e-05,-0.000683837685931391
-4.4441086679165626e-05,1.775494252219154e-05
5.761970478426661e-05,-0.00014781542168680522
9.097916355555922e-05,0.0003621941840124108
6.843535607545573e-05,-0.0005612985346300926
0.00019150070683011396,0.0006360629249045276
7.382577316523783e-05,0.00036943968593820966
9.05521061687254e-05,-0.000376704833470828
5.927377477443226e-05,0.0005635926709984824
5.811237269321776e-05,0.0002725653489196754
4.979460277705668e-05,-0.0001864262005220813
4.25207228854097e-05,-0.00013989431391409933
4.476053212694805e-06,-0.0008764637409907749
-3.231753459716796e-05,-0.00036072466098980514
7.896772728243934e-07,0.00018888662877823036
6.95628921445606e-06,-0.0002884476598299263
1.8961802978450967e-05,-0.0004899523806656346
-7.945292575602242e-05,-0.0013765997374901285
0.0001057007749214275,-0.0004615705391207405
-1.5054309009353582e-05,-0.0006782671431314767
0.00013305742086677384,0.0003548347844068844
-8.159582831540786e-05,-0.0003191649461802764
0.0001735685036803932,-9.370482846301074e-05
8.431579316140896e-05,-0.0005551517035795442
1.7419094896442203e-05,-0.0004809417267283376
-1.2850595863981123e-05,-0.00018138233054269728
2.773559739355645e-05,-0.00088424821399267
8.815722857266903e-05,0.00021073309058349232
4.249272273430476e-05,-2.6492214844959074e-05
-8.194451792344434e-05,-0.00115550655782995
0.0001568068613405079,0.00021698290947609917
-6.132135989758301e-07,-0.0006194461271370251
-7.079199373773536e-05,-0.0004954201269715778
-0.00010074792493993342,-0.000710321012723172
-8.856792875534784e-05,-0.00031219888083536176
7.04826049688176e-05,-0.001140922996064718
0.0001139604913727005,-9.639518011227209e-05
0.0001520058842794286,-0.0003643019331044166
0.00015167963280436657,-3.126060591778518e-05
0.00011836415108057536,0.00016459719843125748
-4.506522215233825e-07,-0.0005452697389788267
5.819082931292116e-06,-0.0006266932501696463
-9.183573395318907e-05,-0.00042681384459993123
-3.74993555500569e-05,0.00011193177737363562
-0.00010104318044323524,-0.0005709177745500648
-8.531867716148449e-05,-0.0005115437767084537
1.520025375442225e-06,0.00015200402452306602
7.183483838614737e-05,-0.000520844460601299
0.00012311289265169213,-0.00041543932328572
-8.779629329636518e-06,-0.00015201775219740766
4.2958331789343996e-05,-0.000435296418453334
4.3457772562538954e-05,-0.0005189957561632273
0.0001760259354203561,-0.00011539307515767363
6.21367179693628e-06,-0.00024066989127257923
4.1889882839286056e-05,-1.9628742479498723e-05
4.941092911754636e-05,-0.0009156944839720469
-2.3413668399541675e-05,-0.0007263316725297545
0.00016735066418168472,-0.00029900275801770875
0.00014243143426653454,-3.970565538910953e-06
4.305684262918445e-05,0.00026569644826250323
0.00019220090173023807,0.0006915097163752732
-1.7210963962647748e-05,-0.00021754573790486317
3.887364365231022e-05,-0.0005677928745187254
-1.0853445133454848e-05,-0.0007010152129177806
0.0001420473104893972,-0.00021130571272788302
2.971722879843502e-05,-0.0006838510934450386
0.00010152140146565288,-0.0003498325522227854
9.567116816594067e-05,7.382383719788899e-05
0.00011075517423039895,-0.00015649170168166064
-6.862856535943685e-05,-0.000248466817570708
5.702906614912998e-05,-0.0005860613226413493
3.820578701871092e-06,-0.0008040713496648491
3.9253124265125776e-05,-0.0004110611402808243
0.0001131966565767012,0.0006601452876852869
0.0001419377653004685,-0.00026501669158578216
-3.1518564853358984e-05,-0.0016685164107024231
6.820534741305793e-05,-0.00011318133883271697
5.982691811496363e-05,-0.0005567477055545526
4.738821954618005e-05,-0.0003896561869692667
4.2343706614373646e-05,-0.0006894475721334141
2.9551080633097315e-05,-0.0009480716640119767
0.00010353473711182819,5.02922774636668e-05
7.539307127122846e-05,-6.0677327744218174e-05
0.00017872086061522584,-0.00013015653632994324
3.053570988025312e-05,-0.0011528976747665948
4.322795649836051e-05,-0.00029129638830510966
1.3312171680431668e-05,-0.001037274917830373
-3.718955192057051e-05,-0.00015520963060787078
-3.0431464477539527e-05,0.0001250426583560426
-6.0106198217017e-05,-0.00041577300624676063
-9.38260852174259e-05,-0.00126787762245718
-4.741589606346505e-05,-0.0009467980923336117
8.090718691808153e-05,-0.0008948702309416546
7.184848224786261e-05,-0.0004552380502250759
-8.989061813301539e-06,-0.00027308136829297424
3.430395707236801e-05,-0.00016326947686403558
9.652696076568437e-05,-0.00011802633022806288
3.2858066268877514e-05,-0.00021878158692800376
3.4460868136914426e-05,-0.0007316161587000519
0.00011609514495663232,-0.0004425161594788667
2.0984357171615757e-05,-0.0007474521823346638
0.00011221703294756326,-0.00033541798924856947
7.356680656038165e-05,0.00013586605930536558
0.00017391334459982249,-7.710977939317734e-05
7.89594237619512e-05,-0.00018496243548743945
4.628205802141669e-05,-0.00021892706428187076
6.391985833415027e-05,-0.0004782719963046643
2.6244760692144015e-05,-0.0008840329246111373
6.968109572380628e-05,-0.00040386470109148547
6.718883951679127e-05,-0.0006861617556656987
7.328305640767383e-05,0.0003587666563383804
4.205784152320513e-05,0.00016543723392807244
0.00014399197085348983,0.00018043873970401397
6.638312155308755e-05,-0.00013684723840162215
0.00016691342274201306,-0.0009571834632526128
8.45524397919653e-05,-0.0003756915661283037
1.9369607765980918e-05,-0.000664809587158171
9.071412022437352e-05,-0.0005470858338867688
0.00015189697923274757,0.0002854705303826146
5.681887205403064e-05,-0.0007571554803403944
4.830509043571776e-05,-0.0006170507045995691
6.577337751286188e-05,-0.00044321202395180014
5.365631587955017e-05,0.0002193294190463781
0.00016493042049698191,0.0006201064735386668
9.294042791531266e-05,-0.00019003254870023932
5.5936514024494465e-05,0.0002899064893681778
5.216272260012293e-05,6.169773491350369e-05
9.026316363447942e-05,3.3984088388593433e-06
-3.2790725290164776e-06,-0.0004946558429312865
0.00021084925057926381,-0.0009076090172992832
3.62174323705875e-05,-0.0002021080821086693
4.3835796072856035e-05,-0.0002994898752695709
-5.283661642245164e-05,-0.00034024255209541044
0.00011041429511299551,-0.00022325219715009688
-5.336519409064049e-05,-0.000180522080284013
5.69251443469002e-05,-2.7045800298983113e-05
4.12682333756718e-05,-0.00015033250262399373
2.3675628800856754e-05,-0.000345489090930658
-4.3374754611837096e-05,-7.089898311614333e-05
0.00010709595064803192,-8.856678538155693e-05
3.39944856609173e-05,-0.0005998954175605166
-1.1495831088791818e-05,-0.0008105503431916837
0.00014028215788187693,0.00014112831790709173
-3.215149570707853e-05,-0.00047014688150506833
6.949446771109556e-05,0.0004925970241008432
-7.357025414423006e-05,-0.0008111776652634762
1.2517543375928646e-05,-0.0005626621927204237
3.949778499286316e-05,-0.0005828905369381385
9.693779865846614e-05,0.00023862153708193703
0.00019132861732782113,-0.0001254008347503087
-1.4822204529647994e-05,-0.0008055368896270226
2.2108314045822156e-05,-0.0006886515586782485
1.6829863988282066e-05,0.00020878470563154465
-0.00011488096010837349,-0.0008474477018448297
7.415920342251526e-05,5.784294750061465e-05
6.599843374366352e-05,-0.00010413133139432584
6.561932874490735e-05,-0.0003574960548289463
0.00011944914976210136,-0.0006105970946307829
0.00011237007621804686,3.1340035171872015e-05
-4.645783824670189e-06,-0.00035197916909441326
7.06430676699548e-05,-4.343404825289421e-05
6.917274899237799e-05,-0.00027221017609460596
-4.9760066467514745e-05,-0.0006324811371960684
6.811313288380416e-05,-2.8420068328594277e-05
5.767567890820966e-05,-0.0006954856183559101
-2.46674985813644e-06,-0.0005091009849601178
1.553998113804642e-05,5.6242148492759275e-05
1.4625536238351564e-05,-0.0003986776130269846
-6.711969466714383e-06,-0.00021768742103768369
4.477094800222581e-05,-0.00021749341699248956
-1.1727434443882946e-06,-0.0004126869665906399
4.3027925401687266e-05,-0.00023520481222545799
3.093277523807939e-05,-0.0008013749819702977
-3.164938192743238e-05,-0.0009826066119234154
5.1709789883739216e-05,-0.000862574623764699
4.4256756099167845e-05,-0.0007712294115574479
7.209242247510137e-05,2.495916904416982e-05
6.590453035140156e-05,-0.0008031991721888975
-7.314362975795012e-05,-0.00030125187053882787
-2.7316689342349364e-05,-0.00047754469365923324
6.724537055629925e-05,8.213117489574211e-05
7.410232984670522e-05,0.0002708072021160755
8.636350711992299e-05,0.00017546229250477705
0.00012294499505386127,0.0002073184566737929
0.00012611628380099002,9.091319733685934e-05
2.1989211448456518e-05,-0.00040747244200470446
0.0001059926471642414,-0.00028292274886577984
9.772743747634867e-05,-0.0004971792418337901
-4.7256734456672424e-05,-0.0005872266953989699
-3.737315968097444e-05,-0.001420765063475732
9.98728691120989e-05,0.00020426694054041328
3.831705715965703e-05,-0.00022595303762077876
-5.466892030443196e-06,0.00036098651467012075
0.0001048502196634438,-0.00036565564203680783
-2.8299187884036665e-05,-0.0003635130278326756
4.546300871113504e-05,-0.0008603071188801224
7.075921200505443e-05,-0.0004985315719282117
0.00016568585167719055,0.00034818639473763755
0.00015098885726030396,0.0001924432982377313
2.396460194787958e-05,-0.0006358703468895598
7.377627821233504e-05,0.00021819464378737397
1.150537120974383e-05,-0.00012117287163150586
8.815086974220087e-05,-0.00042492915252815563
0.00013940040470972065,-0.00031566833046978236
-2.312378271073721e-05,-0.000880619190927096
6.454268147760046e-05,1.935176905614277e-05
0.00010145462958192954,-0.0001702932373132686
-1.6171438855295736e-05,8.88042417108371e-06
-3.3319795686010648e-06,-0.0011163124574739417
0.00020625444834525682,-0.0002962221250611565
5.428028317156763e-05,-0.0005800665954173194
3.655931595136487e-06,-4.0120355237613565e-06
-7.691538169339284e-05,-0.0007515150364772554
1.7244970899787568e-07,-0.0007105113112826437
0.00015808688332776276,0.0007568243528450847
0.00012380724255683456,-0.0005231841595104359
-1.4183449467003732e-05,-9.6047356681059e-05
5.007629926654834e-05,9.827814314724992e-05
0.00015603669949471217,2.453445373624658e-05
-0.00012021162549143323,-0.0012891723551415961
0.00011771737410496859,-9.536183473145526e-05
7.58644745066405e-05,-0.0002743828154876574
7.028547059604917e-05,-3.897150889880675e-06
4.900204149633175e-05,0.000368968452866812
5.8517485547925673e-05,0.00010867807535636613
2.8718486376545354e-05,-0.0004657915901173609
-4.219271594483692e-05,-0.0006644524461679696
3.398563609372058e-05,-0.0006593406708943256
8.567618809493231e-06,8.533918990329261e-05
-0.00013216139021374676,-0.0016168625823577063
1.8461252111537645e-06,-0.0005158033598298146
0.00015287508237030731,-0.00032012536220082184
-4.261303751234557e-05,-0.0002572833816687674
1.6350863477709247e-05,-0.0006739695728563047
-5.81880294714758e-05,-0.0007780493663212154
0.0001640618598858425,0.00035649260873812233
5.2386597002949974e-05,-0.000568913770504204
4.549234141395202e-05,-0.0006517372024254668
0.0003207002658893429,0.000265739134273939
2.1188859162250812e-05,-0.00026022521225095043
-1.8374839535064633e-05,0.00014379081413128838
0.00022070622987435518,-0.00011446661026424601
0.0001248476388226785,0.00011957175516052402
0.0001396817600718184,0.000276450200982194
7.992588714032171e-05,-0.00012265682481399498
3.423554742874578e-05,-0.0004916393437469335
6.47330274749629e-05,-0.00038269936885771734
7.648758231568257e-05,-0.00023284351594697608
0.0001300532864259629,-0.0005486470772780455
5.830806915808358e-05,-0.00030214548470421023
-2.2847984471255052e-05,-0.0008609450259071708
-4.319261790351349e-05,-0.0005631734847164028
-3.5868489505155746e-06,-0.00012471318152747896
-2.780507687925884e-05,-0.0005872328566822119
-4.0935344668245225e-05,-0.0005936742045815843
6.871994696709991e-06,-0.0010372948264016336
0.0002135584234692937,-0.00019878638845891928
-9.093015936873118e-05,-0.0014150774980699248
-0.000177456670218554,-0.0012369855848604935
6.096249331489291e-05,-0.0004715785068877918
0.00014242716921755916,0.00022851587930068081
4.102443734369936e-05,0.00023244818029817207
7.423490983242439e-05,-0.00032511492071528146
1.247429354135873e-05,-0.0004535238760256467
4.297039474497521e-05,5.4982570964772135e-05
0.00017115477176264502,0.0007410746299948425
3.806567579673664e-05,-0.0006661702268379078
0.0001717113385358351,0.00034109089756563884
-0.000233294049685689,-0.0019948807459014436
-0.00012075417199526034,-0.0009223883255789015
7.621896162044284e-05,0.00022535544803246605
6.434759201383563e-05,-0.0005970022722128477
7.448415019405312e-05,-0.0004924564305943376
5.240698687056095e-05,-0.0005332403479626351
0.0001258968571904954,-0.0005180611844413684
2.2491489410994802e-05,-0.00037934616940046585
-5.470817544085124e-06,-0.0005605446426778502
-1.6971197055340562e-05,-0.0003797508710521206
-2.681138709251978e-05,-0.0017101365662582245
-1.3384757228739177e-05,-0.0004355703454677126
4.948751189626089e-05,-0.00025031589914321635
0.0001211048018806865,-0.0009492771870323768
-4.048289706541874e-05,-0.0008823470644201837
9.389555276818185e-05,0.0004035150867587346
6.235668120160005e-05,-0.0007986530176684991
4.343271388880136e-05,-0.0004072204509651067
1.9300686265640786e-05,-0.0005719391846121951
7.578455389635843e-05,-0.00028927680334602977
9.91675062131636e-05,-4.84201422227989e-05
-4.423461862100719e-05,6.127856469018543e-05
0.0001655260473510202,0.00016880431560292107
-4.0393795152532744e-05,-0.0008166892416057267
-2.6638130905969195e-05,-0.00036449954376380645
5.209839826264022e-05,-0.0004771909895772751
6.647002701547623e-05,-0.000826106458772107
8.69145296990712e-05,-0.00023922521558646803
1.8425596226700444e-05,-2.9984353378018216e-05
0.000245680676555181,-0.00018897870642247934
-6.643472018437075e-05,-3.863380562040244e-05
-5.01327720355995e-05,-0.0006946688760702688
-1.530461232638594e-05,-0.0010198026071138525
-0.000116898190777296,-0.0005865398368476939
3.1000924520707625e-05,-0.00021063112603561955
-3.4196906810128136e-05,-0.0011086648450049493
5.789107331914759e-05,-0.0005738298062039494
-1.877134502846874e-05,-0.0005253312801229605
0.00011837786375040092,2.2353452818333835e-05
0.0001550307633031843,-0.000895323163435604
2.176697311765855e-05,-0.0001909364407099563
0.00010065780484217397,0.00020133308691791798
3.0976448671298624e-05,-0.0003429785348357002
0.00011241642512377272,-0.0005607995774925777
0.00010697216463661542,-4.5601829503976506e-05
5.0249180144706646e-05,-0.0003555065968334285
-8.261560914567012e-06,-0.0004463919738562263
0.00019222370977836522,0.00023823475937212183
8.60809284905809e-05,-4.042156374900016e-05
0.00016339423323887377,-0.0007205371555416425
8.562501911973155e-05,-0.0005996201009213
6.342212367849564e-05,-0.0005074640466935836
1.797513152152058e-05,-0.0002713252357018049
3.099884258371812e-06,0.00031444860323045777
-0.00011659646363202625,-0.0007369387518722178
0.00017208419991720887,-0.00042447292495930366
7.909032576691224e-05,-0.00024892789384236094
3.196208259831937e-05,-0.0005431422559911735
0.00018642100744470057,-0.00012219639668613788
9.201921326539036e-05,-0.000459249755216793
0.00012029460190823255,-0.0007076999569300038
0.00014406962077321553,0.00037835511341659744
5.205081600054298e-05,-0.00036970605890891185
0.0001540837905640056,0.0005237687499289785
5.185918490082763e-05,0.0004088226720313614
7.991072117755435e-05,-0.0007314123483267247
7.789087347037849e-05,0.000286344911666417
4.632169987525297e-05,-2.8957009574077968e-05
0.00010471066907813222,-5.357113151768225e-06
7.8128712099641e-05,-0.0005420459846413536
8.528290930213072e-05,0.0001184805918091919
8.71598237639151e-05,-0.0001929268755609571
0.00015983570683323278,4.111247489224797e-05
7.971515590600987e-05,-9.18168129361754e-05
-8.007247004674349e-05,-0.00044140817254121733
5.087546514407083e-05,0.0001137374860670744
0.00021259368362881056,-0.0009836721987495952
8.507061859828258e-05,0.00014094301082906929
3.2254346963892574e-05,-0.00033769288868735624
0.00010146448855608711,-0.000430606776699043
4.685603954527123e-05,-4.626665887731998e-05
-1.0721898262493733e-05,-0.0005289113190678332
0.00015470648501242205,9.523757319083998e-05
1.4052130106327642e-05,-0.00013445892918905486
0.0001149491048448109,0.0002404372743624173
-1.3971537002855044e-06,-0.00019144784391697065
-7.207648686919328e-05,-0.0009771515184492114
0.0001479085373345479,-0.00041358208148572606
0.0001163045417757662,0.00017720490681369464
2.8255273124791128e-05,-0.0004066618823718211
0.000179124213743705,0.0004366584146189924
0.00011551277238040287,-0.00022306054797695157
-4.438465203009673e-05,-0.00022409545069323504
2.7246050945951535e-05,-0.0006229835726055573
3.4108201720571215e-05,8.554070771141768e-06
0.00013805129072985752,-0.00032192170043384365
0.00011785253091292722,-0.0001498741506889761
2.63122688437341e-05,-0.00017958443756694822
0.00016041314884401045,-0.0005045928045858411
0.0001293049546223982,-9.785759643652617e-05
-1.0606829313870506e-05,-0.0005015669414746233
-5.539490035691677e-05,-0.0007838774629869913
1.9373157083970823e-05,-0.00041205827741870864
-4.033019228350874e-05,-0.0004883743935206142
0.00018115602559168087,-0.0002813018457947665
9.75877855135206e-06,-0.0004813960470499096
9.383442934732391e-06,-0.000884550694648439
9.968649333031565e-05,-0.0005371569247576829
8.199040034658803e-05,-0.00010826069295124751
-8.893551130247055e-05,-0.0006846855101786673
0.00012656323833205537,0.00010912623313020302
0.0001342184173567388,-0.00018179333495890214
-6.877682561620159e-05,-0.00047046117830506394
5.449741273625379e-05,0.00044889716558802465
-6.346138097202377e-05,-0.0013865139640327263
4.729347464923014e-05,-0.0001491762199984227
-7.0887961423069e-05,-5.590926387708954e-06
9.228480507176223e-05,-0.00016257939235181018
-6.681458087579186e-05,-0.0005494560020265979
-0.0001240071213708744,-0.0008650271144166083
1.6012221744596462e-05,-0.0003946933813801562
9.860907885276835e-05,-0.00046811856710093637
8.646171842683787e-05,-0.000452043406608137
4.1450264591089494e-05,-0.0003140974942716648
0.00011363779509028656,-0.0002596266071247393
6.25129584715408e-05,-0.0005421587803054362
5.2534336286770005e-05,-4.8795182620565544e-05
0.000127148048623563,0.0005745405352572412
4.306564463823137e-05,-0.0006409675808680692
0.0001266294879548773,0.000464848810000819
0.00020961521571447362,-7.711961128135277e-05
3.669784553318327e-05,-0.00040754203155922897
0.00015739691348844368,-0.0003083332674653017
2.046598353923389e-08,-0.000333489054329229
6.197492972955556e-06,0.000304076531053244
8.119154600990407e-05,3.889110925109216e-06
0.000125043884599589,0.00019189958772337218
-5.7995232773397755e-05,-0.00028357425802360745
6.779591451083853e-05,-8.854768329609006e-05
-4.372203123265367e-05,-0.0007729648980288393
-9.918682403724384e-07,-0.00026462013585410403
0.00014014131806267238,-0.0003030618445428953
0.00012785466508018727,-9.4547307856791e-05
-4.053883605367324e-05,-0.0005028493321280447
-6.437511219510228e-05,-0.0007171235875450981
4.7206376633857763e-05,0.0004630823148526106
0.0001535870779014415,-0.00012319950678590146
-8.521909802472802e-06,-0.00010501331926653486
9.204638076913786e-05,0.00019569775059106225
7.391332956097841e-05,0.00026708852788168743
5.411994308533597e-05,-0.00014211154264186785
0.00018713429761116302,0.0001499570702713258
0.00012873672628311523,8.235278369093113e-05
-2.0156016673148337e-05,-0.00018113746466356023
-6.085566552607675e-05,-0.0004393188809309216
1.534678833822761e-05,-0.0006800878509971199
6.844136867898627e-05,0.0002780773053699136
3.139617190929146e-05,-0.00013174213626340075
-2.574715687167107e-05,-9.970324756427556e-05
2.6823856554397137e-05,-0.0002407241644879507
7.810564369510565e-06,0.0001395795740631029
2.3311661867727787e-05,-0.0005918925213030457
-5.916081419424883e-05,7.049785297115103e-05
7.910489374452468e-05,-0.00018948971189577517
4.437239246122457e-05,-1.0026182390133787e-05
0.0001301674615204648,0.00032457194540189046
-8.365251866197882e-05,-0.0008426644942675591
6.113869918212607e-05,-0.0006711779473920917
8.866744993345178e-05,-0.00031211674238666845
5.9186393936892464e-05,-0.0010891620856256963
-7.781104067419787e-06,-0.00043126445188990776
8.650653617001908e-05,-0.00040033815318824397
6.932307861161525e-05,-0.0009633933892006229
6.980482310541304e-05,-0.00027687273888011687
-8.449324360099793e-05,-0.000937085300232055
-2.688003562550526e-05,-0.00010373767458871093
-2.7610565981973407e-05,-0.0007302247519107408
8.222915841321735e-05,0.0001549110585229641
9.357711627995741e-05,-0.0004627671111609004
4.8500750111794036e-05,-0.00027418971694173025
6.530995839547952e-05,0.00020132420065341566
6.502020911932271e-05,-3.093419980645793e-06
8.189731800249924e-05,-0.00047667044144519203
-1.659646411657773e-05,-0.0004894319988467627
0.0002641063772828899,-0.0006939978229244896
4.6598854849034865e-05,-0.0001848451275370344
0.00012331451808348084,-0.0005651479242118553
5.362983487614312e-06,-0.0006756147889112113
7.756456340798629e-05,-0.00023234505513569865
0.00011885590459337201,-0.00021030553043603034
3.6721420459004097e-05,-0.0007792608152884564
-2.2977426955279976e-05,-0.000312477304147973
5.557559258691729e-05,-7.377183514067616e-05
0.00010304842531236026,-0.00023684095764119685
0.00022516550163315552,-0.0004041642291678684
8.667841292904653e-05,-0.0005090271110759461
0.00013561430349488896,0.00010760040820985349
0.00012518715175221878,0.00043354398570463683
4.507717834692549e-05,-0.00018605856161685422
8.299487218022851e-05,-0.0009475766692714168
-2.891827306366289e-05,-0.0007058166684366516
-3.5933640055774206e-05,-0.000420870362823622
3.5697000343968595e-05,-0.0003709712751222009
-1.0146457931858985e-05,-0.0002986181100594437
0.0001295558579364682,2.8668128471268092e-05
9.535897963025683e-05,-0.00021887071163644476
7.5742948452586605e-06,-0.000627366482915958
-5.7637817039328586e-06,-0.0011064704139375648
9.000644841444938e-05,9.478389547136225e-05
0.00012579397575779018,0.0001812497194375321
0.00019762954566993662,0.000380012474643824
8.449719136390637e-05,0.0003570075322293239
-5.2582033615394965e-05,-0.0010973839932004398
8.186050718398088e-05,-7.882662612317264e-05
-1.5898498032139593e-05,-0.0007878579396311759
0.00010824622219207528,-0.0005557033793626423
6.403472916840874e-05,-0.0005399374009955667
7.713926387702079e-05,-5.0858831526406196e-05
-1.0812860677570274e-05,-0.0005634791232143884
-2.6085743279529957e-05,-0.0009892465762716533
5.701783403296387e-05,-0.0011414528220319675
-1.2226114097333525e-05,-7.529899572932748e-05
-4.528242873421147e-05,-0.000507049023711497
-0.00012385356064613558,-0.0009476392108063474
0.00022907514350285662,-0.0003795116491651238
1.6711307422270105e-05,0.0004310625048597444
-0.000103272985779262,-0.000271205010624053
4.387120484952581e-05,-0.0001833343214748814
3.798441175983865e-05,-0.0010987453419221953
6.827685694054466e-05,-0.000611331284424238
7.157967669259337e-05,8.271195211143037e-05
4.816672032802772e-05,-0.00016812629271792184
-8.605274600741331e-05,-0.00013925770535348685
4.326106568652934e-05,-0.0004950053110256594
7.04027090781974e-05,-0.0005327310159160131
-4.452776822115622e-05,-0.00032338594219559735
4.3119236410609125e-05,0.00022819981248276314
-4.717607562304438e-06,6.045645615995037e-05
3.502703828416458e-05,-0.000137631653559747
-4.932753201997191e-06,-0.000491046401989932
-3.62702179035075e-05,-0.0009276369208959935
0.0001000017081764549,-0.00012890121100881616
0.00013246644005548896,-0.0002681682029986082
5.2381640311006364e-05,-4.291760377351595e-05
4.451415739618303e-05,-0.0001706873823800878
5.7272176811715934e-05,-0.0006763636080228227
-2.109013536635608e-05,-0.00032417746720259826
4.2254225266350284e-05,-0.0003961660044006304
-5.1229605543630775e-05,-0.0002590702750065627
0.00012188822909134264,-0.0006778844916386226
1.515785293336027e-05,-5.2421280293001704e-05
0.0001300936865164749,-8.732151521106653e-06
-3.1306678937972264e-05,-0.0006075156710715311
0.00011759205968684571,2.558400664620799e-05
4.782468001475289e-05,-0.0003658958652218619
4.153582403951383e-05,-0.0007562610830805462
-0.0001366007104500556,-0.0011572014456060912
0.00016151446345283928,-0.00046933494575447204
2.7885770536728452e-05,-0.00020368831990155565
2.016181431043924e-06,-5.163678747902343e-07
5.7164580027260634e-05,-0.0001237591814862657
1.7493306526169373e-05,-0.0005006901260542285
-5.550109272659472e-05,-0.0010441698220612766
-4.810650070256146e-06,-0.0010999578769939405
6.02548819879014e-05,-0.0008005926353390658
8.218091023140754e-05,-0.00014727265265490462
1.576929956820957e-05,-0.0008805523697570191
0.0001330387521667128,-0.0005289967101864089
5.088939174639336e-05,-0.0005191079462471882
4.544405370556989e-05,-0.0012782541499259399
-4.000112765165033e-06,-0.0009805621385101091
-4.124721953093597e-05,-0.00011131673116473331
-4.533671595776341e-05,-0.001085370043784055
9.415737693278434e-05,-0.0005303246680490978
1.5158682217477842e-05,0.00019697329480106927
8.553357542554128e-05,-0.0004995387095813635
2.7358065054311687e-05,4.588691110513399e-06
-9.847494525034857e-05,-0.0005596549853093668
9.247995626275341e-06,-0.0005034283586026328
-1.2276288138192833e-05,-0.001046323122680871
-2.286466966182128e-05,3.627775531672134e-05
1.9474159151767865e-05,-0.00047769089683307185
5.735997850443505e-05,-0.00021995738302629564
0.00011072996066870941,-0.0011356117777248523
4.125275181565676e-05,4.4987489156617726e-05
-0.00010145749187708873,-0.0006943797271099475
2.3270119147738184e-05,-0.0006640875172268846
0.00013740628681034356,0.00010648228596397274
8.02424271918534e-05,-0.0005222104591943875
4.812329237874818e-05,-0.00032937049390327646
0.00014256677095870787,-0.0001759357822877731
-0.00012798770865093593,-0.0006542357026376165
0.0001620809906549202,4.497055749388314e-05
-7.294747025975046e-05,-0.00036870481466420857
-1.4513297331351504e-05,-0.0006073684259743394
-4.9667083485222706e-05,-0.0002982612736364729
-4.8018476071066995e-05,-0.0005325505119044742
8.508381820590983e-05,-0.000241632946734635
4.1382218537154794e-05,0.0003522714613506872
0.0001272826893806726,-8.22193997641642e-05
-0.00012111871879370888,-0.0018115159952497872
-0.00011904538660737426,-0.0006584980829507104
-4.4788246130769146e-05,-0.0006408591967855584
5.2062909901685604e-05,1.7919304758339796e-05
-9.10927317449573e-05,-0.0009081627676962491
6.242141066923692e-05,-0.00043454311266018984
-3.61085435775753e-05,-0.0006357621336665557
0.00015007354409560234,-0.00022391072305454372
8.705603876993351e-06,-0.0004679044401252714
8.139207966551782e-05,0.00021305319802808608
-0.00017720591447717367,-0.0014844998514393394
0.0002544377711406738,-0.0004172612557168996
-4.154690146137107e-05,-0.0006369090409393086
8.120326998881078e-05,0.00022967189723187983
8.378948309760708e-06,-0.00016259450074598605
-8.582669949434447e-05,-0.00014459203312653944
-7.63829836699643e-05,-0.0005037255731415657
4.395784734723444e-05,-0.00023401356050885212
0.00022476520000524165,-2.7252406087937436e-05
0.00019544736160337378,8.233695630773972e-06
4.7367816495886346e-05,-0.0005437574350314651
4.126986259581024e-05,-0.0003845189462828171
1.2731263399793984e-05,-0.000412847301041461
7.584764455833808e-05,-0.0004942506680764979
5.771545567834685e-05,-0.0003310542056169371
0.00012213696067904604,-0.0005125530411693223
5.749529388838733e-05,0.0003398034577823711
7.950569313915629e-05,-0.0007237380214614869
0.0002159167884483161,0.00042862695295603595
9.678286235043404e-05,-0.0005460050667718987
1.931418988882088e-05,0.00018480126211220334
2.1827799546959164e-05,-0.0006173636107612646
8.310099902369871e-05,-0.00036625111252631563
0.00011778482795395134,-0.00011107702440506787
5.691256273165629e-05,-9.879261153481774e-05
0.00010243934785440908,-0.0004665578859604086
-3.811349996026356e-05,-0.0009270281164823159
-2.6024654400449174e-05,-0.0005327950917940652
1.7232361363875076e-05,-0.0003782512949824993
2.6765520690346897e-05,-0.0002883250541134563
0.000247924045013471,3.0611530839384896e-05
0.0001413023160142571,0.0005703332984629622
0.0001421699549673539,-0.00011346931353847946
4.2985013056842604e-05,-0.00046894371202372447
4.246528412976786e-05,-0.000317529961198625
0.00016131828036370328,-0.000159989198132243
-7.683773885931963e-05,-0.0014705330433109117
8.917977850785041e-05,-0.0002424445043907861
4.025520189029611e-05,-2.184892498801763e-05
4.087091983873839e-05,-0.0006267809930666409
-0.00013105911812374057,-0.0012187702830579942
0.00020791889728789166,6.167198096508793e-05
0.00013139200389802855,-0.0006073151796256329
7.71214859256856e-05,-0.0002784819427990538
-0.00010647680953161949,-0.0010174542640499272
1.4677913325502164e-05,-0.00010767885049554318
0.00012242426222458126,1.855819813468659e-05
5.700961187556192e-05,-0.00010068905673646502
6.963282121753104e-05,-0.0003777687265866087
0.00010887433942169065,0.0004486285063135301
4.4505346857981676e-05,8.687181478978138e-05
4.973380509551732e-06,-0.0007052408590075104
0.00011401526695685977,-0.0004657783204200309
0.00011416411151408593,0.0003927041380827119
0.00010898987274692441,-1.6231047576969966e-05
7.420334851695727e-05,-0.0006925216854795737
0.0001725720178304298,-0.00027731691854766154
-1.7952456323845742e-05,-0.0005030641889405309
-4.484291580169052e-05,-0.00018345700647389666
-3.875318599494849e-05,-0.0003312773233837152
-4.0454835554643774e-05,-0.0006256911206862527
0.00011358572005178646,0.0005785807939362236
-5.8637527593523775e-05,-0.0005529430310512571
9.744948389460857e-06,-0.0003466583217828075
5.5990498527979136e-05,-0.00048385298573663663
7.645227898532805e-05,-0.0004914104901678384
-0.00013227688561401595,-0.0008935933580420997
3.067611228121299e-05,-0.00032429420413579224
0.0002481831081700056,0.0001076134052473188
-1.8749172545701447e-05,-0.0008234040306681356
7.867230486413617e-05,-0.0003471233864459937
0.00023129096878461047,-0.0003131798220698981
0.00014496144551237068,-0.0001498587166347587
9.343940987966294e-05,-0.0010569818762667896
5.308300687765526e-05,-0.0005728233445728149
9.30208889271849e-06,-0.00012880091993624934
-2.922717729166984e-05,-0.00019257661116547247
-1.289303967835404e-05,-0.0010632700892515513
-1.4795120193795058e-05,-0.0006858055261481988
9.000485556130849e-05,-0.0001505257896606878
4.3992659711729684e-05,-0.0001357280612165185
-0.00014510623293957623,-0.0010941650443299202
-5.1774819960884194e-05,-0.0005536764483198083
0.000114669292102317,-0.0008766495417930537
0.00011465115178924268,-0.00016412583705348766
-1.176393257809964e-05,4.870565122741435e-05
9.99505556167625e-05,-0.00012852831038212933
5.225248632365794e-05,-0.0005627907982714036
6.162854567388164e-05,-0.0006240848022500736
0.00015900220712972415,0.00016650549758319864
2.6716550467017867e-05,-8.138592253845864e-05
2.1861342389455532e-05,-0.00018847564408511132
-1.241055447581094e-06,-0.0005033082496210232
5.2757310034196324e-05,-0.00016922938179162356
-0.00010013426488196623,-0.0008751457185258471
-8.783832831131837e-05,-0.0006485737185193232
1.829894562054162e-05,-0.00025689911801372173
2.5217937439867065e-05,0.00026016650129880264
8.334860495261035e-05,-0.00025523494286665955
7.974486722656484e-05,-5.1292329958157405e-06
2.344114021580199e-06,-0.000589058927579984
0.00018911908676964975,-0.0008280492727208006
9.1891800141156e-05,-0.0010261860268105155
4.578932557681821e-05,-0.0011457486510011853
-4.060959564972039e-05,-4.211099488108202e-05
9.965890547142475e-05,-0.0003439997383308716
3.447994818586098e-05,-0.0004307649386924148
-2.2158321622872175e-06,-0.00032107326128594325
9.840564828397907e-05,-0.00039984889772934893
0.00012089547467008774,0.0004671441751718441
2.7501509651931666e-05,-0.0016003422597887973
-8.001730112880412e-06,-0.0014120344550701525
6.415102132877528e-05,-0.0005692905352117767
0.00011440915734890747,0.0001201535487626741
-6.850833239044129e-05,-0.0007740377981288788
5.182127924188904e-05,-0.0008283181602501265
9.359518442040508e-06,-0.00022081458987732036
1.2998364320419576e-05,4.482065025114757e-06
0.00017568257299311083,-0.0008573645579647655
5.5464491702982295e-05,-0.00018309887128190077
0.00011718561116827496,-0.0008470297254519227
0.00011114687364919775,0.0003219989451707958
-3.496423399049778e-05,-0.0005716905337367756
7.054657871303105e-05,-0.00022234976209614102
3.167939210193139e-05,-0.0013407678990445073
0.00010888428105012788,-0.00039826717236768046
9.564577103063205e-06,0.00020876472825152913
1.54992074757269e-05,-0.0002539829190533889
8.276931216076716e-05,-0.00033787362178747555
-1.0017870228295561e-05,-0.0007273491987617345
2.0111747864303713e-05,-0.000833395689157357
0.00021188530889276286,-0.00011576364786014916
-2.3331314440904762e-05,-0.00044043621088203324
0.0001404695855358121,0.0001544468958649703
-4.6875163687860833e-05,-0.00024214196303147203
-2.4013869478613865e-06,-0.0002893411372255408
5.025758047821906e-05,0.0001746428456146171
7.039682583272872e-05,-0.001085787379519561
0.00010149135773350284,-0.00014561177905922517
-6.159269080718732e-05,-0.001128172314109619
9.312284387446746e-05,-9.644250603833954e-05
3.127166707705812e-06,-0.00027118505751429775
2.3775555302342976e-05,0.0001613729342741075
0.0001085227530786635,-0.0002720869699727043
5.394616480712349e-05,0.0005389962440091548
0.0001154096394431735,-0.0008078294533770306
-1.6177133706170543e-05,-0.0008581277238679247
-6.260119556934031e-05,-0.0006520282985433381
-4.9092897008633696e-05,-0.0011252462740843608
-5.85764279565733e-05,-0.001168899034358254
0.0001123529129227621,-0.000429659010152515
-2.037369059552574e-05,-0.00024611220190566844
-1.5711264766919746e-05,-0.00041019356707397214
9.635762633719686e-05,-0.0007076050771535905
4.014071945112485e-05,-0.00019938113747939294
2.9213312207725106e-06,-0.00043881182864080625
0.00016439753928549472,0.00021846234921843322
5.7884684958449e-05,-0.0012839524813139337
-2.2216701840253238e-05,-0.00018834185774566772
6.440920846167902e-05,-1.8785245196482425e-05
5.295077827336859e-05,-0.00010873588965477865
7.488319588643173e-05,-0.0006592436939754056
5.721850442355191e-05,-0.00010806180221263933
6.766860527906862e-05,-0.0003785288862912119
5.7736301376005604e-05,8.769688139017965e-05
-6.214309927755803e-05,-0.0002486605486508963
4.23046013680103e-05,-0.0006164158791749921
5.190296693211857e-05,-0.0004099394964453999
-6.950225597081812e-05,-0.00025582423779918213
8.577581224855743e-06,-0.0005765811829126239
0.0001773905189707371,-0.00014162750576711313
5.598165365977861e-05,-0.00011689339759129762
-1.6499632329827692e-05,-0.00019523729835979034
6.84545494797384e-05,2.9518967558446203e-05
-9.835272801717878e-06,-0.00030290085578304587
-1.9354314420637385e-05,-0.001343197562191318
9.756179121028823e-05,0.00040932857937672556
1.2274900079765113e-05,-0.000402409906569579
3.447932104376955e-05,-0.0009464993640547874
-2.5451328989108807e-07,-0.00031957615276486707
-1.500505607406085e-05,-0.00028031020496768636
0.0001292867680595573,-0.0004013706909185757
-5.0562491083341345e-05,-0.0005159938860263082
-2.127701548227255e-06,-0.00011866448234447758
-4.646039575253254e-06,-0.0006570503190997852
1.4237442803506704e-05,-0.00026974703855905865
0.0001422767387160489,-0.0005481419132881848
6.693136958309015e-05,-0.0004824390116547453
-9.570587105399263e-05,-0.0004969681911985404
4.463548679897671e-05,-0.0004113243537750108
4.747013863182193e-05,-0.0006493996652246748
9.554378913687721e-05,-7.323996880335146e-05
4.1028770966866954e-05,-0.00042427749689693997
8.485516411908154e-05,-0.0007442928374270223
2.2954498770577083e-05,-0.00027498788866393793
0.00010605047547378174,-9.212254658200371e-05
0.00013052175012431464,0.00016161727367139386
-3.814288645887526e-05,-0.00035548061989232105
0.00013356312827058142,2.494482661119686e-05
-8.236107099070578e-05,6.656414328574663e-07
-9.514133756811507e-05,-0.0007319551683597223
8.131871399821649e-05,-0.0008474464311552749
-0.00010137388160797307,-0.0009280562707076816
0.00015026717108403175,-0.00025848025317124325
5.746174526378826e-05,-0.0004536429199192576
3.866495622273979e-05,-0.0009672430805236971
7.179157924112954e-05,-0.0002445629712877179
7.456953708508476e-05,0.0002515937545540273
5.377853669408331e-05,-0.0011993654735307907
0.00011702808470017841,2.7387000649888387e-05
1.3409600889270802e-05,-0.00011407665201102062
0.00013300786402638812,-4.068641650496155e-05
-5.552408099032384e-05,0.00020833631701157136
8.245303841842281e-05,-0.00023948011999656027
-2.481878431000986e-05,-0.0008984292885114385
4.9411651834593454e-05,-0.000357183279207637
7.69311468541588e-05,0.00026826089120465677
-2.9228378787827776e-07,-0.00047779751551705544
6.59857359532343e-05,-0.00025480112042957807
6.37517760637753e-05,-0.0002555771133384509
4.511463482912372e-05,-0.0003353273326216655
3.540722664322724e-05,-0.0006473279444618074
3.0463426913374765e-06,-0.000823815688090981
8.939506861636569e-05,-0.0007941935580690581
-6.867242135291974e-05,-0.00039186467580480276
6.983350482837113e-05,-9.656833579969998e-05
-4.7406083195501784e-05,-0.0005551704699382687
-1.4347507366577127e-05,-0.00041624413351561504
-3.947578884580264e-05,-0.0006222411089182745
-1.4847099917508826e-05,-0.000689261429356585
-5.036644018361979e-05,-0.0002083921532699917
0.00015865655395090242,-0.000470320837494522
5.975554971317617e-05,-0.0007287457260595323
5.9463770619953344e-05,-1.7481973552149207e-05
0.00016650273681446197,0.0001064652731830253
7.667279607658889e-05,-0.0009849978875260343
1.3077169140404086e-05,-6.588412841433163e-05
5.721312717008129e-05,-0.0004906343977517369
5.462151532534794e-06,-0.00044265383776697633
2.1771165542573592e-05,-0.001173288665381841
5.657253128473597e-05,0.00028256332917774577
0.0001090128584787472,-0.00047872912375054015
-4.117627893704821e-05,0.00010357940237860314
5.437339394977683e-05,1.530326569028497e-05
5.955884956248425e-05,0.00032231924045007294
-1.4788263636592193e-05,-0.00015734007926752116
6.473064829085219e-06,-0.0011904488344930677
0.00010978187214050108,0.0004248408667113571
3.851362753560088e-06,-0.0006044567367710241
9.198689471082711e-05,-0.00025530578964352163
0.00013062347506484235,-0.0003480915338324143
-6.507231802949123e-05,-0.0004222063376541709
6.643804231675195e-05,-0.00025441974476096533
1.1384150613059295e-05,-0.0003674107288876964
0.00021549694048394243,1.0745469695621853e-05
0.0001842812022539311,-0.0002025182507972156
4.255467166638787e-05,9.074137238939364e-06
4.297090342568763e-05,-0.00017982009607647522
2.2808435664543343e-05,-8.931174836177903e-05
-2.124006152535681e-05,-0.0005683377659734766
8.737811851429747e-05,-0.0003605885352702087
-0.00010442045184106357,-0.0010398934670553194
3.487404707132933e-05,-0.00013134817910421642
3.7010866515170408e-06,-0.00020402176152271948
0.00021063035871604716,-0.0005500556316964239
9.119053967276888e-05,-1.688859828212647e-05
5.830319050254129e-06,0.00019575388120528393
3.1021478790839495e-05,-0.00012003777167732437
1.738401142226684e-08,-0.0013478596643796117
5.367099433155945e-05,0.00020647370256366218
5.7102136740369336e-05,-0.00029523378851660265
-7.593827201237769e-05,-0.0005487334203873784
0.0001554556183109787,-0.0005246151371995046
1.5499745617909085e-06,2.2738313198552798e-05
1.4723905078180169e-05,-0.0006370668707895708
8.95412461061863e-05,4.073554627347038e-05
6.976849373617685e-05,-0.00019025707995791813
4.4881562396245194e-05,0.0003370411407038314
-8.367089912348613e-05,-1.8268559561914838e-05
3.886693006792295e-05,-0.0001326684056649514
0.00010658600526661731,-0.0003054044968056405
1.9592822494137724e-05,0.0001616834030499141
-2.8299856697266805e-05,-0.0008377890977191082
6.473508725813152e-05,7.065169949144358e-05
3.593389969021925e-05,-0.0012092650951732585
-7.219239851223125e-06,-0.0011650803965232647
1.616337350490745e-05,-0.0005833708315919764
-1.5200189408279578e-05,-0.000963560826242309
7.795971274013154e-05,-0.0004464386033748567
3.5442287782098584e-05,-0.00033690099198092156
-4.60702909031225e-07,-0.0010589596495009387
6.445131603508071e-05,-0.0004479475641132647
0.00018443057876283333,-0.000652454209970034
0.00011718704184118872,-2.46580012139737e-05
7.625974151137825e-05,-0.0004323309130959443
3.595170521705272e-06,-0.0005786940080538312
-3.844757769551677e-05,-0.000967850838430703
0.0001442139077753624,-0.00043986303090678475
0.00010424484314062885,-0.0005724209062577272
-5.4425704026845375e-06,-0.0010331372840274738
-1.7355136989773162e-05,-0.00029085438044037235
6.569029544737062e-05,0.00035324929784854317
0.00012111859357761382,5.630216230509642e-05
3.232472188879944e-05,-0.00026877937318887
0.00017284806508530644,-0.0007162718784616878
0.00010858055397986263,-0.00011174531452015128
-8.349762615654158e-05,-0.0012137085306621702
-0.00011749774311221726,-0.0009585274732028622
7.738649284479604e-05,-0.00023272096950829895
0.00014373283614744115,-0.0009143308079569118
4.685487775614417e-05,-0.0002678595343864967
7.289201589213206e-05,0.00033011524447120464
0.0001234759742604382,-0.0003789683693626402
5.419640164464962e-05,-0.0004837656873584997
8.8880138017503e-05,-0.0003378867937282085
2.4484107578718088e-06,0.00010845696141923411
-2.1879692401530803e-05,0.00010053574912732426
-4.722552961950995e-06,-0.0007044219695261379
4.089395716693484e-05,-0.00035374412902192695
-9.268881586310147e-05,-0.0007880883958725117
9.134203906428176e-05,-9.960099508839139e-05
3.795031330847514e-05,-8.501434004956789e-05
-3.340316161039777e-06,0.00015154936330117073
3.342751352341974e-05,-0.0005791713502787234
0.00011177062457085645,9.447376900023207e-05
3.585742849233499e-05,6.852147404318729e-05
-5.190299443974414e-06,-0.0012428424797642315
5.716083366171411e-05,-0.000115630873575345
9.8506762735088e-05,-0.0009627864042609973
0.00016686308694935527,0.00012485306874519998
9.380363719899035e-05,-0.0001098406613683712
6.046159168306053e-05,-0.0012369963461001062
-6.534399021786299e-05,-0.00039286154958585755
9.072196561819688e-06,-0.0007568332172994486
5.9315129273895784e-05,-0.0005359031004978074
0.00019616060483505595,-0.0009558548632064908
-0.00010869083584695097,0.00010534237905724894
0.00013570821002527886,-2.2837971230911598e-05
6.885676767524513e-05,-0.0006134050842588886
2.897273211777597e-05,-0.00016639855515898657
0.00012100945579866099,0.00015615484393020362
-6.334997684582068e-05,-0.0003893523493897419
9.387918161564631e-05,0.00024275887758803757
8.945932647507645e-05,-0.0001484253710570551
2.2246948019004516e-05,0.00010028466629277252
-3.560764598503062e-05,-0.00012955759265894374
8.417283702652725e-05,9.444965142920512e-05
6.119472186130585e-05,-0.0008035562738706482
0.00010462740434881451,-0.0012397115756248467
8.09705018484036e-06,-0.0003354147311271758
7.47898249866486e-05,-9.084779830390808e-05
1.3087156860355222e-05,-0.0008928194392386001
5.4875784783057284e-05,5.5371572492868225e-05
9.022284129565154e-05,-0.0008190220286724574
3.8552968352677794e-05,-0.0007840609559341858
2.759032731639526e-05,-0.00028649160088246357
8.701950017086794e-05,-0.0002908674896442333
8.952580311876718e-05,-0.00011774276976165725
8.578738495457967e-05,0.00011341674566624509
0.00013065621784447083,0.0001811759575713453
-2.181288402504296e-05,-0.0015000207121351986
4.20298689696942e-05,-0.0004676228613525099
7.319316213409356e-05,8.594758451861943e-05
5.8672723102018215e-05,-0.00027704971868952003
7.248971285349476e-05,-0.0006385727626155081
3.1856253983145714e-05,-0.0004138195967941128
1.5637686744357236e-05,-4.410248076299149e-05
9.482186371480202e-05,1.7000456703523788e-05
4.9701200437735315e-05,-0.0006746498394906107
8.615648205393955e-05,0.00026406191930252685
8.591577781917319e-05,0.00028971577076735984
-0.00015407684824495895,-0.00038163873795997775
-0.00012419583363978599,-0.0005344913410739408
2.588990580042113e-05,-0.0004107183252594068
7.962671990041265e-05,3.213278638395945e-05
3.650952407286835e-05,-0.0005512789030049626
9.280675266970363e-05,-0.00016223158417381155
8.807530806801588e-05,-0.0009100321591940456
7.32653358692534e-06,-0.0004293161750484393
4.369878367207054e-05,-0.0006103541889991113
1.4037818360241309e-05,0.00015806918862882195
4.921782094764915e-05,-0.0002499367197576151
4.922847233592895e-05,-8.499494845505098e-05
-2.5814263097221588e-05,-0.00038294719845869324
3.2472386134161724e-05,-0.0007439565001091511
-7.396320763164966e-05,-0.0003244506393322254
-3.465172640297479e-05,-0.0010092129786996524
8.039185156728595e-06,-0.0006329598551460306
1.0366798158951247e-05,-0.0006519279044259617
5.4661365546382833e-05,-0.00012198117452913177
4.323821045702046e-05,-0.00027599156247192576
5.365381797097621e-05,-2.5662651265411025e-05
-1.7824111524124134e-06,-5.055478978795295e-05
-5.675774045035061e-05,-0.0004634348950103126
-6.744928666363101e-05,-0.0009788690856243085
0.00015832348401541326,0.0001429242914353298
-1.0908550088868023e-06,-6.404310053098868e-05
0.00010815754304517654,8.030677071114704e-05
-1.6129234652960427e-05,-0.00036086394070852464
4.545561625022941e-05,-7.063095682714645e-05
1.3390072474618963e-05,5.9752982687631524e-05
-6.46109307818381e-06,-0.0002754838786742113
-8.821758190004714e-05,-0.0009467223067205232
4.621907583142332e-05,-2.8922080356782824e-06
-4.3379324527689084e-05,-0.00011790384260706085
6.3476843158171185e-06,4.877855710543676e-05
-9.176058032689838e-05,-0.0008204216770151696
2.5424212770609446e-05,0.00010716432431458786
-8.893034020661801e-05,-5.9384193442930646e-05
0.00012874648374041893,0.0005435159853025458
7.273116064790528e-05,0.0006304394701422363
-2.685233609720224e-05,-0.0005729435851509761
5.5184645920045076e-05,-9.327845642109495e-05
-8.85387730227357e-06,0.0005646636653741813
1.9949981854910887e-05,-0.0002632632181478815
2.9515784767760654e-05,-0.0003549328440114949
-3.545857286051644e-06,-4.483227202359834e-05
3.775205388173973e-05,4.0572682866887226e-05
-4.54506951819451e-07,0.00037566537381640216
-3.012830434627673e-05,3.214552269130343e-05
0.00013224080020382475,3.828367705024975e-05
0.00017313290795654187,0.00037034699823861093
6.59231664308484e-05,-5.008136831975677e-05
0.00018540791291575952,0.00028210647050062464
2.548123860742163e-05,0.00024207302541454898
7.38845807837007e-05,-0.00018279562761678884
-2.8527546506996863e-05,-0.00014174606741828297
0.00010881629808617588,-9.132537371092151e-05
0.00013631162744585888,6.073034850372052e-05
1.270576047713139e-05,-0.00041377962315775865
3.8992625523065876e-05,0.00038983657371587636
0.00010819308403352298,-9.197558715997345e-05
4.4440740093724615e-05,-0.000336044643372208
8.932407469118957e-05,-0.0004947848634483461
0.00013181061189585872,-0.0012081136187519627
-2.4907967083438487e-05,-0.00046986778209714454
3.24645750826691e-06,-0.0005354669817815895
7.273143681306486e-06,-0.0005728395124137048
-2.5291526389851262e-05,-0.0003250552219335854
1.6433059912470015e-05,0.00012998202887886913
0.00014251546614780822,0.00047611021330760993
0.00012531755180298553,-0.0006760392816450236
-1.647927672261592e-06,-0.0002233278954047278
7.204976947846478e-05,-0.00042412652785743353
6.284364880708172e-05,-0.0002859295882352659
7.196310014096136e-05,-0.00021390771144535364
0.00018421543271345304,-0.0004858600257859312
4.908862073165225e-05,-0.0005557257022304212
-2.064466824325278e-05,-0.0003622466986553256
0.00016380614876838198,-0.00021791297201899224
-2.9596009921564715e-05,-0.0008450532770219271
1.1171790109398865e-05,-0.0007021154329563071
4.0310538795459825e-05,-0.00012533115090162177
6.662353300403829e-05,-0.000276674226890262
-4.6346605235467924e-05,4.948667020388347e-05
1.7107739052091238e-05,-0.00022038732529436155
0.00010853174761628115,-8.904312782906444e-05
6.965386561080523e-05,0.00016589327387309783
0.00014340898718950064,0.0002747858591177412
-6.236270130392856e-05,-0.0008397504672133607
4.523497890284418e-05,-0.00011780424259248343
1.390154891322244e-05,0.00027215514817312134
0.00011829800841112218,-0.0003123411782123534
0.00010142873293177322,-0.0003020831427723529
-4.554870915869679e-05,-0.0009610532259766683
5.7180090811119236e-05,0.00011773436644068775
-1.4124662063006701e-05,0.00026189616285775535
3.664881804661224e-05,-0.0003236150662844384
1.4174094713531631e-05,-0.0004903708754050429
9.429208679640719e-05,-0.0006402114822289964
0.00010281502506487059,-0.000493214699623925
2.245375108221546e-06,2.330923141515653e-05
0.00010192595235746429,6.410733795714255e-05
7.472733004960049e-05,0.00016421922091833891
3.078161476922353e-05,-0.0006761965368423553
-2.7759942744192285e-05,-0.000532358336082404
-1.2956257330686981e-05,-0.0005797308541417568
0.0001407156695003366,0.00018125155814581562
3.767598440088937e-05,-0.0008802640058182939
9.920842804923824e-05,0.0001344987022915692
9.58934623287949e-05,7.967812786837723e-05
4.5596766873802296e-05,-0.0001377554928297039
8.763080300437629e-05,-0.0003270494356820046
2.795154882096249e-05,0.00014061595451492383
7.589394263633032e-05,-0.00045372169591789447
2.1904106102902478e-05,-0.0008951146252530072
9.637730338120837e-05,-0.0005491636880618814
3.985938311997506e-05,-0.0004007639223179408
1.7336489291401135e-05,0.0005279241145232882
7.737561706455163e-05,-0.000445931488515642
0.00011261344316076884,6.253420598364284e-05
2.0422653659485238e-05,-0.0002581561880869631
4.131109939345794e-05,1.6882095779371473e-05
-2.5042749257080392e-05,-0.0008552701603438685
7.763770547325192e-06,8.983420006103227e-05
0.00010309678539852487,3.690334427179484e-05
-4.392020789419619e-06,-0.0007341478235528223
3.2272562557462465e-05,-0.0008800261247150645
4.7688352927098104e-05,-0.00011422164811217026
6.309336437895343e-05,-0.00036018986346922864
-6.303564005035779e-05,-0.0009358896824143816
7.214584588375907e-05,0.0002821549878764732
0.00017977667485309396,-0.000795163561079151
0.00014109571046577388,-0.0011271085910945298
9.822353770811543e-06,-0.00045336612251023977
5.599315337802804e-05,5.8380090071239956e-05
2.6837786093604775e-05,-0.00023102779877891608
1.6598551811328692e-05,-0.000440824879433088
0.00012665820696443073,-0.0004153508444461574
0.00014621401185894382,0.0005449370249970652
7.382177581194546e-05,-0.0001223997718166221
-7.324137130920949e-05,-0.00023738829565061055
5.994088554931912e-05,0.00019075033834524226
3.464218836441051e-05,-0.0007385716987983392
8.346791471143292e-05,-0.0007401730430910672
5.171755561372321e-05,-0.00023212884169054074
9.450863709220219e-05,-0.00022332901108958333
-2.9024940564702104e-05,5.482879539754222e-05
-2.32530963683075e-05,-0.0008728197540897973
9.768380862171732e-05,-0.0001396750755929871
0.00014031093363688318,0.0001370071861279985
0.00011015821294875551,-0.00015621561481932777
4.978525265428543e-05,-0.00024068214145357578
4.866480020870645e-05,-0.00033445160943936935
7.692147241890882e-05,-0.00013861529252559871
8.155340099505874e-05,0.0003338648943699004
4.457625083814664e-05,-0.00040349046783522347
0.00011296848070768958,-9.014493349208082e-05
-7.013392317157976e-05,-0.0010364027687865243
5.843203806793281e-05,-0.0006049916860156524
0.00011477809784702342,-0.00013005441524495016
5.7528301586992584e-05,-0.0002578205008065067
5.433131996227531e-05,-0.00042812724671268
9.75565548631323e-05,5.1709949555178616e-05
7.799743721571129e-06,-0.00031329914236489197
-2.2362561655075476e-05,-0.0013548574523160016
1.878089085726852e-05,-0.00030509857883545836
2.5106506178420467e-05,-0.00020032611006843686
3.981343285727794e-06,-0.0011915000635184891
4.4618451769584116e-05,-0.0006065735620413557
6.284236684872072e-05,6.268889974942132e-06
-8.557180663634463e-06,-0.0003923733626828304
4.452982062768903e-05,-0.0006702063710881532
-7.0517904375246e-05,-0.000682169768653856
4.690351228627438e-05,-0.00021164747821539182
8.205514693000195e-06,-0.0005638814753506687
5.105530286122952e-05,2.7198984911600634e-05
9.846062964938878e-05,-0.0007766361675779955
4.968997618194854e-05,-0.0010949367357558884
0.00014905081519789927,-0.00019022638934288878
-5.2075471083849235e-05,-0.00046034394688753045
5.597414299857005e-05,-0.0008323183044276838
5.62080048262359e-05,-0.00014203684696337062
2.2053885865087273e-05,-0.0010815714387486903
1.7546966887177268e-05,0.00014139445449250798
8.06920136594854e-06,2.5076934787528324e-05
6.742486597446532e-05,-4.282515455322311e-05
9.215746211951303e-05,-0.0003852094616898041
4.611885278050097e-05,-0.0002662655448645987
9.56447119085893e-05,-0.0003631193629774115
9.064603344270635e-05,-0.0003452089989332978
1.1870973433270276e-05,-0.00044749604333971466
-5.707558360387129e-05,-0.0006175040372840944
4.2001764566387665e-05,-0.00034026894022077105
0.0001074239488389327,-0.0003930174189744557
0.00017031563468597534,-0.00037770583841126884
0.00014460845694315157,0.0003749895421123606
0.0001261170182160105,-0.0001371158826469443
0.00012277112668340761,0.00016145712207956466
0.00010280501156202947,-0.000549184203923102
0.00012485868510467854,-3.659975879078919e-05
2.4320339832700294e-05,-2.656157392874744e-05
6.844765406002613e-05,-0.000554572851810116
0.00010616103661023492,-0.00024162329055204065
-8.158056359329922e-05,-0.0013519213930474443
-3.69534040973486e-05,-0.0007234807312800256
7.927730139451455e-05,-0.00013850639499091724
6.217753483275663e-05,-0.0005671971521488356
9.167439846327873e-05,-0.0003455422112852169
0.00010498499792745405,-2.4255185842544726e-05
2.079635436319868e-05,-0.0004598947674337478
0.00013006545705790705,0.00029581812986624254
2.2792182909429676e-05,-0.0005454138187265906
4.090125026738335e-06,-0.000483629247531708
3.4537791123057104e-05,-0.00028247079141536645
8.873065701113907e-05,-8.862221403720444e-05
9.555831592775106e-05,-0.00039794978277423625
3.214163530436496e-05,8.981203696371235e-05
8.54545583427691e-05,-0.0010269973666828206
1.920953429043542e-05,-0.000373096835337698
7.718511718247245e-05,-0.00031541357876748463
-2.5786005814976173e-05,-0.0006468278498888292
0.0002036946414971198,-1.8219587207653903e-05
7.395719268928809e-05,-0.0005831696022712486
-2.285523772343215e-05,-0.0003155338270677832
1.643623104130256e-05,-0.0008030490756137849
1.3259620671771062e-05,-0.0004882261465984197
0.00012927928394521269,2.9345279270332836e-05
6.706760855859406e-05,0.0002805956362406088
0.00024804336586517755,0.0008013905038959199
0.00010626136539381794,6.539131759890927e-05
6.256949057918801e-05,-0.000714024273276314
0.00013282105978353303,-0.000570796438628822
-8.159084042299431e-05,-0.0007860587987877491
2.4396264868986554e-05,4.2626005068980996e-05
5.3379370111340086e-05,-0.0005362343048194032
9.401675643055452e-05,0.0004271573848273915
4.2901216860361647e-05,-0.0001339272630416556
9.483088468133756e-05,-5.0025009589961674e-05
-1.0420157699141789e-05,-0.00025651129453794325
-1.3745373145739498e-05,-0.00045529926826460014
7.688845746612962e-05,0.00011684350341592762
0.00010252603405442413,-0.0003608357599281745
6.184484016352938e-07,-0.0015015157377058137
4.914825727156614e-06,-0.0012322411645770076
-4.0615366761417436e-05,-0.0005281997109929735
7.385576209274072e-05,-0.0001845208368451476
7.802501671192176e-05,0.000447621002505427
2.6832068235807673e-05,-0.0005594899966170843
2.6147307546942956e-05,0.00041274787379947715
5.861097202637349e-05,-0.00015974622528541806
8.96430888796476e-05,-0.0008070334036507305
1.2030554186894649e-05,-0.000177846776815954
9.618247990981132e-06,-0.000494365502751716
9.206612625677624e-06,-0.00022857864082758385
1.3010595684705974e-05,-1.1547949226066228e-05
2.5265092572441638e-05,-0.0004657067519137434
1.0934006474393193e-05,-0.00082625491281653
9.711700422582113e-05,0.00021934713546834783
4.327027385974972e-05,-0.0004037903491570453
-6.627285777184526e-06,-4.3638016565754076e-05
0.00013363619411428638,0.0001363315613227198
1.2485230675623514e-05,-0.0001957152342047609
-3.360149765903561e-05,-0.00030825637280953734
4.634057054859759e-05,-0.0003614179074265428
6.095953273518379e-06,-5.598389801944462e-05
0.00011012654020061793,-0.0005786571125656183
1.639801335588217e-05,-0.0005211969500811697
4.714525373070619e-05,-8.341297657974548e-05
8.678269158994271e-05,-0.0003236140547050446
-2.265947569439139e-05,0.000161318712202105
0.00013668155302324993,-0.00019875502949799056
4.914188145263497e-05,-0.00045612391886403267
0.00011684191857989641,-0.00032633886179121187
5.5587966442598104e-05,-0.000514256635246837
3.1906598426064794e-05,-0.0002255006885045792
5.312494005277988e-05,-6.44727082587441e-05
0.00012883152568476827,0.00011054370459014635
1.2849221323445897e-05,-0.0007868461917332846
2.6309084486851673e-05,-2.5278186769160248e-05
0.00016400767862429205,-0.00017645873026033787
6.720629370239299e-05,-0.0005591829755696905
4.322256452222222e-05,-0.0007245457380283896
8.756397796165987e-05,-6.008822108562826e-06
6.013328389872086e-05,-0.00041606403573730223
0.000214883020667984,0.0003437527189256936
-4.500975825127404e-05,-9.292525585772899e-05
1.9356098148834758e-05,-0.00026464596962823034
9.101136246219711e-05,-0.00020352991988255878
-7.093751705378381e-05,-0.0003491601663224495
8.872712745650918e-05,0.00014868636427907368
5.847157567947595e-06,-0.00022489580860910434
-1.4572640539400731e-05,-0.0008254872535460331
-0.00011075672289755307,-0.0007840754351758271
-1.9431670775610875e-06,-0.0002450781057771234
-1.6933701449265706e-05,-0.0006807103419417989
8.184012346815577e-05,-0.0006804642675981153
7.484313221962918e-06,-0.0006218688858201778
-0.00015372856314745448,-0.0013557302068276042
-6.26580300847109e-05,-0.0005652426654421403
5.99132966324331e-05,0.00014148535698636186
8.908281957843435e-05,0.00042549516850769995
-1.4634446754394352e-05,-0.00043300799334141304
4.250811703783005e-05,-0.0002723253219916112
5.806994033306767e-05,-0.00012523393278415773
5.6198342470589844e-05,0.0002029776587913635
0.00012871913183068654,0.0002534606723931876
0.00016163240400192627,0.0004942091802737933
3.660279307779663e-05,-0.0005593635508037688
-0.00011122969542544573,-0.0007449928479250404
6.880598382632899e-05,0.00041579986325728066
2.3392803929115765e-05,-0.0002995681133306469
0.00019062515256455773,4.7093808231582035e-07
9.040033545022344e-05,-5.61469307332036e-05
-4.8676535120321636e-05,-0.0006545368372293778
6.31595079516232e-05,-0.00062312965790651
5.9454179618505715e-05,-0.00014070213447028076
4.649842982832616e-05,-0.0005350550850498796
0.00016857490286366578,3.9208219656723984e-05
5.3028041145592095e-05,8.922383504919519e-05
6.930948929909428e-05,-3.850914802290041e-05
3.816821391336271e-05,-0.0003197725319970607
-2.8015616429635847e-05,-5.557724966615613e-05
1.2454179458374823e-05,-0.0005882715933351961
-3.5072531066349485e-05,-0.0012268825526066509
1.3160927925325353e-05,-0.0002569846714769777
2.670111972235024e-05,-8.672817720991574e-06
4.142143591804795e-05,-0.0007229793895518546
4.113271885163277e-05,-0.00043344349535580926
-0.00010526438305991854,-0.0007982097973950043
4.95227834226236e-05,0.00024238760104859823
5.252575816210665e-05,-0.0008075652782073837
0.00015987040941363678,-0.00012601688946518202
-2.139307225857334e-05,-0.0006409655714553127
-5.849094270442382e-05,-0.00017112469457689937
4.932603850809792e-05,-0.0005020388673873608
6.378102703949649e-05,-0.00024196247526218993
0.00014743497965051734,-0.0003383588827151652
7.699300936794861e-05,-0.0003601127792427986
3.4539013597713764e-07,-0.0005085163069828507
-9.821573867647033e-06,-0.0005097889730769664
3.9005346449469804e-05,-1.4733615591448282e-05
6.689952904579232e-05,-0.0002088643817190508
8.986275468385514e-06,-0.0011371569781675169
4.942462478153732e-05,-0.0004208341799911069
0.00010435499086387455,-3.952163782925757e-05
9.236360606768726e-05,-0.00040967029344522504
-0.00012707201777005395,-0.0011309810660931582
0.00010661593687412039,-0.0002321963920561906
5.338707234961817e-05,-8.47852910033708e-05
-1.0699115190061916e-05,-0.0003395612523960142
4.150220184001151e-06,-7.656272312043987e-05
-7.716297174384723e-05,-0.0002303626168900057
0.0001619876289344416,-0.0001433697851616553
2.7206956070584975e-05,-0.0010287309559779943
7.072207942832151e-05,-0.0006089947632680647
1.535383789026043e-05,-0.00024051411395941444
-2.861166202488161e-05,-0.0008508983804752701
-1.4291174133262567e-06,-0.0002714903907255068
-1.1182898903329744e-05,-0.0013001271252807947
-4.742542733051117e-06,-0.0010460346155266194
-3.930367310255289e-06,-0.00019657307078945269
9.035335200956334e-05,-0.00025433678754770123
5.672491472776445e-05,-0.0005978713458493785
7.5665613572987816e-06,-0.00010848243865728955
4.4238596346861695e-06,-5.5578507323062116e-05
3.8064196923327654e-05,-8.000288373829916e-05
3.006262480145436e-05,-0.0008701503156585626
-2.6890157788099815e-06,-0.000608221933482915
0.00013876608372446228,-0.0002429528400736594
-0.0001098130969271924,-0.0005176579769126043
-2.576422805803183e-07,-0.0012188075684731112
3.763022821659233e-05,-7.323559242442229e-06
-9.565193024664646e-05,-0.0013473587910985722
6.583422118725579e-05,-0.0006598862670877929
-5.50183743980585e-05,-0.0013018232180820172
7.106674875234238e-05,-0.0012754896472152325
-2.316080426453758e-05,-0.0010166779830197057
1.1287027844054118e-07,-0.0005338187272252543
3.6280885790718794e-06,-0.0007867863789338545
0.000139328136035477,-0.00019577055884033106
6.503799582225866e-05,-0.0008026317014664666
-3.462943098005359e-05,-0.0007999891644414283
0.00011070019584075085,-0.0005767033742014006
-3.279874405738849e-06,-5.979382881479901e-05
1.558706208198602e-05,4.821124184990961e-05
0.00012508057239902563,-0.0005974513691846253
-4.176786990048358e-05,-0.00018663298057518523
2.5270402909803862e-05,-0.0005336901526598987
0.00018384832056364566,-0.0003691960597808905
5.9927845265375635e-05,-0.0005345129796433456
-2.367923191630631e-05,-0.0009297858602200231
-5.910406225934268e-05,-0.000459469473984929
6.846494754946286e-05,0.0002734667004921957
-4.006433227000166e-05,-0.0014316033906199561
1.472204872262847e-06,6.782200668291991e-05
9.806843618883948e-05,-0.00048099609503531737
5.039061838596969e-05,-0.00012565935217901707
9.237552429849065e-05,-1.8670034587111857e-05
0.0001893062940101467,1.4346774179418802e-05
7.579789800025134e-05,-0.0006735507882914265
7.179802918529607e-05,-6.090264591906061e-05
-8.088841880344466e-05,-0.001354838294882626
4.821687555508751e-05,-0.0004188423995883283
9.768723219529466e-05,0.00023854923676230942
0.00011973764432056136,-0.0013090317883127332
2.7307041130160463e-05,-0.00023103398631892574
6.264207222132862e-05,-0.0011687064265497725
0.00021723946003498012,0.0003766625006898425
0.00014560675104394663,0.0005003071480838456
6.10211759379909e-05,-9.329347868912372e-05
0.00014344920118209383,0.0005433319411284755
2.0533532624946035e-06,-0.0007015715229530597
5.125010586417383e-05,-0.0006351390777839161
3.9162838747344773e-05,-0.0014570403342037054
-5.997056184314868e-06,-0.0006890591615586531
9.739629298139991e-05,-0.00035091967343186127
-5.488542865930845e-05,-0.00018511625763429832
2.2750641931723148e-05,-0.001294201053952515
3.760845900808058e-05,-0.00047528714513543434
5.073815740381469e-05,-0.0003559050089493736
9.894370453333203e-05,-0.00017658637362627744
4.9899428169892856e-05,-0.00015347548978723755
8.766306761591566e-05,-0.0002233201906559074
-4.5374514075692215e-05,-0.00033385320398643517
5.026465956986824e-05,-0.0005056679565533531
9.898224427608025e-05,-0.00046165768700533384
3.826902430416126e-05,-0.00020698492860747237
2.9647867805670988e-05,-0.0005694020588636773
-2.2937942685942003e-05,-9.057118865239516e-05
9.795541755566785e-05,-0.0005948265858989431
-9.458775574750259e-06,-0.0005443902265843797
9.576072198950425e-05,0.0003008888067862839
1.0122438445571836e-05,-0.00042577334075572594
6.816700776646127e-05,-0.0007145646430567502
-2.0796948269888863e-05,-4.812376047004181e-05
0.00017001882704051422,-4.223447974207666e-05
-2.596351773252617e-06,-7.340162379076118e-05
6.463722390257222e-05,-0.00031446041022989755
3.9390732929581054e-06,-0.0001596755280820741
7.548032808241877e-05,-0.0006902790707881137
-4.6635348583713574e-05,-0.00047244853630731446
5.550932301390138e-05,-0.00022454649931018735
0.00015501743208745433,-0.0011132943688504262
-4.146023907781923e-05,-0.0014351571561469752
0.00010164313979647984,-0.00043950071007221745
0.00011666054587612163,-8.575900921177832e-05
-1.7446839918776249e-06,-0.000618931294187474
7.343368761018605e-05,1.4988710478385528e-05
0.0001339101030092847,-8.187809237987799e-05
0.00011429653069643667,-0.0005192503331349676
9.818995052966923e-06,-0.0008692569233139522
-1.3783200625043447e-05,-0.00016252457550283318
2.96486205748283e-05,-0.00012201077769911011
6.197049680419992e-05,0.0003237412832004362
0.00014349057883878422,-0.0001849035534899097
7.84941843575375e-06,-0.000834172374815354
-3.9769284317164204e-05,-0.0006300630221117418
-4.8541461592093766e-05,-0.0003009458990545841
-2.5786756464658844e-05,-0.0006925666255276185
7.202142672683938e-05,0.0001528694832166767
0.00012959682829856138,6.624152567014574e-06
7.080565629862537e-05,0.00011514423735293166
5.647557838948075e-05,-0.0005264413585330764
0.00012207411446316598,-0.0004083638472535925
-2.568452854421487e-05,-0.0008456768918070712
6.226260087570872e-05,-0.00014246400654394374
9.062456979335253e-05,-0.0009631162041431544
8.538466154888236e-05,-0.0006162548507872795
6.971478303707015e-05,0.00022386483657716556
1.8681491365048848e-05,-0.0009373292737372608
8.081586987637688e-05,-0.00010596585057004574
4.5003297134908965e-05,-0.00020463566352357988
6.465370463765648e-05,-0.0004998347999160403
4.0968916265424676e-05,-0.0004329100510310995
-1.1146260134057813e-05,-0.0007822956285387552
1.7090869290962442e-05,-0.0008075801994150988
0.0001275414071034916,-0.00045145894990251186
-6.363467600008858e-05,-0.0006502397831471389
9.230006805993805e-05,-0.000988215458958169
-2.5357896461384517e-05,-0.0006303030183538928
5.455023542699333e-07,-0.0001907342813654352
3.5379674118868516e-05,0.0001232341456957974
-3.369334648478797e-06,-0.0010179637905788745
-2.39389834713307e-05,-0.0003776091278934197
8.871820227975625e-05,6.982720650446135e-05
0.00010096335746880277,-0.0006604795691431149
0.00011895174524108463,0.00032196514648533846
1.2284583151351609e-05,-0.0003878185223667571
8.427126553759341e-05,-0.00011404475709752095
2.4473103138754327e-05,-0.0005797596340686156
3.395800134537813e-05,-0.0005419094200907971
3.621751216325729e-06,-3.5591744485710566e-05
5.025406349748117e-05,0.00017144397425648199
9.194537480362579e-05,-0.0004732495770616791
8.608059362446365e-06,-0.00011139761165397246
1.8233777517943515e-05,-0.0006066100763288469
-2.3311485100990797e-05,-0.0006685721714279685
0.0001823856403450055,-0.0002384386896609172
0.00013102502838842862,0.0003887905101256729
-1.7980320383735723e-05,-0.0007274966377590613
0.00015924245892289473,0.00042728276891767277
0.00012606540621850975,-1.4932181104985472e-05
3.0397583964189112e-05,0.0004355871132844622
1.4430757993679226e-05,1.3469488132175769e-05
0.0001659779429538125,0.00014036833673431728
9.338629268377632e-05,-2.9582907641827476e-05
1.066115422161196e-05,-0.0006033953912513469
1.2098211649232826e-05,-6.433931569161408e-05
-1.8901234872996554e-05,-0.0004594102053172551
5.235503126126419e-05,-0.0009861141448862236
9.961359416667449e-05,0.0005604808645620763
8.256881809564018e-05,-0.0007300932201972515
0.00017384736709534184,-9.016707710030644e-05
1.044622850484661e-05,-0.00033748987901676113
3.484547770526712e-05,-0.0008229654347695443
3.368324936147278e-05,-4.7350356272286763e-05
-0.00010534325803085548,-0.00021029864190613918
8.38637707485819e-05,-0.0010381565334311414
6.317372450786451e-05,-0.00012217587678282912
-7.489280446875362e-05,0.0002093067145747045
0.00011230290561769983,0.00028932812724656316
5.7716185329895745e-05,-0.00034177355718177974
0.0001223836290552064,-0.00013728845306942825
0.00011340709887686093,-0.00010988188278441287
0.00015356194493063857,0.00046037839752064536
7.083502123999915e-05,-1.9763381680228554e-05
4.417079469798825e-05,-0.00020612472399410216
0.00014238213898981676,0.00021878442614223247
4.338938542220258e-05,-0.001589779788252777
2.2075755263880145e-05,0.00014669476367088204
-6.356461697182613e-05,0.00011183523507232437
2.768483643682772e-05,-0.000172540973926092
-3.42155456395604e-05,-0.0003544148084453738
0.0001308414739277281,-0.0006610067018144674
-1.1935143258112513e-05,-0.00043059330044292927
3.749289618210696e-05,4.1635438730359514e-05
9.156734155647188e-05,-0.0002815364180590186
4.1622453556489514e-05,0.0002811756488845508
2.3716135304898715e-05,1.3200479951982124e-05
-1.1950947405480502e-05,-0.0013977555886031257
0.00015730874075471684,-6.893637495950509e-05
-4.517515099445235e-05,-0.000150184379026496
-1.3203478136278416e-05,-0.00047964244033468436
0.00016360410239632845,0.00011193364739613868
6.140192452665675e-05,-0.0006247590793450235
4.963395821546091e-05,-0.0002804940898100975
0.00015343599704514778,6.693477810802657e-05
1.6673089168361342e-05,7.667606999810876e-05
3.027120142263742e-05,-6.518358442874825e-05
2.5985351397557634e-05,-0.0005222029799607153
5.407612732780253e-05,-0.00014530903770254867
-7.216583587702462e-06,0.00015988461791216978
3.738566968967575e-05,-0.00023946641477296706
3.168739782426181e-05,-0.0001330762409655333
5.02495751617716e-05,-0.0001986658556918588
7.711175090715907e-05,5.236657826387242e-05
3.354094008536392e-05,-0.0009938901293329945
0.00013659714671419084,-0.0006669261222615388
-0.00013129767186895988,-0.0007283197996517974
-4.25376456275004e-06,-0.0011840423363313323
9.979108050020631e-05,-0.00038489645709828134
0.00012287621974191797,-4.3685961593898135e-05
7.647612520669984e-06,-0.00018632332827240574
9.687140999988631e-05,6.314021505854052e-05
2.2028919312546335e-06,-0.0001453739932760731
-7.210536376066944e-05,-0.0003210045688222394
1.1061840758241085e-05,-0.0006107161966515404
0.0001381056436668849,-8.978971591377087e-05
0.00018567735200893497,0.00012065446733987005
0.00012180316316857444,-0.0003670125301110592
8.562927696509982e-05,-0.00012612836224499182
0.00021865954067990968,0.0006048928210607523
3.305604856309775e-05,-0.0010754906527311392
3.722428677351377e-06,-0.0004740975949099686
3.738542772226797e-05,-0.00042814021331193065
-5.3477462486139354e-05,-0.0009069412811328631
9.388168531947077e-05,0.00012279997819710664
3.5510238388827115e-05,-0.00039874343303926115
-1.3973061903344372e-05,-0.00045401930033172895
0.00014102281783278617,-0.00019103239878507473
9.97495790246728e-05,-8.959881292924305e-05
3.886663111803723e-05,-0.0011531892282345435
6.916056498100786e-05,-0.0004965179045967854
2.0076249701976248e-05,1.389047125593585e-06
0.00010706758038841723,-0.0003529986642704853
0.00013412682607363477,-4.129767844973122e-05
1.5314020698251702e-06,-0.0006983290059434728
-3.7974722205975524e-05,-0.00048238013641821134
0.00011255764538603129,-0.00027089081625024717
6.924108736393995e-05,-0.0008085914943696217
7.851528111315682e-06,-0.0009239599046081616
3.598132195898761e-05,-7.842835437406629e-07
0.00012358731895706503,-0.00017922317084942993
1.1444026889265643e-05,-6.098822535698999e-05
0.00010600469408920851,0.00014498945540363377
9.078194629378873e-05,-0.0006168428357345749
3.599380713773625e-05,-6.0087945860536524e-05
4.900501027953113e-05,-9.521377515368725e-05
3.216607614767316e-05,0.00020660380694954768
-6.687866588479127e-05,-0.00014761092313416956
1.816423780661927e-06,-0.00017000765462386468
-7.806944270000927e-05,-0.00021350044574323368
-4.864612916600978e-05,-0.0003344372047370908
1.5066692446781901e-05,-0.0003854630960505063
9.055891319153545e-05,9.820315480017143e-05
-7.70199132928967e-05,-0.0002793199162014045
2.436657639661623e-05,-0.0008336147512777975
-3.4315892649470115e-05,-0.0013029757138651329
-4.5189526619784324e-05,-0.0004985132828236206
-1.5515804050090007e-05,-0.0004998824773263558
-7.223269802935793e-06,-0.0011830483485340316
-0.00015281271331262313,-0.0004241173013680461
0.00014088642162367137,-0.0005354414841210009
0.00015278040092169662,0.000521517666031357
2.665065152701525e-05,-0.00028043702257901735
0.00015635406221354924,-3.3496989349928946e-05
-0.00013535607978357598,-0.00073963936829956
0.00015876892308240993,-8.39659769711741e-05
0.00016059707015433003,-0.00026343249005596073
2.643519045312335e-05,-0.00019485496610824934
-0.00013918586230940346,-0.0013742015564481244
4.08295984846351e-05,-0.00030934333901144897
-3.6087540517077354e-06,-5.906762812346521e-05
0.00016033056183213692,-0.0001327054281587539
0.0001227721063377788,0.00119006470536748
8.348396636901001e-05,-0.0008478462357395928
3.080189868496686e-05,-0.0012017274498521344
7.396238391159156e-05,-0.00020897654606657495
5.074792102573443e-05,0.00015671883798739806
2.7896821058356577e-05,-0.00033836291530210704
-2.3423544931187667e-05,-0.00012207550835939123
7.84670851822602e-05,0.00016719326919929306
0.00010718762666419343,-0.0001395209503639451
4.6546748822381555e-05,-0.0004567019428781408
3.35308557965233e-05,-0.00019033463115225683
9.571324791665437e-05,-0.0007370734208877621
3.415957742638825e-05,-0.0007264733898210465
0.00011834780272309192,5.6804298858472495e-05
6.960137867546752e-05,1.0064289253412797e-05
1.5130921041863301e-05,0.00018527688350053755
-0.00015660354363458953,-0.0009647019204166259
8.921708800368086e-05,7.23061024972026e-05
1.0659337037996952e-05,-0.0007800048322978072
-9.406199710357751e-05,-0.0007976477797344737
-2.8462608359574996e-05,-0.00039892008449390437
8.447292461183606e-05,0.0002918333137678003
2.9644106030180515e-05,0.0003115777722198961
0.0001083800307555152,-0.00020218611947067213
-7.473510067053065e-05,-0.0006864261807869505
5.6500211169166996e-05,-0.000756737630140704
6.274655316156823e-06,8.476748565512177e-05
9.343943331454173e-05,-0.00018729971659807313
4.1590809285462497e-05,6.587169370692042e-06
0.00016116195833846517,7.7685586830058e-05
1.9787232062094806e-05,-0.00044682122826333165
0.0001575842890110886,0.0001434239537795763
7.374857568888041e-05,-0.0011150759534106509
4.9506731506784586e-05,-7.702494718012258e-05
-5.043268633953663e-06,-0.0009544347695679495
-7.469407156392017e-05,-0.0003275292549660944
6.747588755340414e-07,6.188596721279385e-05
8.098768118152105e-05,-0.0004447239064513432
0.00013246252258209665,2.1746683799948012e-05
0.00013076520053483594,-0.0009241439940631984
0.0001321063620169616,-4.828004811397365e-05
7.320628631061414e-05,-1.1571412416218487e-05
-1.6612542646312402e-05,-0.0007649029110682318
3.207314327938745e-05,1.5361447771915918e-05
4.5277787887402815e-05,9.409246168414727e-05
5.1829411351281415e-05,-0.0007324415277457821
4.830804972426927e-05,-7.884320993066323e-05
0.00013225827986731702,-0.0009281147876146237
4.891716085078814e-05,-3.626089250313884e-05
7.677252382256794e-05,-0.0009252123935391928
-0.0002222996089360039,-0.0013129092927411953
2.5239082339132427e-05,-0.0007320546563009923
7.957548591526244e-05,-2.2341591800518944e-05
-4.5601433188192605e-05,-0.0005711658290737596
8.185757217282575e-05,-5.001643336293881e-05
7.217125211827553e-05,-5.058391176511462e-05
5.820902992363869e-05,-0.0003453112092377162
8.182438312372679e-05,-0.0006840869140975095
0.00011369183117765964,0.00021622607729038788
-9.770884012756344e-06,-0.0011291298480250393
6.0402771235586606e-05,-0.0008378995081157902
0.0001190704568287636,-0.0008779350506300504
7.611503636109602e-06,0.00017156820506403323
-2.9786515181680535e-06,-0.0008766978118620945
9.459783468646093e-05,-0.00010941567625377717
0.00017254501585431796,-0.00015178090899589612
0.00013564913222743443,1.8084637545778511e-06
-3.252230376181542e-05,0.00014636946678853348
6.778985058381517e-05,-0.00012162404583885636
0.0002005100138624165,-0.0003353768383101912
-1.1934119028622473e-05,-0.0008068763149260852
9.972478151218579e-05,0.00017376864266978244
-3.728775546458119e-05,-0.0008393674537512934
-2.4968692474647633e-05,-0.0004618001387496477
8.645894959484826e-05,-0.0004831853136860083
9.38867792908816e-05,0.00015286946505665766
0.00012015110444333195,-0.00023430957159681543
8.657261492821133e-05,0.00012673771077066864
6.0854891853131586e-05,-5.7517492178639436e-05
-8.132793360956283e-05,-0.0007538198908702956
5.345742077898441e-05,-0.0005359711813802668
8.82368182052748e-06,-0.0005547652787980938
0.00015528281852979304,0.0001704707693344011
1.564912800002143e-05,-0.000814349897839327
9.439754393299589e-05,-0.0002863563743898894
-8.348001825829129e-06,-0.0008331956347875821
8.585149625205817e-05,-4.174624479952889e-05
-2.421727041604157e-05,0.0001096058347055002
0.00011188261358395895,0.000684685463650599
8.390964777680316e-05,-0.00016895588483920528
0.0001839685964813355,-0.0004608312464421722
-7.795063209868792e-06,-0.00024686381457154053
4.1618164208655564e-05,-4.5485237625319e-05
0.00010252251698757446,-2.3734360090610162e-05
3.3929166697548783e-05,-0.00039281061280786256
0.00010196738296474318,-0.0008561593181362724
1.9814511335160354e-05,-0.0005353515389554796
8.592789835598616e-05,-0.0003824637971867106
2.3033551430867e-05,-0.0007910956814260147
6.29930591128006e-05,-0.000603852802605374
0.0001581790306303325,-0.0008809596992672957
4.641756773283545e-05,-0.0007894476207429145
0.00011994554368643046,0.0005718510314064288
-6.976370991250725e-05,-0.0006955513865856886
0.00015893604845699792,0.0002865361154820523
0.00018924444802332832,-0.0007311621392524888
8.180145738071845e-05,-0.0006217322909529738
6.0169890555557276e-05,-0.0005895975947201417
6.231586270712496e-05,0.00012297756480017185
9.929440793448051e-05,0.0003070294832130812
-3.5129905251872387e-06,-0.0007934040864539721
-0.00011848845142859861,-0.0005549430339607984
4.4875383004466406e-05,-1.7352016706345528e-05
-4.763786081157746e-05,-7.011030513812721e-05
9.394382527375072e-05,7.280440953172748e-05
9.677432930740162e-05,-0.0011627089543766972
-3.181513903750794e-05,-0.0009904223433214467
4.7010136782975705e-05,0.00020503519830580256
6.504049623184897e-05,-0.00036985150961856277
7.062456849991376e-05,-0.0006428804606546422
0.00020116119152009543,0.0008840574966580963
3.290038319187839e-05,-0.0009532708586976749
0.00021378305820924482,0.0002101300836817484
0.00014197988741221753,0.00012183358055063847
0.00015356892913337205,0.0002179842317024985
0.0001282079238361324,-1.4236326277123148e-05
2.4659713477759535e-05,0.0002328628370342895
-7.95359011588584e-06,-0.001133277696645522
9.439202202793549e-05,-0.0008676856642173328
8.30090776432307e-05,-0.00033460940200911955
8.743922946907902e-05,-0.0002934942910344405
-0.00020398056570965908,-0.0006169447403849182
4.335915680142639e-05,-9.762773461370841e-05
-2.1079040412369407e-05,-4.908617792105587e-06
9.752042805814628e-05,-0.0008960075615635794
0.00012019201771776216,-5.980779698470685e-06
6.0995382847376625e-05,-0.0009570235148321835
2.0015702998106075e-05,-0.0006710219893453437
0.00017431884046083834,0.0005356238226829706
0.00014712429686999945,0.0001117449165124044
-2.874381326494022e-06,-0.0006396093776024207
7.526679724173573e-05,-0.0007994305852266532
9.552334313058915e-05,5.3334918739612316e-05
-1.0459220781260017e-05,-0.00031973471002814404
9.284200629873111e-05,-0.0005028114787258833
8.733649156739446e-05,-0.001083835671035445
-5.423656232479631e-06,-0.0006371943237420607
8.181951018619515e-05,2.8378444174315917e-05
-2.2030370598650567e-05,-0.00033617664810496866
0.00015162941914218517,0.0005372056848660393
1.2497171948936818e-05,-0.0008176225801514825
0.0001437811513882059,0.0007215967300538508
6.6885665729647604e-06,-0.0007981875146173792
3.510030559670895e-06,-0.0011948470877475163
0.0001481200150533614,-0.0006972725005037381
-7.411980208339443e-05,-0.00042173735487509154
3.887849474756399e-05,-0.000547799078454408
-4.3362968817304887e-05,-0.0004065874626638466
0.0001338712636261155,3.798075979859681e-05
0.00010984160720402038,-3.2384115756950514e-05
-6.911185963708325e-05,-3.073283811573678e-05
-6.465398185481148e-05,-0.0013795436458520903
4.790434374194399e-05,0.000359849082235078
-4.658556928613676e-05,-0.00017293122770320484
2.3433020754197952e-05,-5.225750531755464e-05
-2.8901788555920173e-05,-0.00026349032115298833
0.00013106953172466868,-0.00039359161689837135
-2.6724492664952586e-05,-0.00011438693496814929
0.00010727012949533865,0.0002999046441240897
-6.360256981597664e-05,-0.0010493943075239123
2.2093375356366777e-05,-0.0009619210028906258
8.831073786168096e-05,9.586024088704281e-05
1.639330109885325e-05,0.0001305200437400776
9.403394501254829e-05,0.00035822790228451774
1.677432384567719e-05,0.000294767959314833
6.511335763888736e-05,-0.0004912831666853217
0.00015942769977594085,-0.0006212627187453242
5.995550823420433e-05,-0.0002995164208633058
-7.554776916544257e-06,-4.5876363444044235e-05
6.657905471322759e-05,-0.0004357595398289365
2.6027579260901398e-05,-0.0007965560353977234
-9.390701810904484e-05,-0.0004067652844210032
0.00011575406557153765,4.55187750660804e-05
-4.9381075770558414e-05,-0.00015723447846426367
7.862448647181223e-05,-0.00032499428851969566
3.762802528864497e-05,-0.0006324711104560314
7.519283909954214e-05,0.00026830503470421816
-2.386612164151673e-06,-0.00047617194154191497
-2.0742665112604992e-05,-0.0003166813943290803
-2.8311364810309274e-05,0.00018233977858706806
8.92243832910575e-05,-0.00024585905765083123
-4.532912402537695e-05,-3.432266806116982e-05
5.752409759290297e-05,0.0002013893203590818
1.9619659433485888e-05,-0.0006573991595335826
7.600628867504282e-05,3.513593877290381e-06
-3.30335384798004e-05,-0.00022316279572554858
-0.00014811186407848588,-0.0010450628322134258
0.0001073786763955093,-0.00022452258842625803
1.4595239004263326e-05,-0.0001597302403539546
2.71523496813555e-05,-0.00023135922443326187
4.84788039265919e-05,-0.0006818643727133987
0.00011020118607845254,0.00033811647833808687
-2.9721364524142962e-05,-0.000519511459995203
-3.4181642105961436e-05,-0.00013590770508203006
0.00013083502002954464,-0.0008976115550654274
-0.00014838699253315766,-0.0005085567842967344
4.888636795633461e-07,-0.0010390909046502153
3.284572291710518e-05,-0.001193926396598422
3.8470854494306234e-05,-0.00036991663005525176
-1.259980672767638e-06,-0.0012362778968471968
2.999335627718242e-05,-0.0006593438124623647
5.149114027687219e-05,-0.00013929271010202683
9.708440597181952e-05,0.0003083286163077461
1.8163774246734456e-05,-0.0004226970992324899
2.5060803199582508e-05,-4.736936133218893e-05
0.00010724802320626325,-0.0009500491546652284
4.119191302319877e-05,-0.00020440605855228265
0.0001319166940573806,-0.0003920408005656406
9.142006756663e-05,-0.00010544092787225964
9.389469234935216e-05,-0.00010607319057793985
7.987668080437494e-05,0.00020076251915915997
-6.483308204705037e-05,-0.0007787089817728376
4.121836104211348e-05,-0.0005396052426869839
9.049753323416904e-05,-0.0003668422129800427
-4.980749766042846e-05,-0.0004989147694978011
5.863063002467127e-05,-0.0002720668631263955
7.189362893795113e-05,-0.0006195126409540858
5.624817419056572e-05,3.9539463151135054e-05
-7.590584383130393e-05,-0.0007345405532797145
-8.169886439495275e-06,-0.00022467216710784582
2.5779816578538116e-05,-0.0004267557758307837
0.00015385371262655007,-0.00040087370684961996
-4.512502826535623e-05,-0.000544145924830271
0.00012203281032747274,-0.0009622098171020323
-9.525525046356469e-05,-0.00038331626516734183
2.8139773059894117e-05,-3.165267175177721e-06
9.169994116399718e-05,-0.0002880190042464226
4.8684242552579e-05,-7.913089705950495e-05
0.0001363605036707901,0.00020867534614274334
9.183240522390564e-05,-0.0005659779488628449
0.000160690320955,0.0003176808370698667
7.287851051984525e-05,-0.0007405416224765327
-9.168095022620267e-05,-0.000683038732112594
-2.9051040902396206e-05,-0.0007272055965886145
5.946767310142242e-05,-0.0003095355795635857
9.516896511288798e-05,-0.00016402435576806507
-2.6447199631064012e-05,-0.0008972546255517221
8.487949024959005e-05,0.00040183568228377886
0.0002131565596218786,0.00018126191910448964
7.341404190484118e-05,1.2765442091007293e-05
0.00012685376240156678,-4.2618986578096945e-05
8.936217507983696e-05,-1.7957530822908027e-05
2.8160201865730296e-06,-0.00014385877767596718
7.4516324272489505e-06,9.90420671856087e-05
4.920855134779448e-05,-0.0010937825255444423
0.00014394058343601796,-0.0005942597445395176
6.544773637711385e-06,-0.000875770309475862
-7.128294756412654e-06,-0.00048649127742214746
5.9134484996241945e-05,-0.00047368054881585494
9.457942992478871e-05,1.728222999874214e-05
0.00014524094749899093,0.00034594517381920833
0.00016177977487665584,-0.0009138660461810959
9.209546483780496e-06,-0.0004455378936759111
2.4872236136633903e-05,-0.0005211734748065314
7.843339794042772e-05,-0.00028757308945463647
-0.00010616345591538603,-0.0013399723675682784
-2.872771065796681e-05,-0.0006853571318825197
9.946697997084659e-05,-0.0005371681183155313
7.270386861879692e-06,-0.00020489075529280204
6.003493705760248e-05,-6.802178051886152e-05
3.806890610386939e-05,3.134589421023928e-05
1.572593068547258e-05,-0.0006616040100035977
-4.518215824495692e-05,9.437282062783971e-05
1.721057509469453e-05,-0.0009898932812229392
3.490853584078636e-05,-0.00022010900125515816
4.9205289592222544e-05,-6.727503513977005e-06
5.312157830360007e-06,0.0002349243758470248
0.00011225285377787912,-4.237916578700914e-05
8.455449719988194e-05,0.00021589021671541202
-7.637497268526278e-05,-0.000685968599723524
-1.2487366441075337e-05,-0.0007762698758504551
-5.3984904374194324e-05,-0.0003558886007879852
6.83359586353665e-05,-0.0005488783954762783
0.00011069732119102532,-0.00010905969074717669
2.0610169302600565e-05,-0.0005815808605099071
-9.715920251894119e-05,-0.0005964978372605531
0.00014647258043180066,-0.0004831765419565486
1.1981409656799822e-05,1.301024412596975e-05
0.0001479217902191416,-0.0006560037764094873
1.8180525486212993e-06,-0.000976800396261332
3.820298404151121e-05,-0.00046500140954495236
7.782801849164532e-05,0.0002568943576144304
4.341188097706873e-05,-0.0002552519420376986
8.633370554841909e-05,-0.00012828452403120498
-2.8799621651930297e-05,-0.00035160850131036594
-1.0392759500680953e-05,-0.0006041559098539551
-0.00010474161045525502,-0.0005664075439914774
9.593895126504489e-06,9.278227263939242e-05
7.037267037248536e-06,-0.0010807777451782975
7.752207437115258e-06,-0.00032890082888981104
5.940899490105103e-05,-0.00032004967824003205
-5.666828480815412e-05,-0.0008190971436998778
0.00010574845656097096,-0.0004525835110645109
0.00010798206845143607,-0.0007467272700336262
0.00011823027091491012,0.00023389205070643114
4.885456708528631e-05,-0.0001743215963936833
4.519643556776543e-05,-0.0001197168727186585
3.510246945646e-05,-0.0007468614106703872
1.6803312022570753e-05,-0.00029674032783721363
-0.00010503422577546711,-0.0002773589105015651
6.059701440535732e-05,2.558943012890682e-05
1.9696857498260436e-05,2.292483808728456e-06
2.682377390306824e-05,-5.215821683288827e-05
0.00014591510452752012,-1.6841778924688228e-05
-3.1547052192222564e-05,-0.0005517102288640668
0.0001292514993526263,-0.0003058315335090128
7.980306808458053e-05,0.00014748370323737608
8.657206222117104e-05,-0.001028854427078239
-4.781594208483006e-05,-0.0007128118270078596
1.73340801816396e-05,-7.313907008471787e-05
-1.7182154170101028e-07,-0.00016895222323176016
0.000123645709756052,2.8800375953675142e-05
5.8897894910052694e-05,-0.00010247374945684617
5.6761298825919177e-05,-0.0008400235697013617
5.9007741363824794e-05,-0.00035837896295854956
5.4235051137406726e-05,-0.00023266155826256218
-7.076348629488373e-05,-0.0011203241118623072
-5.011880069197012e-05,-0.0013213934873189984
0.0001708797356695172,0.00011842062318592647
0.00012715909896196537,-0.00047079201999714726
2.814676807914545e-05,-0.0008597127542423577
3.381088179116399e-05,-0.00036351038319075
0.00011315473319837728,0.0002804042468870844
0.00010630174090073879,-0.000751677996358699
-3.054796412831606e-05,-0.0006883740308450296
9.556247198070451e-05,0.00013416300308190568
-9.111400500563986e-05,-0.0013198874620917065
-7.951910352518377e-06,-0.0006648010029697759
6.604069143458104e-05,-0.0011927244872207972
2.8791747565482122e-05,-0.0006158825128456078
-2.234932314665658e-05,-0.0007620957645388929
7.259417812802588e-05,-0.00022171902382259138
0.0001061749605589688,-0.00026356297298654
6.494656437946555e-05,-0.0003641301049400633
7.761813650785287e-05,4.9844368398875946e-05
-4.1541459938057584e-05,-0.0007997515641109202
-3.5835158392483115e-05,-0.0006879978648391098
5.044553465870694e-05,-0.0007369978621594289
5.869852077642079e-05,-0.00028682709835582514
1.070212207857939e-05,-0.00041811218489248695
4.96203311003749e-05,-0.000315276732710485
5.8145383582216886e-05,-0.0008533120680810417
5.3932360142517965e-05,-0.0005389911214941763
6.0623949800751536e-05,-0.000318409356124154
0.0001501967762491257,0.000118718445853388
3.888053657939224e-05,-0.00014814705216414318
0.00023080481796212624,-8.384305616101857e-05
4.2748042269614056e-05,0.00017932003759147912
0.00012369785762050416,-0.0002403611282665821
-5.982036733675664e-05,-0.00022407166169690582
0.00010933955647114479,6.035641891019946e-05
-0.0001508231041315083,-0.0012343588095662648
2.601873965089429e-05,-0.0005690972277010408
7.27088442663441e-05,-0.0002492394766314832
2.50976126261101e-05,0.00013759672591723464
-4.14324986898762e-06,7.695014318114496e-05
7.269530026998179e-05,-0.0010539414303450691
4.043540189318612e-06,-0.0003224228110061247
4.255960791313565e-05,-4.9225662100551784e-05
4.590750086345296e-05,0.00042113366917407853
8.481711248106683e-05,-0.00020005982893998243
0.00010507464870791985,-0.000547517275254399
8.902946038269947e-05,-0.00022175848447111054
0.00011723020340785332,9.647648391618703e-05
2.929579036138323e-05,0.0002147460381557889
-3.617011953423833e-05,-0.0009064142303322972
3.2362839868075856e-05,1.5796442858895222e-05
0.0001398272199995931,4.9373410912084296e-05
-7.971374231292866e-05,-0.000714262214997097
3.880012508830481e-05,-0.0003944288898280517
0.0001406072482439494,0.00033232697848578597
1.798100468844774e-05,-0.000528697907188128
1.5009624753322174e-07,-0.0005871954683548583
3.292579843460028e-05,-0.0005478801589200177
5.4191726514489665e-05,-0.0005434868258309999
0.0001614203608951017,-0.00028978176769988405
2.337534130624058e-05,-0.0008181494955653377
-1.663057273609345e-05,-0.0006608696895311524
-2.5120047029536627e-06,-0.0004237710134198452
2.0178445499511883e-05,-4.870120202695073e-05
8.790104000414069e-05,-0.0006247042852768579
2.781785359056742e-05,0.00020866177938529517
3.415132323163562e-05,0.00013816596280647175
4.5188856633509124e-05,-0.0009805230193233945
0.00013498841009728288,0.00023181005315418263
3.2850836000352995e-05,0.00012474346788957053
1.6309971065492363e-05,-0.0004456580719681439
0.00013526013730258353,-2.646399361632139e-05
6.655633395161097e-05,-0.000247723496276921
0.00012017433667635518,0.0003837558305980126
0.00010844105866504334,-3.80324599259112e-05
0.0001608041155322681,-0.0004181065368292333
5.9688722861798985e-05,0.0009717782771105926
-2.5644200155300903e-05,-0.0004996537167397168
8.172509201891334e-05,-0.0004647548221812187
0.00012475934523235432,0.00017469706932115537
3.176172302357997e-05,-4.452703607415182e-05
-1.033782255479448e-05,-0.0004286812261469364
6.531860298890477e-05,-0.0002007007878517881
6.051606694673635e-05,-9.698603894782668e-05
7.42200335883804e-05,-0.0006301502602231768
7.520249122880534e-05,-0.0007278706827568326
-3.07576176613885e-05,-0.0008667164418970769
5.147735265131189e-05,0.0002329676486344774
4.474378547474051e-05,-0.00013182920913461696
-3.25651438715773e-05,-0.0001786006861898864
0.00011472338739850285,-0.0010005297570665104
7.144934800010368e-05,-0.00034941763076977157
-5.373526033080058e-05,-0.0008140380094247186
3.9776719021279494e-05,-0.0002666215727736699
0.00020119071474949008,-0.000171578859895285
1.9640579145209784e-05,-0.0006725214037485175
-1.387899169664271e-05,-0.0008116914007943363
4.969577053465761e-06,-0.0006064220825564217
-9.588367359631894e-05,-0.00044579706281494286
8.291011004657014e-05,0.0001124376185920331
8.086606389161942e-05,-0.0002462546151117581
3.600288365452576e-05,-5.866950086933783e-05
0.00019318624588962924,-0.0005690796309927406
-1.9101199146454988e-05,-0.0002948602185525271
7.778240550972243e-05,-0.0004194483551155098
0.00012095752601895587,0.00032686482071082667
-9.73210793864959e-06,-0.0003214515923230728
0.00012315193390631022,0.0003366857684273585
4.1465145776349376e-05,0.00035793458720977936
2.7323518161095922e-05,-0.0014171910674204405
6.167268869816588e-05,0.00026012347108263115
4.9018633336904226e-05,0.00031006114324433386
0.00014826768103037513,-5.9779672680786194e-05
-2.257511548505814e-06,-0.0003208459951119443
8.268198889363406e-05,-0.0008153263555460209
7.872682282628297e-05,-0.0001223549093235336
6.362917071975566e-05,-0.0006226066146645978
5.8396130160094143e-05,-0.0002478906079742522
0.00014812957457981894,0.00015132746443637178
-4.3496933593382606e-05,-0.0009430876827013427
9.93772996209238e-05,-2.1866194530885145e-05
7.221051744519462e-05,-0.0004862685689793874
0.0001753220344551829,8.129057727364637e-05
3.316289345693297e-05,0.0002483019225693777
0.00012539852763911765,2.1773573197427155e-05
8.584623803594454e-05,-0.0003677373069728429
-3.7376634912209304e-05,-0.000547972507430584
6.916840411266148e-05,-2.910358127235498e-05
6.924060005380312e-05,0.0002798822351830863
0.00014775981444787418,-0.00026704490998354655
-1.9239027504273134e-05,-7.838412412197602e-06
0.00013522080939264034,0.000268129315228249
-5.917192832790593e-06,3.231099471736766e-05
-2.2859687640709584e-05,-0.0003175406221601082
5.577715857855447e-05,-0.0007381918827379931
4.638480843086402e-05,0.0004545062055354442
5.847356236205709e-05,-0.0008309530450137806
2.191716299065682e-06,-0.0007944067118378759
-8.705363374274098e-05,-0.0007659645950643015
9.46832219532301e-05,-0.0002503014445874176
1.5606392195329015e-05,-0.0005685851453402805
-4.68991100320577e-05,-0.001088360182978566
0.00014893733385343356,-0.00022594750058185106
8.271066982911367e-06,-0.0003099167941229862
0.00013675628518363157,0.00030041753975202756
-5.1413303913851595e-06,-0.0007504917788143418
0.00010370005847856207,-0.00015674301394611752
7.075702214950668e-05,0.00014533910964257163
8.689157605622978e-05,-0.00019635405248117054
8.774258020565948e-05,4.773254999522231e-05
-2.907549144482677e-05,-0.0002379377727968604
-9.435845748401075e-07,-0.0006961812765309369
5.808952240818376e-05,-0.0002549294057789349
0.00020386366582867457,-3.2706305164843585e-05
-2.5812658189874188e-05,-0.0006445347654382664
2.6312701546557868e-05,-0.00081738283325657
1.4710079583855592e-05,-0.0004396834709329188
-9.10768790912212e-05,-0.0007851814108053361
-3.923234583647013e-05,-0.0012130841081325965
2.2424162152452206e-05,-2.316243698839994e-05
0.00015338957756261506,-2.3977680520487297e-06
-5.348764161861304e-05,-0.0007734450540096304
0.00010076703465391749,-0.0003351144245978848
4.127999422612181e-05,-0.0008088108854931416
0.0001594926467058543,-0.0010784677887146507
3.873708028643969e-05,-3.0130935982174454e-05
2.5361868994876007e-05,0.00012634410871886423
0.00011898497961422889,-0.0005694803386983209
5.918649095234551e-05,0.00017212917769635308
5.336389192114351e-05,-0.0006200653060541985
6.523630247112384e-06,-0.0001838745956178085
4.4102044159437885e-05,-0.0001959360256327079
-8.147946764620819e-06,0.00011551827976893418
7.677160052464813e-07,-0.0006674468813287311
1.9985638952008605e-05,-0.000641154858515033
8.431962913500314e-05,-0.0006907118717287031
4.675239926402583e-05,-0.000394042150749361
-5.340052123148156e-05,-0.00038948440957854973
-4.4667110235163524e-05,-0.0003077425707244285
-2.274191232316491e-05,9.372137813170931e-05
-5.168563008165061e-05,-0.00044800750437976565
7.237988762405183e-05,-7.055652216741783e-05
0.0001216248570786768,-9.133180744798683e-05
3.990699993841032e-05,-0.0008722386279037175
4.375186320875352e-06,-0.0001332203541511417
9.378068254494511e-05,-0.0009394439493760262
-2.883642393893259e-05,-0.00042740533133630795
1.577674441216988e-05,-0.0005093877852690332
-1.2173754904627152e-05,0.00016888941594336696
-4.7113639939349715e-06,-0.00024326711106733564
-9.636260309001799e-06,-0.0009996746575141571
8.359938942362216e-05,-0.0002879127320244115
2.1478192721949903e-05,-0.00024116031118845538
1.500937555249911e-05,-0.0009121001424950587
7.791311696791066e-05,7.751081940281453e-05
0.00011974982416150126,9.68490937013393e-05
5.302134600832146e-05,-0.0006875825171164711
4.829794051406034e-05,0.00018624256218308961
3.766812030829679e-05,6.872962226518899e-05
-2.329853249237744e-05,-0.0006700231867373199
-7.386131289622726e-05,-0.0008215678753370198
0.00012181699011646138,-0.00032333570029127967
9.861672460181664e-05,0.0001902779854735928
5.0315811130398954e-05,-0.0008972336719965268
0.0001278242301378736,-0.0001256221799289036
0.00012311606390492553,-0.0003913219465038525
1.4422835851286573e-05,-0.00043965576786043925
9.786680695091275e-05,-0.00034135513005395876
6.902558107213465e-05,-0.000492158787095889
-6.4140481425940745e-06,-0.00020754889779236435
0.00017632923504908862,-7.403623057423373e-06
7.733224765236328e-05,0.00012814566129070929
5.991778215102991e-05,-0.0006350427266920421
3.411379725940501e-05,1.9273778555338095e-05
1.0242615647269995e-06,-0.0002918456624539557
1.608931731760874e-05,-0.0010843325978285548
4.839909409153816e-05,-0.0002936100205349802
8.786530563677832e-05,-0.00016036123898173862
0.000151318398061076,-0.00040339897118680406
2.0598190058977747e-05,-0.0001318065153987881
-2.9053318211212827e-05,-0.00048525243406613377
0.00010038226271986213,-0.0002404691670096781
1.3457468356869594e-05,-0.00018737483789580187
8.876616072647515e-05,-0.0002932140908178121
-5.4563952704002425e-05,-0.00031967740860626816
-9.648367722017221e-05,-0.00019130814133739204
5.0321310631943665e-05,3.1032625023063684e-05
4.666379964804885e-05,-0.0006997753484388659
-4.1938373292407636e-05,0.00010064227615646008
-4.8109915233984204e-05,-0.000612670729822731
-3.611419432306121e-05,-0.00013169856306345193
0.00016520024359911994,-0.0002629079444961878
3.312026897162932e-05,-0.0007281793908286485
7.533539449926114e-05,-0.0008698988105727391
0.00011299841730479733,4.694922059141326e-05
0.00010522295947735665,-0.00015706119822099225
-0.00012008007614061058,-0.0004889613437869802
-2.1551577495252435e-05,-0.00030262288537931674
2.905310278748002e-05,-0.0003259109320022396
1.5207259792921596e-05,-0.0005035050289468708
0.00011740684642953656,-0.0010356252359709154
4.207828247511342e-06,-0.0007568832481851758
7.507279077493889e-05,-0.0008638662040433244
4.1222764016622394e-05,-0.0003891889832456082
-7.816286911862877e-05,-0.0008855068374787821
8.241181391764786e-06,0.00013970550308080697
4.516607311760368e-05,-0.0005688120157065744
-4.0518962100863625e-05,-0.0011003322902469381
-4.3513106132024625e-05,-0.0004261072753811682
-0.00012500955005382463,-0.0009130223499565462
2.627194721995863e-05,-0.0008401681114776472
1.7103920054823156e-05,-0.00043086012329683924
0.00015373952535374904,-0.0002069735771169038
6.740546918060722e-05,-0.00017351567885036552
7.753381306624057e-05,1.243574401153043e-05
0.0001229563679383221,-0.0008014355587344738
-2.989551716681382e-05,-0.0003917457333073572
4.983145914709646e-05,8.435313862379788e-05
5.085731468987506e-05,-0.00010110985113392806
8.713625708516636e-05,-0.0008315500746106823
0.00019600525165803555,0.00026917352217324425
8.85740017843616e-05,-0.0012372405075819033
-5.944745920171088e-05,-0.0007084290410562203
1.1473551556306802e-05,8.782515704684926e-05
5.670298440942141e-05,-0.00039925951266893097
9.660635517538357e-05,0.00013538872603277994
6.844470226967065e-05,-0.00014762979113681348
6.660996070647829e-05,-0.000802976122664506
5.326833937707254e-05,-0.00026936335426709125
-4.792407123171879e-05,-0.0005430271480995711
-4.643163222565973e-06,-0.0009827048874550836
8.761440684128694e-05,-7.842025184509382e-06
-6.265975364162113e-06,-0.0003870403978691655
1.6989394602322548e-05,-0.0007132960701646974
8.690644998737634e-06,-0.0008749817258281834
-4.9465002838892155e-06,-0.0010234819053830811
8.667912214093911e-05,-8.074005668273209e-05
1.217936708971978e-05,-0.0005286307597892385
8.684560082022543e-05,0.0003427209759332556
7.103079339905246e-05,-0.00031793998947310495
3.7086881951328704e-05,-0.0001250287772919417
0.00010138244614581591,-0.00038488236973398303
-0.00021298191112098072,-0.0010412569948286602
8.055056426644949e-05,-0.0007863709857670053
8.574476136677465e-06,-0.0004331561306656407
0.00017164020294568186,-0.0004541114101627324
-8.66682677497288e-06,-0.0002121537284366641
-2.8456541228535242e-05,-0.0006001591828410894
-8.148463023636129e-05,-0.0003814266226226519
9.879414279379673e-06,-0.00048079015232206103
1.5955633426226895e-05,-0.0007723603202065329
-3.0695258955942074e-05,-0.0008593611813470399
5.868899003373391e-06,-0.00043867608948633115
0.00011100222920647682,-0.0009893055186508675
3.991406269772326e-05,-0.0008239954949093239
8.81525473879789e-05,-0.0001827393354528363
-1.18122923852744e-05,-7.000196093157504e-05
6.53934182568474e-05,0.00026135992314190316
-1.6337026646307885e-05,-0.0006276178150949845
0.00018152363794899891,-4.7112108739001804e-05
0.00010873099433941988,0.00011523554613965965
0.00016619132710881459,-0.00042835679718689523
-3.855678004637736e-05,-0.0005437871973782687
1.1675888972740336e-05,-0.000528060911098067
3.523647509029508e-05,-0.0005693997128465213
9.880365238897079e-05,-0.00027057695061590193
-1.0985983235850056e-05,-0.0002121097832995178
-2.2269249550620687e-05,-0.0006995915931797746
1.2657845166997732e-05,-0.000325990862726825
5.608653806119565e-05,0.0003227696581961663
1.0955619083045888e-05,-7.166938885485311e-05
5.347498001376911e-05,-0.0008581464614602774
0.0002232410176055031,0.0005373388451079161
6.333892084661372e-06,-0.0004789894302535125
2.7360356099557538e-05,-0.0008169782044148926
-6.339498148512303e-06,-0.0005982393362509035
-7.115946738187233e-05,-0.00043683323059485985
0.00016387782445155704,-0.0006480763979158574
9.972273477440311e-05,-0.00014613096068636334
0.00011111640749521557,0.0005212429007952817
3.373178780897236e-05,-2.6411250036383378e-05
3.5639002065820946e-06,-0.0005107469998228815
5.040064945586531e-05,-0.0006381800923898328
6.64035497137445e-05,-0.0003377961159332918
4.257889655013224e-05,-0.0004474506229956065
1.9524974963078774e-05,-9.435313671000662e-05
1.6184703774058758e-05,-0.00044200192540458713
3.9558801973566796e-05,-0.0010434352321509626
7.562003130434194e-05,-0.0009490175495739673
8.065058849403807e-05,-0.0009849257575399038
3.378513543731798e-05,-0.0009551632101549488
1.1108549407480491e-05,-0.0009269273900590221
9.856070318167758e-05,0.0003004667486582995
-4.488702798283081e-05,-0.001299516362146166
2.5718434352534043e-05,-0.0005384315437331505
8.353020318993106e-05,-0.00018986584464980756
4.595763036434814e-05,-0.0002830051463372228
-0.0001318635872591501,-0.0007382693342733736
-6.08061469277962e-05,-0.00016187390079481834
8.65269178836189e-05,-0.00012243788083255477
9.354085382724713e-05,-1.600159212518913e-07
-4.5753330313451335e-05,-0.00029238070367778625
4.4692327918027054e-05,-0.001041825450168656
-3.333338368428359e-05,-0.0007187615408889023
2.0254748357991718e-05,-0.0003791872298954304
0.00016063323807803678,0.0004915793632779208
0.0001222377315944863,-2.573097446381765e-07
0.0001240067921054621,-0.0004325479289440545
4.549758687668928e-05,-0.000986712074083458
-2.518567511962204e-05,-0.0009334476192896347
-2.1150985430015202e-07,-0.0004712691146494886
7.43887884484972e-05,-0.00035333550659039786
-1.386074875530253e-05,-0.0003818862768834452
0.0001498393073736229,0.0004825031833182101
0.00011877861603122895,-0.0008547705827945703
5.181340292728144e-05,-0.00027164929632553605
-9.34891865315514e-06,-0.0006485934543609812
5.2077262142463155e-05,-0.0002195518863665558
3.403546580320373e-05,-3.9426533136898735e-08
4.671160134701272e-06,-0.0005674833725201967
-3.804191785841332e-05,-0.0008130712127037953
3.963048263978073e-05,-0.00045562566272384794
0.0001146190905446827,-0.00019153677100838733
-1.79021803531032e-05,-0.0006002438988898663
0.00010576935226136848,-0.0003298051326641537
8.275727161665951e-05,0.0005460599681189017
4.4512670326014365e-05,-0.0008646814111350736
1.326798509748074e-05,-0.0005418138007857447
8.147949085844684e-05,3.88722325670212e-05
0.0001242254141470134,2.75792797190005e-05
2.0095827789455827e-05,-0.00025987292243877106
-2.430722535082727e-05,-0.0004284495140691977
4.365495249265093e-05,-0.00011729645584956309
-5.999604527794219e-06,-0.0005474770316558528
-5.515805695490095e-05,-0.0008549989216856035
2.2751651342276826e-05,-1.594844273638182e-06
-1.6463602148934184e-05,-0.00048653985271346285
0.00015340009632397407,-0.0007152312826869295
5.398960946527255e-05,-0.0006129292836895644
6.422483293319758e-05,-9.831626321816594e-05
0.00010018123185931832,-0.00015838999354399265
6.767107217485441e-05,-5.9919805813903173e-05
6.674352539447567e-05,-0.0008820174162552122
3.223812272329314e-05,-0.00025404094361561596
-4.060341385100989e-05,-5.970549395852325e-05
3.201338819171809e-05,-0.0012366789653937172
5.0161462673579146e-05,-0.0005571299626465648
-8.930585838247762e-05,-0.0003226956036142577
2.383932751863854e-05,-0.0005588642351257175
-3.962954737697481e-05,-0.00032488604103288654
-2.2908135513611053e-06,-0.0007133906718156835
0.00020449693492999201,2.0132687586973513e-05
-5.489506524492801e-06,-0.0007099526086481369
0.00011062213679121881,-0.0005281710607152844
6.503363525961576e-05,-0.00040406842517733236
4.2703128609161163e-05,-8.348887205385859e-05
-5.622999698276805e-06,-0.00046738995727756345
5.247418766144884e-05,-9.689630823213142e-05
2.094395954749645e-05,1.28399208035276e-05
0.00021836104368738263,-0.00041576458981726003
8.944715462375956e-05,-7.62940552371365e-05
3.164568291998902e-05,-0.00024129946846945352
5.511918743175687e-05,-0.0004317549504424652
5.781396848986244e-05,-0.00021915467542731417
0.00013983553493998604,7.907333453837102e-05
3.216781863752259e-05,-0.00020477603990468697
0.0002874372109349177,4.424400780078387e-05
0.0001489699457221637,-0.0003864584519288289
0.00013465365604581447,-0.0005006029263223168
6.376643760898929e-05,-0.0003456148618971247
8.166639503479993e-05,0.00036296201145210455
-4.581719281430261e-05,-0.0006851521466901172
2.0595579576091372e-05,-0.0011120943656012586
9.080293626930448e-05,-0.0007448640579604085
9.330497872651764e-05,0.00014653089552508396
2.3258395217018752e-05,9.519073007215523e-06
-4.6831777302412404e-05,-0.0003808810797276841
-4.151292173874241e-06,-1.535597150547999e-05
3.47984287784062e-05,-0.0004319897132337987
0.00010807095003584554,-0.0004049479235031714
-2.6952855269961117e-05,-0.00015237431290176877
7.799474616488014e-05,-0.0010025968125151514
7.38012467448954e-05,-0.0006203633132665597
-3.57403803466843e-05,-0.0006661609439975548
9.51247230936077e-06,-0.00039226227491625577
8.153602326219935e-06,2.876469516254363e-05
0.00019840691180828392,-0.0006174666537003776
-1.115985337094889e-05,-0.0008313740427397376
8.455173071443325e-05,9.208317495465961e-05
0.00012683789058077187,-0.00021707737963494962
5.0637055586088626e-05,-0.00045719067876077605
0.00013651812089081325,-0.00041188749659281667
4.7726216118881414e-05,-0.0005657637675957216
-4.466246451599869e-05,-0.00038091856952490386
9.200965246260674e-05,-4.1575568355815625e-05
0.00015105036806200574,0.0005543564705695352
4.456417557088032e-05,-0.00036491864047268996
8.137553091563066e-05,-0.00032927107571279726
-4.0335737074773055e-05,-0.0006625675797781631
-3.720376788446888e-05,-0.00029406172619839106
2.050703337905737e-05,-0.0001295085969870081
0.0001131002327637169,-0.00025093546494577403
-6.272939937191559e-05,-0.0007656471958051265
-1.1198379129958626e-05,-0.0002283437270852186
0.0001676449014868705,0.0005561804076559695
8.886041926043416e-06,-0.0004639389461433661
2.2308294051616922e-05,-0.001210314137283879
3.632509477180214e-05,-0.0002905209349195135
7.285197529943122e-05,-0.0004120728347214587
3.706012362142957e-05,-0.0002423919076967729
9.820798898510196e-05,-0.0008217744509991087
0.00013775618330769045,-0.0003988663827037717
-4.2887660641931376e-05,-0.000528072067290172
1.4167660665710495e-05,9.512648485087438e-05
3.737706688636497e-05,-0.00039441371235715875
7.083592460281607e-05,-0.0007895973827058172
-1.77590243749187e-05,-0.00024842595419063827
8.43624262061023e-05,-0.0007795316461380319
0.00019092444356591344,-3.881626665948483e-05
-1.1391535911586565e-05,-0.0002989365733761636
-0.00012173231086383476,-0.0002718113159486162
9.661694010284789e-06,-0.00037629592714751774
-6.251110780373649e-06,-0.00010279824944556845
7.863291141067084e-05,-0.00017142126964128635
9.567440641914447e-05,-4.168337008617065e-05
-1.4625854721593052e-05,-0.0008216134153059731
2.837623930308428e-05,-0.0001088153341415501
0.00018233186106619866,-8.283181591159041e-05
9.561019834429763e-05,0.00010065185269804251
6.188105478562397e-05,-4.436325149816448e-05
-0.00013426189678112632,-0.000836442424731274
5.408203591273367e-05,-0.00091910468996895
3.847462579679711e-05,2.7914911316427043e-05
0.00011024627099581863,0.0001631251939489889
-5.2420390155590415e-06,-0.00015205289701498542
0.00010965433689141864,0.0002300122941898154
0.00019753042672277435,0.0005899491258728809
0.00010331082571253959,-0.00030453652575188376
3.5249080526442e-05,-0.00011557654181262468
0.00010029129297055934,-2.4343529798133336e-05
0.000228164577628651,-0.00031444725706763436
0.0001236593934010834,-0.00020869195813239439
5.610655081764401e-05,-0.0002483722347663699
8.45102069977282e-06,-0.00022969151152819564
6.341468550562419e-05,-6.957862685715304e-05
-0.00011835153124154391,-0.0011021167771639482
6.176156238217029e-05,-0.00010653270633190664
1.921391379525574e-05,5.49730451971581e-05
-7.614745523793758e-05,-0.0009950858091139127
0.0001393792974815132,0.000311242152703583
0.0001300126756673449,5.386069304192702e-05
0.00014148808386550525,-0.00034786776051272145
7.082866445532531e-05,-8.721457575136628e-05
8.328404276600882e-05,3.503586519332679e-05
-8.20010526731922e-05,-3.440977213039359e-05
-7.294113863194856e-05,-0.0004875036377843864
5.719966418937057e-05,-0.0006752357003340136
0.0001157627710828063,0.00015851129714760566
5.634332669213866e-06,-0.0007558414156679481
-3.972058969507598e-05,-0.00031466700011363884
0.00012635538089803648,0.00022495820489104763
6.2307672215478e-05,-0.0005601123520407171
0.00010244125177167182,5.3137246952375246e-05
-5.4664149960769636e-05,-0.00047790435679388846
0.00014787810591249643,-0.00018012019599362026
0.00011085020311008207,-0.0008261710724209179
5.592341354191462e-05,-0.000169429637192115
6.63614946979622e-05,0.00026223903863929553
0.00011024841741654387,-0.0002991890185937596
-7.703405358811598e-05,-0.000846046635578101
5.095292980420823e-05,-0.0003206298467222763
1.2938138474095136e-05,-0.00017405245069164566
3.286524486418213e-05,0.0003061780382263363
2.736351911736993e-05,-0.00016350735436257137
4.027481859945539e-05,-0.0006784862957366877
0.00012367458386172204,0.0002097516392790507
-1.763841548860695e-05,-0.0005293954611020421
5.1522737306831094e-05,0.0001948294039637474
-2.7380360441755407e-05,-0.0008234181748938323
9.677925280540838e-05,-0.00046580805081853776
-0.00011200369915793319,-0.00048792246139416485
0.00010740475864004363,-5.7620799454292135e-05
9.112844550834777e-05,-0.0009649833101679618
0.00016030431553831965,-0.0001409351357337021
0.00010553602568312114,1.757320330589526e-05
0.00015930418000098081,-0.0010784364281586443
7.975004157555513e-05,-0.00040075187255932435
6.487711587913465e-06,-0.0006385070025236832
1.3820711775966671e-05,-0.0007664698821122031
7.322974712546917e-05,-8.674070216269965e-05
-3.277296287460197e-05,-0.0012142767939790316
0.00013335578620097798,-0.0004939166682089486
6.315069880737808e-05,-0.000400400028252154
0.00011613641334079126,0.00025423027623883913
4.227042076173452e-05,-0.0008922260575061732
9.545910960715706e-05,6.870578559075831e-06
0.0001395895443091271,8.658460828903668e-05
-0.0001539160228033542,-0.0010191894128492324
6.586148257958758e-05,-0.00026053565311804944
5.429250293838934e-05,-0.0008935086589264719
4.6803754045196446e-05,-0.00013326617574928692
5.0216823675106075e-05,-0.0005225651101435091
-1.9511019144519273e-05,-0.0006039061664307894
0.0001300039141455841,-0.0003883882349126402
8.954579293458897e-05,0.00011706451818366624
-6.907637429592886e-05,-0.00020268984816121543
8.696201696835014e-05,5.9599982986093615e-05
-4.584588612605069e-05,-0.0005092065585509302
4.880343327512635e-05,-0.00017701170550611786
9.623968709807518e-06,-0.000367156114990207
1.1194362573699649e-05,-0.0007590493095852692
4.425612846255012e-05,-0.00023621014683557288
5.336468474586515e-05,-0.000168314933718401
-4.5552722149639756e-05,-0.0007830754024877524
-4.355614635178002e-05,-5.883580971622758e-05
6.820787530029572e-05,-0.00023035599910487916
0.00012419929482629136,-0.00036992671160996737
8.173969542673838e-06,-0.0014039051269588649
8.48852615125266e-05,0.0003401417386084453
6.680124793412756e-05,-0.0005386044078506329
0.00014978645341372787,-0.0003371314813741356
-1.4055377080094525e-05,-8.266526258139975e-05
0.00010313763833808663,-0.0004980737407044685
3.7706188931587234e-05,-0.0004799077787856112
0.00012965050229256806,0.00022707341782798182
7.232696826041604e-05,-5.624675477952694e-05
0.0001227994089644755,-7.514044641631205e-05
-6.517787837469102e-05,-0.0011848094402918832
-5.029862681708752e-05,-0.0009038114537205549
9.736309171870278e-06,-1.7095812456510473e-05
0.00013256913828030173,-8.121587554424937e-05
-3.7241371558804616e-05,-0.0005191957983343226
8.307019303667007e-05,-0.0001352004877918793
3.5495112504092927e-06,-0.0006652966501314827
0.00014747317372939718,0.0005738968117304305
6.340734794070707e-05,0.0003739923967697881
8.035986709026348e-05,-0.00021463846633627094
-4.050218027866831e-05,-0.00025843482710153796
-0.00010585433747455436,-0.001182795795349083
1.571572134328062e-05,-0.0005400873056741596
0.00010431557025889296,0.00012389166764517452
7.276176622175617e-05,-0.0003167077349304853
-9.35421130584296e-06,-0.0010257740609510256
4.86687248134531e-05,-0.0004181039415745661
0.00013070695965805766,-0.0005653201135682026
5.410234122121664e-06,-0.000569075928468674
5.019400050658131e-05,-0.00013519440555096428
3.491672300168859e-05,-3.0458435745901058e-05
8.30816573534077e-05,2.0934918774353757e-05
5.763625470871263e-05,-0.0003969386670164034
9.481987493444922e-05,-0.00020599799738525067
0.00011090427444694878,-0.00037175972732768814
0.00015910270642285467,0.00014521161586923708
7.995792735598689e-05,0.0005986972606563514
6.893436631413689e-05,-7.559114068023088e-05
0.00012562594765870583,-0.00018389155999286663
-0.0001205952309012808,-0.0006951790720962432
-2.0711284721229014e-05,-0.0005514324855444584
9.111014950765575e-05,-0.00021971848549370813
4.2719974625225694e-05,-0.00033972727622957004
0.00010584907556343367,0.00011471878596530842
-4.221834006298139e-05,0.0001368929864122021
-3.1732731486469026e-05,-0.00034270720953203217
0.00012050694581386924,0.00020389994737738282
0.00017334488028379526,6.120197102390588e-05
9.876847397943337e-05,-0.0003292191803113111
3.6704818967840626e-05,6.296827973475505e-05
1.1584885496905608e-05,4.2377911102063604e-05
0.00013907272772921935,-0.00013431174179019944
4.518428277164126e-06,-0.0007937744834501561
5.41554765239607e-05,-0.00010861483141755373
2.056370461268875e-05,-8.370426267030702e-05
4.04594695869057e-05,-0.0003259243564521757
4.4889711753688454e-05,-0.00023212361751220412
2.2133374654725158e-05,-0.000224451805074439
-1.013243353248597e-05,-0.00048095704275124483
0.0001227038893104391,-0.0006499101886986201
5.66788943761356e-05,-0.000540976694326933
7.186849368361327e-05,0.0002352328946353923
0.00011626121352851783,0.00022687319420465978
0.0001575621083573424,0.0001653684925070407
9.54728461422803e-05,0.0001002790036620054
4.42969099315495e-05,-0.0005591578415405775
8.547835732249817e-05,-0.0008790959584731135
-4.2267811451491064e-05,8.147515578492634e-05
8.158282993448059e-05,-0.0006661604877593025
-7.471181883061766e-05,-0.000883932747930472
0.00018760904032307605,-2.5264581593941647e-05
0.000135626203658257,0.00019049617639530305
7.503129869045459e-05,-0.0008114443927739597
-4.877029281831347e-05,-0.001156179648990898
5.551408896129837e-05,-0.00016337695293933702
4.5473673235859534e-05,-0.0005497189276158898
-2.0282802434891517e-05,-0.00037830670177053385
4.593471533387991e-05,9.870841400923963e-06
4.1982963384679735e-05,-6.588326671238721e-05
7.969145081330688e-05,-0.0003107813910674829
2.508694623759438e-05,-6.850440314884807e-05
0.00012473946362772192,-0.0005959385217316792
-3.3307924944664695e-05,-0.0001217289672618156
6.432408499040518e-05,0.00013830420946604516
0.00010731744369748373,-0.0006132034626854005
-4.499753254817132e-05,-0.0005604180976354319
5.3640656538545366e-05,7.81094361074871e-05
-0.00021180192290336065,-0.0007953292128648165
8.509123063991797e-05,-0.0003010570862320999
0.00014244180897765184,0.0005176267965018749
0.00014241440346143047,4.543234295508532e-06
6.857817163571909e-05,-0.0005368307456838267
9.060723039326857e-05,-2.8780071237915068e-05
-2.6452519582531402e-05,-0.0008303766443779502
-6.332886184279583e-05,-0.0004756782189179871
0.0001006650207554403,4.887296644820848e-05
2.3795530871270336e-05,-0.00016542382862448347
4.464694414191682e-05,-6.290018546143886e-05
1.8954262709639777e-05,2.3365863504751146e-05
-0.00011739316051431783,-0.0003871520947996099
7.119397211422235e-05,0.0002438215564033304
9.070435846039726e-05,-0.0003755152259124699
0.00016917116897189965,0.0007371204273105012
8.428872353401288e-05,-0.0002498813502101589
6.88067053441686e-05,0.00020477934873317186
2.169825857151829e-05,-0.0002624494051208276
-2.961054734155127e-05,-0.0006441295335719438
4.012306531566665e-06,-0.000984650107425719
2.5137146013770275e-05,0.00038175351697813974
5.852327103265253e-05,0.00036418027085084205
9.833293568998973e-05,0.0005334748604139319
9.654748597305745e-05,-0.00011291925527495933
4.9727536452005085e-05,-0.0005095255263761137
0.00013662379688774928,-0.0004034669807879991
2.9849032472059985e-05,-0.00046365632159100936
0.00019190750155023432,-0.0005448544086314854
-2.7841534155239185e-05,-0.00021451439471599463
4.845446242653144e-05,-0.0008481711429726947
8.902579158198519e-05,-0.00034945826847092494
2.7905465696595705e-05,-0.0006095717472361121
0.00023706301427404687,1.6554246514857793e-05
6.173646633687567e-05,-0.00016746038587672857
2.574481630915725e-05,-0.00030826354957255714
0.00011835431254678277,-0.0008300274662460597
6.838930079952613e-05,-0.0007300186486142118
-4.3975022385968186e-05,1.2317147758237053e-05
-6.882485542178499e-05,-0.00016850298145205933
-5.8601121713509283e-05,-0.0005131759233545076
0.0001329605354673353,-0.0010117284952791
5.2870648397309206e-05,4.760040320910897e-05
-6.905999786209241e-05,-0.0006486620308014546
8.528261022506072e-05,-0.0005386869171896732
3.25507528476152e-06,-0.00047419460051344663
3.74657445448369e-05,-6.892819247691809e-05
9.137334616742264e-06,-0.0007243465821012725
-5.079898686065104e-05,-0.0008927404926016179
-8.847478898953897e-05,-0.00033491546678438445
2.72621805842428e-05,0.00026235335202048546
0.00015758821705365961,0.0005981613327393588
8.304441921443358e-05,0.0003114571626266645
0.00020704888513036428,-0.0002613405735764512
2.378798977879367e-05,-0.0005635265947500657
0.0001002346514548453,-9.41368173967688e-05
2.6296606203060657e-05,-0.00040676881602643583
3.358490801288856e-05,-0.0004693772363069607
1.9653348216595976e-05,2.3090713555616908e-05
0.00019373171428948725,4.703529082995739e-05
0.0001422920521188923,-0.00044236774826341584
8.058393895051568e-05,-0.00035619528296127465
-8.45828814339081e-05,-0.0009593955709672199
3.553859425408172e-05,-0.0005388530273826309
2.168254246160653e-05,-0.0004761291455695726
2.4933203514642543e-05,-0.00015259418249108912
6.957979005784188e-05,-0.0005318524064741294
9.809942435775684e-05,-0.00036886922871998964
-1.269319672592927e-05,-0.000779599846039365
0.00011503242461173932,0.0003752929379231293
1.7227602213260463e-05,-0.0007675754104756328
7.514932300396618e-05,-0.0002566250881918918
9.081733300383629e-05,-0.000374940772120698
1.722242202852349e-05,-7.371961645005022e-06
0.00020940250774033404,0.0003782922647694034
5.1853849826040044e-05,-2.7488185564497706e-05
-9.519381284847338e-05,4.386423232404036e-05
-8.178051765262781e-05,-0.00046587501629303195
6.267801713708014e-05,-9.657840503220088e-05
0.00011393355029876296,-0.00013864483992504713
6.869873704437186e-05,7.796276058381918e-05
0.00011420757592409505,-0.000600843994257425
2.463249110798539e-05,-0.0003556324436550479
1.0870483161110333e-05,-0.0008937727801963916
-6.043226449726154e-06,-0.0005154364864722898
-2.770654827866361e-05,-0.0005184731742380672
7.248362489984306e-05,-0.00033976244456743144
6.349402764928327e-05,-0.0005217534505575158
7.771297389847883e-05,-0.0005242237972747405
8.506740069720941e-05,-0.0003737043000332929
7.2615217995792365e-06,-0.0002607571441235059
0.0002260563391039268,0.00028657816620689005
4.170358608503191e-05,-0.0008162645572153169
5.972212181723366e-06,-0.0003947180063714827
2.79657082631735e-05,-0.0003022599678815345
6.714207487893944e-05,-0.00013409108861847652
4.407653962785636e-05,-0.00022950254757205245
-4.7181712375214625e-05,-0.0013381761823756892
3.6448833295156334e-05,-0.0004661260447829331
0.00010165775952358894,0.00017706118082364748
-2.8862242408182092e-05,-0.0006881205041177237
-3.766812094975255e-05,-0.0011735328888699504
3.748210632123841e-05,-0.0006426821829771457
-0.0001462195094793479,-0.001126256391050098
6.150721953645823e-05,0.0005307609090496293
2.1975453322038604e-05,-0.0008698068598115128
2.928690248639183e-05,-0.0007344852710049312
4.938371190027003e-05,0.0005244011262840244
8.976208828559104e-06,-0.0005907870272578624
1.2384100267801463e-05,0.000258348897780455
0.0001860113174531799,0.0002534341828864889
7.05634564651054e-05,0.00010520755867101208
8.243205852811256e-05,0.00034945999543795005
0.0001276542303958106,-0.0005702509665460691
4.235427297018813e-05,-0.0010810827934461774
4.111617501861514e-05,-0.0012254368487484336
8.951592830456866e-05,0.00018492263264716866
0.00010897668018608768,-0.0007062818232863838
1.4567317140313222e-05,-8.725476462149518e-05
-1.609049583678064e-05,-0.0008370393545906764
8.469275211923044e-05,-0.00012108821578930067
9.710093653110123e-05,-0.00045479248111106763
0.0002223362068737048,-0.00018051497780862563
0.00013284770257226508,0.00044206478044078767
-7.205021494882875e-05,-0.0005382134893409267
2.788599755851849e-06,-0.000453497557053028
0.00012783883808059013,-0.00014100041810997642
-3.794990952167622e-05,-0.0009664909075784653
0.00017745010513427507,5.063936159438017e-05
1.1356021346775602e-05,-0.001276649905613326
4.782353712137139e-05,-0.00035582993123066127
5.107285778198779e-05,-0.0008000449229742168
3.526003756139091e-05,-0.001030917119681498
7.323437741911913e-05,-0.0004466420583277711
6.944020784298708e-05,-3.4072187846247693e-05
-1.875786851538919e-05,-0.00019960308274495037
5.504300946919193e-06,-0.000918249550422686
7.591400412205077e-05,0.00014863991185989355
3.647194450307617e-05,-0.0009738135975804988
8.464497448768821e-05,-0.0002803083306208258
8.522561425068674e-05,-0.00032121383478008044
0.00013199715527111895,-9.543126949419575e-05
4.287085027174567e-05,-0.0002881342913157467
-3.844300959976232e-06,-0.0006252318607729169
8.53316761996092e-05,-0.00028636944363024807
9.108870740714948e-05,0.00022461399119313622
-3.365835232860079e-05,-4.4108245778668365e-05
3.831016714987801e-05,-3.755113037571499e-05
-3.153373956057219e-05,-0.00038495486151427183
-2.7074740856338847e-05,-0.0008596785353178914
0.0001145780698717998,-0.0008974715189596075
0.00014602423780594044,-0.0010276645544410035
7.96462529899218e-05,-0.00030446768265586326
0.00012771863308573938,-8.435662599360841e-05
2.9325387758837756e-06,-0.0001807969693524037
0.00013594761421006983,-0.0002621881790032445
4.9260448573955513e-05,1.959307573555567e-05
1.881374953314029e-05,-0.0005050233878569984
0.00014145077412404158,0.0004162910777832712
5.593806900318471e-05,0.00023445441753985744
5.909318395449202e-05,0.00023792602643436334
5.41212421216998e-05,-0.0004251830756310199
-6.664849891907233e-05,-0.0007052729817948731
4.6828598924586825e-05,-0.0006647416011032563
-2.8781950966263385e-05,-0.0005719457215179082
-4.7418172685375086e-05,-0.0006981931297297894
1.128498014995219e-05,-0.0005289627263203705
1.2514363881074722e-06,-0.0003885222573832992
6.632608349804356e-06,-0.0004950527367789427
0.00011364568402900125,-0.000504589202239286
0.00014956133459534794,-0.000333747329727784
-1.702372770571458e-05,-0.0006871856667266757
-6.4040990327731675e-06,-0.000969276258590065
0.00014205544607774878,0.0001992614432560357
9.130028642748362e-05,-0.00045379561807513854
7.08741123170426e-05,-0.000265971371635366
-1.1395880375146219e-05,-0.00046289703225231295
7.762186466945872e-05,0.00018124117619543786
5.07767571697705e-05,-0.0006069698692908603
0.00010416892419384734,-0.0006316334723064139
4.5800890546714255e-05,-0.0006050916551887454
8.69969601427842e-05,-0.00018932854342303642
-9.414169348875064e-05,-0.001190404421204786
5.68578657749341e-05,6.205178097869189e-05
-1.68498039518669e-05,-0.0007769808817378706
9.258945683707714e-05,0.00030093956774552286
5.747667068386854e-05,-0.0003482066315598194
-4.6979840395599816e-05,-0.0002461236510361797
1.486116942085696e-05,-0.00020615797788767893
0.0001319931561122677,-0.0005158164122156166
7.288330472032009e-05,-0.0003157213575606249
5.902516132463457e-05,-0.00024834379280072756
-1.389120314530332e-05,-6.894096617482659e-05
6.886513064595804e-05,9.23080234556423e-05
7.518826537238573e-06,-0.0004515745773617121
-6.257273132763129e-05,-0.0010399209861223736
0.00015768174503790088,-0.00034196399032402627
7.260002235331477e-05,0.0006752108845034495
5.203511541212449e-06,-0.00010494695295279439
-3.73394504772625e-05,-0.000410384853528025
0.00011705676808879276,0.0005184183203859989
9.661513312560671e-05,-5.591620084038569e-05
1.9662622871345257e-05,-0.00014555189684427457
4.34534023573949e-05,-0.0012578395593665689
-3.1673840349157577e-05,-0.0004927926404816529
-4.4165166293071796e-05,-0.0002707268368822084
-4.6554604737266355e-05,-0.00022487124850371145
0.00012957009422485597,0.0003656501495375659
-6.12101338352973e-05,-0.0008298983108507936
4.493527291978054e-05,-6.692387316624362e-05
-1.1217269410985665e-05,-0.00018866777400074444
0.00010896692245693882,-0.0005803516446063543
9.619443893392655e-06,-0.00017624372999383003
-2.684168928164196e-05,-0.0010424945432006532
9.140432573137585e-05,-0.0005489340018520756
0.00012806562686637187,-7.265794519518764e-05
0.00010239335472972798,-0.0005488446881678768
2.8697240912184312e-05,-0.00025043119508154176
-8.832517328448362e-06,-0.00012668537939936015
0.00010609611908514783,7.737311205718676e-05
-1.734030509903438e-05,-0.000365079941314196
5.828242397909903e-06,-0.00027360467899183676
0.00014856875325184658,-0.00043654050290374005
0.00010730054673575916,-0.0005427858945444798
-7.318281238054096e-05,-0.0006825581470336011
1.2627979561500395e-05,-0.00023508402115650446
-6.075724093519789e-06,-0.0007369018716729529
-2.8429571634032517e-05,-0.00040886083732473476
0.00016584352439034358,0.0003937575255144691
-9.082248694388691e-05,-0.0007070200752037606
0.00012130583815485457,0.00010334665197697882
0.00010301384324746704,0.0003427556840814221
-6.694468540005338e-06,-0.0005026625710928664
9.838998038178663e-05,-0.00013119217644792135
9.50672350867345e-05,0.0005376850352252334
0.00017863526264736971,-7.763643394256186e-05
1.0934194427537818e-05,0.00019968174848961233
0.0001390446630602929,0.00019175634869853488
-7.0008436421866e-05,-0.0006953981400652171
4.037353996398752e-05,-0.00012336981383326127
2.910463188766433e-05,-0.00038867125892730683
7.328525381553546e-05,-0.0008756882088312151
-9.958829267276497e-05,-0.00010096319441324616
0.00010481614944296849,7.176702568454464e-05
0.00013350275544144702,-0.00012183648324881453
0.00014471890389669272,1.8114307431501842e-05
9.869412216848898e-05,-0.00024948839973124536
6.99222863029394e-05,-0.00016749289172479967
8.999386781902422e-05,-0.00011288113504024172
9.292267111394328e-05,-0.0004241721751928712
3.2964586231384554e-05,-6.60651581390667e-05
4.499795576672357e-05,-0.0005544148022884868
4.090702787795081e-05,-0.000494018238602347
8.511662023875856e-05,-0.0005162436909023492
2.118048975602611e-05,-0.00042813579412001926
3.867207599031144e-05,-0.0009096477409712871
1.4692077644772137e-05,-0.0005190953558578397
1.2276668785230404e-05,-0.0003787617377783329
5.382284666523648e-05,-0.00043037743269020736
-5.5069116678172655e-05,0.00028175409283651923
-2.5030646720805973e-05,-0.00029222650759363144
1.0050679158565162e-05,-0.00023430558996075551
0.00014181019512940937,-0.00013917316611791598
-1.782242494599649e-05,-0.000650989809196009
0.0001775505153639977,-0.00013280526979626294
-7.729670531900521e-05,-0.0006691264603683746
3.76922214269385e-05,-0.00048510687252883446
2.9387194919249193e-05,-0.0005586698193771516
-9.753366462790085e-06,0.0001036952069127194
2.841695556889755e-05,-0.0008346602330011809
0.00013450369114411938,-0.00035087496861596997
4.898481692659651e-05,-1.964459553304977e-05
0.00010349916855481906,0.000262386715711548
4.671423294850876e-05,-0.00015544319195530892
0.00010718924152307652,0.00036507363557568414
0.00016178842877475298,-0.0007812486258165856
2.5702328113157418e-05,0.00032317133803447777
-5.542248880440324e-05,-0.0006597880361625401
6.679853683574686e-06,-0.000520112501152335
9.023206096816648e-05,-0.000590335026160577
0.00013520190058679405,0.00044039128606441054
4.658581704799759e-05,-2.310559441911025e-05
5.730752973544527e-05,-0.0008894603927709281
9.67336134714164e-05,-0.0009600545229354853
0.00017021346471972871,9.89172117904334e-05
0.00027342380789482164,9.531107109824298e-05
5.5542934222391156e-05,-0.0007859662365247646
-3.841671631626484e-05,-0.0004316721082417331
1.2713898973971217e-05,0.00034020730711028255
8.590234635387018e-06,-0.00034068786196037547
5.1354197700029345e-06,-0.0009146379227276394
-2.9792604187416435e-05,-0.00041118549439463347
7.854300304782383e-05,-0.0007215439319121804
8.226011098145825e-06,-0.0010216940889336433
-5.776513582822897e-06,-0.0009867368828647032
4.377160804635877e-05,-5.836076936036673e-06
5.157480826615097e-05,2.357132770700469e-05
3.289851431066466e-05,-0.0005853308104132504
7.721941425472389e-05,-2.232305144316983e-05
-6.34438772890854e-05,-0.00016636916600911114
7.99787141517602e-05,7.801186555003876e-05
2.8177176211877228e-05,-0.0010019347105035114
4.4539005648698674e-05,-0.0007637957020842905
-5.5491913209690066e-05,-0.00033502865468978634
3.587128981823165e-05,-0.0001725605620089521
0.00020020089449904397,-0.0002195844227076809
-9.567233263053012e-05,-0.00026113563425730506
0.0002220237348120424,-0.0007330601622456369
0.00023686526790277579,0.00021354948639721962
4.861227439099502e-06,-0.0002840914755487798
2.513351795153365e-05,-0.00048076410027367625
3.077273835107273e-05,-0.0006555078495870338
-1.4501594248440781e-05,-0.00037381842550628184
0.00013024134521197656,-0.00022963023798394254
0.00012083693774838833,-0.0005571929801732266
-5.9851645196747625e-05,0.0001651531368831969
0.00014923039732936766,-7.93939578956646e-05
6.307438846097268e-05,-0.00025275112959830405
0.00011792569754931327,-0.0002652006883620302
3.307533610545372e-05,6.695158012791038e-05
-3.0617859545625846e-06,-0.0011141343810828434
6.90515679480585e-05,-0.0005468759607558534
0.00011681951904232654,0.00041653394386085814
4.091873288469518e-06,-0.0004224162317596678
4.494188516327718e-05,-0.00041222982727564974
0.00012923449998270773,-0.00012845603682456487
-7.833813274303763e-05,-0.00026410658434062434
0.00010837282736977989,-0.000355554885578709
8.910454112461791e-05,0.00015857928407650505
9.89187769118665e-05,-0.0009837049655745146
3.90923500958519e-06,-0.0006825548840618291
-1.733094356568362e-05,-0.0002983062940642444
9.443078572881676e-05,-0.00028292955572801484
-1.556240649137024e-05,-0.00010952748662125867
3.8633261789277533e-07,0.000256617417619215
3.6951881995826017e-05,-0.0006757171019984657
0.00012682632796476122,-0.0005642143817279501
-8.795343715541329e-05,-0.0007128290622092776
4.6862950189282006e-05,-0.00036814918151480787
5.0484558437228534e-05,-0.0009110241956522042
5.676218268085202e-05,-0.0002748001364433442
-8.17704187603019e-05,-0.0005309376386020402
5.1221710419930704e-05,-0.0002314842071353112
5.056597461954937e-05,-0.0003743939929389874
-8.666992039928337e-05,-0.00042172162655320126
-4.450793183790539e-06,-0.0003268765470886384
7.573592207689573e-05,0.00011379028296414633
9.349963678736273e-05,-4.522585562007162e-08
0.00011455846090629816,0.0003522334122266292
1.105709407458143e-05,-0.0007724883294477151
-3.880935215714183e-05,-0.00010410339891897701
-4.856394000003761e-05,-0.001132043729255344
6.22016043384378e-05,-0.0003829685858617669
7.7945508955124e-05,-0.0006868295027200441
9.148850688514356e-05,0.00020369333941682368
-1.7442338318251777e-05,-0.00048724840714682474
0.00010114003432226104,-0.0009984533847162919
4.940838420793226e-05,0.0004062051283124771
2.041606509416716e-05,2.868635003880357e-05
-5.536859346210726e-05,-0.001310362875794227
4.637522019614843e-05,-0.0008688919903826907
0.00010638150421698076,0.00014309450385175236
1.5918884594144536e-05,3.467403764648375e-05
5.150976724568808e-06,-0.0002805836851233167
8.594593675834696e-05,-0.00014653257243051634
7.519833182095717e-05,-0.0012622231844062867
-1.946226155482482e-06,-0.0004298448442195337
3.061133672981395e-05,-0.00027534487517249465
6.992657327580741e-05,-0.0001482751902442157
-1.0283023623184771e-05,-0.0004812649648312326
-5.1484120548191895e-05,-0.0005914883318305908
0.0001067808951565552,-0.0003958710315227485
8.674448410869162e-05,0.00011301327995792338
9.512694878785428e-05,0.00033202776165540675
0.00012606590459928024,7.616681066198162e-05
0.00010452050554051277,1.970882087201875e-06
0.00015973052826338626,-0.0003351246878195277
6.390774187753782e-05,-0.0005115364159144489
3.0102571456387233e-05,-0.001122528799000442
8.92008118291748e-05,-0.00020105012689239075
1.334162922450012e-05,-0.00017446292849470534
5.6136148053660294e-05,-4.439066114449324e-05
7.450183215993141e-05,0.00018360093302325102
2.307901165817417e-05,-0.00038571281511879166
6.597875497824115e-05,-0.00010305775491992418
8.719127474011434e-05,-1.5689514598568556e-05
1.1836145374296598e-05,-0.00014092848467011672
-7.929959873998783e-05,-0.0015078063121462444
-6.715970734408463e-05,-8.522141434111623e-05
0.0001097675000807182,3.245158319198279e-05
0.00010722075282954474,3.725691115118495e-05
4.375820649017428e-05,-3.543529713081308e-05
0.00011650246930717422,-0.0004927163769184203
-1.9073527917602766e-05,-0.00012082291184634697
-1.951363336447648e-05,-0.0003019098450882584
